"experiment","contrast","pathway","NES","padj","leadingEdge_symbols","leadingEdge_entrez","size"
"CRISPR","Het_vs_WT","HALLMARK_EPITHELIAL_MESENCHYMAL_TRANSITION",-1.74833696479467,0.00176309767104215,"Crlf1;Edil3;Igfbp4;Matn2;Pdgfrb;Pdlim4;Col1a2;Ecm1;Pmp22;Cthrc1;Igfbp3;Timp3;Gas1;Col6a2;Dab2;Col16a1;Col1a1;Col6a3;Sntb1;Lox;Cdh11;Cxcl12;Bgn;Emp3;Lgals1;Col3a1;Mgp;Col5a1;Sparc;Timp1;Fn1;Vcan;Slit3;Loxl1;Tpm2;Postn;Pcolce;Serpine2;Spp1;Wnt5a;Tgm2;Sgcb;Notch2;Pmepa1;Tpm1;Rgs4;Basp1;Vegfc;Col5a3;Fbn2;Fstl1;Gpx7;Col11a1;Col12a1;Itga2;Tgfbi;Ntm;Fbn1;Fuca1;Nnmt;Scg2;Tgfb1;Tnc;Fermt2","12931;13612;16010;17181;18596;30794;12843;13601;18858;68588;16009;21859;14451;12834;13132;107581;12842;12835;20649;16948;12552;20315;12111;13732;16852;12825;17313;12831;20692;21857;14268;13003;20564;16949;22004;50706;18542;20720;20750;22418;21817;24051;18129;65112;22003;19736;70350;22341;53867;14119;14314;67305;12814;12816;16398;21810;235106;14118;71665;18113;20254;21803;21923;218952",165
"CRISPR","Het_vs_WT","HALLMARK_XENOBIOTIC_METABOLISM",-1.54911689461085,0.0400884492451892,"Nqo1;Igfbp4;Abcd2;Cyp2j6;Aldh2;Adh7;Rap1gap;Tmbim6;Cyb5a;Jup;Atoh8;Csad;Gch1;Fetub;Por;Nmt1;Aco2;Smox;Blvrb;Sar1b;Tmem97;Ddah2;Slc35b1;Tpst1;Aox1;Mpp2;Marchf6;Bphl;Abhd6;Etfdh;Gss;Cyp2s1;Gclc;Xdh;Acox1;Pemt;Car2;Cat;Pmm1;Ndrg2;Alas1;Pdlim5;Angptl3","18104;16010;26874;13110;11669;11529;110351;110213;109672;16480;71093;246277;14528;59083;18984;18107;11429;228608;233016;66397;69071;51793;110172;22021;11761;50997;223455;68021;66082;66841;14854;74134;14629;22436;11430;18618;12349;12359;29858;29811;11655;56376;30924",131
"CRISPR","Het_vs_WT","HALLMARK_HYPOXIA",1.46137425554953,0.0431147291222528,"Adm;Large1;Ier3;Ccn1;Ero1a;Ampd3;Tpbg;Tpd52;Atf3;Pgf;Pam;Sdc3;Dusp1;Ak4;Stc1;Fosl2;Ccn2;Pdk1;Noct;Casp6;Maff;Gcnt2;Klf6;F3;Sap30;Mxi1;Irs2;Siah2;Xpnpep1;Cited2;Kif5a;Nfil3;Plac8;Isg20;Hk2;Pim1;Glrx;Hk1;Pgk1;Il6;Aldoa;Errfi1;Dtna;Stbd1;Slc2a1;Fam162a;Plaur","11535;16795;15937;16007;50527;11717;21983;21985;11910;18654;18484;20970;19252;11639;20855;14284;14219;228026;12457;12368;17133;14538;23849;14066;60406;17859;384783;20439;170750;17684;16572;18030;231507;57444;15277;18712;93692;15275;18655;16193;11674;74155;13527;52331;20525;70186;18793",168
"CRISPR","Het_vs_WT","HALLMARK_MITOTIC_SPINDLE",-1.47690653800388,0.0431147291222528,"Septin9;Synpo;Tubgcp6;Abr;Nedd9;Fgd4;Ccdc88a;Nf1;Rictor;Rapgef6;Arhgef3;Myo1e;Clip2;Myh9;Espl1;Cep131;Kntc1;Cdc42ep1;Sptbn1;Trio;Top2a;Tubd1;Tbcd;Pafah1b1;Cntrob;Mid1ip1;Shroom1;Cdc42ep4;Llgl1;Notch2;Wasf1;Marcks;Ndc80;Ssh2;Myh10;Dock4;Pcnt;Racgap1;Cdc27;Birc5;Ywhae;Arhgdia;Nin;Cdk5rap2;Csnk1d;Rfc1;Ophn1;Pdlim5;Epb41l2;Wasf2;Cep250;Pkd2;Cep192;Nusap1","53860;104027;328580;109934;18003;224014;108686;18015;78757;192786;71704;71602;269713;17886;105988;12009;208628;104445;20742;223435;21973;56427;108903;18472;216846;68041;71774;56699;16897;18129;83767;17118;67052;237860;77579;238130;18541;26934;217232;11799;22627;192662;18080;214444;104318;19687;94190;56376;13822;242687;16328;18764;70799;108907",194
"CRISPR","Het_vs_WT","HALLMARK_PROTEIN_SECRETION",1.53190574519813,0.0431147291222528,"Clcn3;M6pr;Snap23;Tpd52;Pam;Scamp1;Galc;Vps4b;Mapk1;Sod1;Ica1;Ap1g1;Ap2m1;Sgms1;Ap3s1;Vamp4;Dnm1l;Gbf1;Atp6v1h;Cog2;Stam;Rps6ka3;Yipf6;Adam10;Rab5a;Lamp2;Stx7;Tsg101","12725;17113;20619;21985;18484;107767;14420;20479;26413;20655;15893;11765;11773;208449;11777;53330;74006;107338;108664;76332;20844;110651;77929;11487;271457;16784;53331;22088",90
"CRISPR","Het_vs_WT","HALLMARK_TNFA_SIGNALING_VIA_NFKB",1.48432951306428,0.0431147291222528,"Rcan1;Ptgs2;F2rl1;Plau;Cxcl1;Ier3;Ccn1;Tgif1;Pde4b;Btg3;Ifit2;Bmp2;Zbtb10;Litaf;Fosb;Ptpre;Atf3;Edn1;Inhba;Dusp1;Fosl2;Dusp5;Slc16a6;B4galt1;Rela;Maff;Sat1;Nfkb1;Klf6;F3;Irs2;Nfil3;Bcl6;Nr4a3;Nampt;Il6","54720;19225;14063;18792;14825;15937;16007;21815;18578;12228;15958;12156;229055;56722;14282;19267;11910;13614;16323;19252;14284;240672;104681;14595;19697;17133;20229;18033;23849;14066;384783;18030;12053;18124;59027;16193",169
"CRISPR","Het_vs_WT","HALLMARK_WNT_BETA_CATENIN_SIGNALING",-1.68366858584119,0.0829870485322056,"Notch1;Lef1;Axin2;Dvl2;Tcf7;Kat2a;Fzd1;Trp53;Maml1;Ncor2;Ctnnb1;Hdac5","18128;16842;12006;13543;21414;14534;14362;22059;103806;20602;12387;15184",31
"CRISPR","Het_vs_WT","HALLMARK_MYOGENESIS",-1.43584218543119,0.110322562680429,"Mapk12;Nqo1;Notch1;Aebp1;Ablim1;Eno3;Igfbp3;Gnao1;Col6a2;Ifrd1;Svil;Col1a1;Ncam1;Col6a3;Sspn;Ephb3;Myh9;Gaa;Agl;Pfkm;Ptp4a3;Col3a1;Speg;Ptgis;Sparc;Nav2;Tpm2;Ryr1;Itgb4;Hdac5;Mef2c;Plxnb2;Lsp1;Tsc2;Lpin1;Igfbp7;Flii;Pick1;Dennd2b;Bhlhe40;Sphk1;Sorbs3;Tgfb1;Pgam2;Smtn;Myo1c;Fabp3","29857;18104;18128;11568;226251;13808;16009;14681;12834;15982;225115;12842;17967;12835;16651;13845;17886;14387;77559;18642;19245;12825;11790;19223;20692;78286;22004;20190;192897;15184;17260;140570;16985;22084;14245;29817;14248;18693;76954;20893;20698;20410;21803;56012;29856;17913;14077",125
"CRISPR","Het_vs_WT","HALLMARK_UV_RESPONSE_UP",1.34472036225212,0.131786331565782,"Chka;Cxcl1;Btg3;Bmp2;Mark2;Fosb;Atf3;Ppp1r2;Ggh;Slc6a12;Hspa13;Furin;Nxf1;Shox2;Stip1;Eif5;Polr2h;Ccne1;Tchh;Cdc34;Atp6v1f;Il6;Aldoa;Cyb5b;Olfm1;Gls;Mmp14;E2f5;Dnajb1;Cdk2;Grpel1;Abcb1a;Hyal2;Bsg;Nup58;Eif2s3x","12660;14825;12228;12156;13728;14282;11910;66849;14590;14411;110920;18550;53319;20429;20867;217869;245841;12447;99681;216150;66144;16193;11674;66427;56177;14660;17387;13559;81489;12566;17713;18671;15587;12215;71844;26905",124
"CRISPR","Het_vs_WT","HALLMARK_KRAS_SIGNALING_DN",-1.38895361713396,0.22123745819398,"Prodh;Selenop;Chst2;Synpo;Copz2;Tcf7l1;Kcnd1;Sgk1;Arhgdig;Camk1d;Lgals7;Kmt2d;Ryr1;Ptprj","19125;20363;54371;104027;56358;21415;16506;20393;14570;227541;16858;381022;20190;19271",70
"CRISPR","Het_vs_WT","HALLMARK_E2F_TARGETS",-1.22667582871556,0.29240208438393,"Cenpm;Xrcc6;Dscc1;Rpa1;Psmc3ip;Timeless;Tubg1;Cbx5;Atad2;Brca1;Spag5;Espl1;Rad50;Pold2;Mxd3;Kif18b;Top2a;Rfc3;Trp53;Jpt1;Ppm1d;Shmt1;Aurkb;Spc24;Rad51c;Tk1;Rad21;Rfc2;Cit;Cdkn2a;Hmmr;Dnmt1;Tcf19;Tbrg4;Mlh1;Rad1;Racgap1;Birc5;Phf5a;Rfc1;Srsf2;Nme1;Mcm3;Ncapd2;Melk","66570;14375;72107;68275;19183;21853;103733;12419;70472;12189;54141;105988;19360;18972;17121;70218;21973;69263;22059;15374;53892;20425;20877;67629;114714;21877;19357;19718;12704;12578;15366;13433;106795;21379;17350;19355;26934;11799;68479;19687;20382;18102;17215;68298;17279",199
"CRISPR","Het_vs_WT","HALLMARK_FATTY_ACID_METABOLISM",-1.2682539171926,0.29240208438393,"Eno3;Adh7;Acaa2;Mdh1;Acadvl;Ncaph2;Decr1;Adsl;Lgals1;Fasn;Aco2;Alad;Cpt1a;Reep6;Bphl;Etfdh;Glul;Acox1;Acot8;Car2;Hsd17b11;D2hgdh;Bckdhb;Suclg1;Acat2;Cpt2;Retsat;Nsdhl;Mcee;Cbr3;Blvra;Aldh3a2;Eci1;Slc22a5;Hibch","13808;11529;52538;17449;11370;52683;67460;11564;16852;14104;11429;17025;12894;70335;68021;66841;14645;11430;170789;12349;114664;98314;12040;56451;110460;12896;67442;18194;73724;109857;109778;11671;13177;20520;227095",119
"CRISPR","Het_vs_WT","HALLMARK_HEDGEHOG_SIGNALING",-1.3641222044293,0.29240208438393,"Unc5c;Nf1;Myh9;Cdk5r1;Gli1;Nrcam;Ophn1;Amot;Tle3;Scg2","22253;18015;17886;12569;14632;319504;94190;27494;21887;20254",24
"CRISPR","Het_vs_WT","HALLMARK_IL2_STAT5_SIGNALING",1.21947449132321,0.29240208438393,"Slc29a2;Bmp2;Sh3bgrl2;Odc1;Gsto1;Lrrc8c;Eomes;Twsg1;Prnp;Furin;Syt11;Map6;Uck2;Tnfrsf21;Anxa4;Swap70;Maff;Serpinb6a;Klf6;Ccne1;Fgl2;Nfil3;Hk2;Pim1;Mapkapk2;Rabgap1l;Lrig1;Nfkbiz;Snx9;Nt5e;Bcl2;Ccnd2;Cd44;Plpp1","13340;12156;212531;18263;14873;100604;13813;65960;19122;18550;229521;17760;80914;94185;11746;20947;17133;20719;23849;12447;14190;18030;15277;18712;17164;29809;16206;80859;66616;23959;12043;12444;12505;19012",154
"CRISPR","Het_vs_WT","HALLMARK_INFLAMMATORY_RESPONSE",1.23716369525125,0.29240208438393,"Pdpn;Sgms2;Fzd5;Adm;Il18rap;Pvr;Pde4b;Cd14;Dcbld2;Tpbg;Ptpre;Edn1;Inhba;C3ar1;Rela;Abi1;Nfkb1;Klf6;F3;Ereg;Nampt;Il6;Plaur;Pcdh7;Mmp14;Irak2;Ifnar1","14726;74442;14367;11535;16174;52118;18578;12475;73379;21983;19267;13614;16323;12267;19697;11308;18033;23849;14066;13874;59027;16193;18793;54216;17387;108960;15975",119
"CRISPR","Het_vs_WT","HALLMARK_MTORC1_SIGNALING",1.1950436715759,0.29240208438393,"Add3;Qdpr;Ero1a;M6pr;Mllt11;Got1;Ddx39a;Gsr;Ak4;Stc1;Serp1;Sdf2l1;Stip1;Pdk1;Lgmn;Egln3;Psat1;Fgl2;Nfil3;Hk2;Slc7a5;Glrx;Pgk1;Nampt;Cd9;Ufm1;Aldoa;Slc2a1;Plod2;Cyb5b;Cth;Sytl2;Gsk3b;Ube2d3;Hsp90b1;Fads1;Eif2s2;Calr;Tm7sf2;Tes;Mthfd2l;Ppp1r15a;Gtf2h1;Slc1a5;Gmps;Tpi1;Psmg1;Gbe1;Cacybp;Tcea1;Idh1;Psma3;Hspa5;P4ha1;Nupr1;Hprt1;Ldha;Actr3;Nufip1;Gpi1;Ldlr;Fads2;Rrm2;Cct6a;Hspe1;Psmc6;Eef1e1","27360;110391;50527;17113;56772;14718;68278;14782;11639;20855;28146;64136;20867;228026;19141;112407;107272;14190;18030;15277;20539;93692;18655;59027;12527;67890;11674;20525;26432;66427;107869;83671;56637;66105;22027;76267;67204;12317;73166;21753;665563;17872;14884;20514;229363;21991;56088;74185;12301;21399;15926;19167;14828;18451;56312;15452;16828;74117;27275;14751;16835;56473;20135;12466;15528;67089;66143",193
"CRISPR","Het_vs_WT","HALLMARK_SPERMATOGENESIS",1.30858168173434,0.29240208438393,"Strbp;Hspa4l;Ide;Mlf1;Zc2hc1c;Csnk2a2;Tle4;Scg5;Vdac3;Mllt10;Sirt1;Ezh2;Chfr","20744;18415;15925;17349;72350;13000;21888;20394;22335;17354;93759;14056;231600",65
"CRISPR","Het_vs_WT","HALLMARK_UV_RESPONSE_DN",-1.21761548945046,0.29240208438393,"Ptprm;Rbpms;Pdgfrb;Col1a2;Pmp22;Prkca;Efemp1;Plpp3;Dab2;Col1a1;Cdon;Amph;Id1;Adora2b;Fzd2;Sdc2;Adgrl2;Col3a1;Synj2;Zmiz1;Atxn1;Has2","19274;19663;18596;12843;18858;18750;216616;67916;13132;12842;57810;218038;15901;11541;57265;15529;99633;12825;20975;328365;20238;15117",136
"CRISPR","Het_vs_WT","HALLMARK_COAGULATION",1.24121692402398,0.305470737913486,"Plau;Pros1;Mmp10;Thbs1;Thbd;Furin;Arf4;Lgmn;Mmp3;Maff;Adam9;Fyn;F3;Cd9;Htra1","18792;19128;17384;21825;21824;18550;11843;19141;17392;17133;11502;14360;14066;12527;56213",75
"CRISPR","Het_vs_WT","HALLMARK_COMPLEMENT",1.19669647235503,0.305470737913486,"Cdh13;Phex;Pla2g4a;Anxa5;Rce1;Ppp2cb;Pik3ca;Pdp1;Dusp5;Lgmn;Maff;Adam9;Fyn;Dyrk2;Src;F3;Xpnpep1;Pim1;Il6;Jak2;Dock9;Plaur;Mmp13;Mmp14;Gpd2;Prdm4;Kif2a;Tnfaip3;Rnf4;Lamp2;Raf1;Serpine1;Ehd1;Lyn;Ppp4c;Psmb9;Pik3r5;Usp15;Usp16;Hspa5;Calm1","12554;18675;18783;11747;19671;19053;18706;381511;240672;19141;17133;11502;14360;69181;20779;14066;170750;18712;16193;16452;105445;18793;17386;17387;14571;72843;16563;21929;19822;16784;110157;18787;13660;17096;56420;16912;320207;14479;74112;14828;12313",122
"CRISPR","Het_vs_WT","HALLMARK_BILE_ACID_METABOLISM",-1.2516862991866,0.328366445916115,"Abca9;Abcd2;Rbp1;Abca8b;Abca6;Amacr;Pfkm;Cyp7b1;Atxn1;Abcd1;Pex13;Rxra;Fdxr;Slc29a1;Cat;Hsd17b11;Pex12;Abcd3","217262;26874;19659;27404;76184;17117;18642;13123;20238;11666;72129;20181;14149;63959;12359;114664;103737;19299",72
"CRISPR","Het_vs_WT","HALLMARK_ESTROGEN_RESPONSE_LATE",1.1338753895178,0.369693094629156,"Hspa4l;Add3;Large1;Btg3;Tpbg;Cpe;Lamc2;Fabp5;Dynlt3;Tpd52l1;Arl3;Myof;Pkp3;Rnaseh2a;Plk4;Siah2;Isg20;Slc7a5;Slc16a1;Cd9;Jak2;Amfr;Olfm1;Rab31;Npy1r;Emp2;Bcl2;Cd44;Gale","18415;27360;16795;12228;21983;12876;16782;16592;67117;21987;56350;226101;56460;69724;20873;20439;57444;20539;20501;12527;16452;23802;56177;106572;18166;13731;12043;12505;74246",137
"CRISPR","Het_vs_WT","HALLMARK_KRAS_SIGNALING_UP",1.15311370811978,0.369693094629156,"Ptgs2;Ano1;F2rl1;Plau;Dcbld2;Ero1a;Mmp10;Cpe;Bmp2;Inhba;Mmd;Avl9;Zfp639;C3ar1;Gpnmb;Spry2;Rbm4;Glrx;Ereg;Rabgap1l;Scg5;Tor1aip2;Btbd3;Plaur;Ccnd2;Yrdc;Tnfaip3;Evi5;Atg10;Abcb1a;Mtmr10","19225;101772;14063;18792;73379;50527;17384;12876;12156;16323;67468;78937;67778;12267;93695;24064;19653;93692;13874;29809;20394;240832;228662;18793;12444;230734;21929;14020;66795;18671;233315",129
"CRISPR","Het_vs_WT","HALLMARK_APICAL_JUNCTION",-1.14149216830237,0.375784336509412,"Fyb1;Baiap2;Cx3cl1;Egfr;Sirpa;Jup;Nf1;Mmp9;Col16a1;Cdh11;Tubg1;Myh9;Jam3;Speg;Vcan;Adra1b;Layn;Cd276;Mpzl1;Thbs3;Traf1;Cercam;Itgb4;Myh10;Actg1;Epb41l2;Adam15;Insig1;Itga2;Mapk11;Tgfbi;Sorbs3;Sympk;Fbn1;Nrxn2;Dhx16;Icam5;Ptk2;Pfn1;Pcdh1;Mvd;Gamt;Slit2","23880;108100;20312;13649;19261;16480;18015;17395;107581;12552;103733;17886;83964;11790;13003;11548;244864;102657;68481;21827;22029;99151;192897;77579;11465;13822;11490;231070;16398;19094;21810;20410;68188;14118;18190;69192;15898;14083;18643;75599;192156;14431;20563",139
"CRISPR","Het_vs_WT","HALLMARK_APOPTOSIS",-1.15275497931856,0.375784336509412,"Pdgfrb;Lef1;Sqstm1;Nedd9;Timp3;Egr3;Irf1;Cd38;Ank;Gch1;Brca1;Igfbp6;Rara;Bgn;Timp2;Dap;Timp1;Top2a;Tspo;Ifngr1;Gstm2;Hspb1;H1f0;Fdxr;Erbb2;Ctnnb1;Fez1;Dpyd","18596;16842;18412;18003;21859;13655;16362;12494;11732;14528;12189;16012;19401;12111;21858;223453;21857;21973;12257;15979;14863;15507;14958;14149;13866;12387;235180;99586",135
"CRISPR","Het_vs_WT","HALLMARK_ESTROGEN_RESPONSE_EARLY",-1.14306788697213,0.375784336509412,"Igfbp4;Slc7a2;Ablim1;Klf10;Egr3;Cant1;Svil;Med24;Cxcl12;Prss23;Rara;Klf4;Tubb2b;Fasn;Olfml3;Kcnk5;Nav2;Blvrb;Ncor2;Syngr1;Slc26a2;Tgm2;Endod1;Aldh3b1;Slc1a4;Fdft1;Fos;Thsd4;Mlph;Mindy1;Tob1;Hes1;Chpt1;Xbp1;Mybbp1a;Deptor;Bhlhe40;Foxc1;Unc119;Rapgefl1;Car12;Dlc1;Dhcr7;Slc22a5;Fkbp5;Sema3b;Akap1;Plaat3;Ccn5;Wfs1","16010;11988;226251;21847;13655;76025;225115;23989;20315;76453;19401;16600;73710;14104;99543;16529;78286;233016;20602;20972;13521;21817;71946;67689;55963;14137;14281;207596;171531;75007;22057;15205;212862;22433;18432;97998;20893;17300;22248;268480;76459;50768;13360;20520;14229;20347;11640;225845;22403;22393",143
"CRISPR","Het_vs_WT","HALLMARK_ANGIOGENESIS",-1.1801875312974,0.383478260869565,"S100a4;Fgfr1;Col3a1;Timp1;Vcan;Postn;Spp1;Slco2a1;Fstl1","20198;14182;12825;21857;13003;50706;20750;24059;14314",24
"CRISPR","Het_vs_WT","HALLMARK_APICAL_SURFACE",-1.18191046469081,0.383478260869565,"Cx3cl1;Gas1;Afap1l2;Brca1;Rtn4rl1;Sulf2;Mdga1;Hspb1","20312;14451;226250;12189;237847;72043;74762;15507",28
"CRISPR","Het_vs_WT","HALLMARK_GLYCOLYSIS",1.07314005205095,0.423092369477912,"Ier3;Ero1a;Tpbg;Pgam1;Got1;Pam;Sdc3;Ppp2cb;Pkp2;Ak4;Stc1;Pcx;B4galt1;Casp6;B3gat3;Egln3;Got2;Homer1;Sap30;Mxi1;Irs2;Cited2;Sod1;Isg20;Hk2;Glrx;Pgk1;Aldoa;Plod2;Cth;Fam162a;Pkm;Alg1;Prps1;Kif2a;Nt5e;Cd44;Cog2;Gale;B4galt7;Pdk3;Pfkfb1;Ext2","15937;50527;21983;18648;14718;18484;20970;19053;67451;11639;20855;18563;14595;12368;72727;112407;14719;26556;60406;17859;384783;17684;20655;57444;15277;93692;18655;11674;26432;107869;70186;18746;208211;19139;16563;23959;12505;76332;74246;218271;236900;18639;14043",170
"CRISPR","Het_vs_WT","HALLMARK_UNFOLDED_PROTEIN_RESPONSE",1.08777183602841,0.423092369477912,"Atf6;Ero1a;Eif4a2;Atf3;Serp1;Parn;Hyou1;Psat1;Dnajb9;Lsm1;Slc7a5;Pdia6;Exosc1;Nabp1;Nolc1;Banf1;Eif4g1;Aldh18a1;Edc4;Hsp90b1;Calr;Paip1","226641;50527;13682;11910;28146;74108;12282;107272;27362;67207;20539;71853;66583;109019;70769;23825;208643;56454;234699;22027;12317;218693",110
"CRISPR","Het_vs_WT","HALLMARK_OXIDATIVE_PHOSPHORYLATION",-1.07893898924524,0.42458205792324,"Cyb5r3;Ndufa6;Acaa2;Cyb5a;Cyc1;Mdh1;Acadvl;Uqcrq;Decr1;Slc25a11;Atp5pd;Por;Uqcr10;Aco2;Atp5mc1;Atp6v1c1;Polr2f;Cpt1a;Vdac1;Uqcr11;Mrps12;Cox6c;Mtrf1;Etfdh;Ogdh;Cox11;Etfb;Slc25a20","109754;67130;52538;109672;66445;17449;11370;22272;67460;67863;71679;18984;66152;11429;11951;66335;69833;12894;22333;66594;24030;12864;211253;66841;18293;69802;110826;57279",190
"CRISPR","Het_vs_WT","HALLMARK_HEME_METABOLISM",1.06270483634643,0.458066239316239,"Clcn3;Cpox;Epb41;Mboat2;Mfhas1;Arl2bp;Mpp1;Pcx;Hagh;Bach1;Picalm;Dcun1d1;Ppp2r5b;Bmp2k;Rcl1;Mxi1;Rad23a;Slc2a1;Hdgf;Prdx2;Mark3;Sdcbp;Marchf2;Htra2;Tspan5;Cdr2;Lamp2;Ell2;Bsg;Pgls;Adipor1;Gmps;Atg4a;Ranbp10;Minpp1;Epor;Nek7;Btrc;Tcea1;Kdm7a;Usp15;Tent5c;Marchf8;Dcaf11;Foxj2","12725;12892;269587;67216;52065;107566;17524;18563;14651;12013;233489;114893;225849;140780;59028;17859;19358;20525;15191;21672;17169;53378;224703;64704;56224;12585;16784;192657;12215;66171;72674;229363;666468;74334;17330;13857;59125;12234;21399;338523;14479;74645;71779;28199;60611",155
"CRISPR","Het_vs_WT","HALLMARK_TGF_BETA_SIGNALING",1.06636909505293,0.497369785878343,"Bcar3;Tgif1;Smad1;Bmp2;Thbs1;Ppp1ca;Skil;Furin;Ppm1a","29815;21815;17125;12156;21825;19045;20482;18550;19042",50
"CRISPR","Het_vs_WT","HALLMARK_CHOLESTEROL_HOMEOSTASIS",1.03909323326547,0.502919020715631,"Chka;Antxr2;S100a11;Fabp5;Anxa5;Atf3;Lgmn;Cpeb2;Nfil3;Cd9;Errfi1;Plaur","12660;71914;20195;16592;11747;11910;19141;231207;18030;12527;74155;18793",65
"CRISPR","Het_vs_WT","HALLMARK_NOTCH_SIGNALING",-1.04768092964358,0.502919020715631,"Notch1;Prkca;Kat2a;Fzd1;Wnt5a;Notch2;Lfng;Skp1;Rbx1;Hes1;Arrb1;Fbxw11","18128;18750;14534;14362;22418;18129;16848;21402;56438;15205;109689;103583",27
"CRISPR","Het_vs_WT","HALLMARK_REACTIVE_OXYGEN_SPECIES_PATHWAY",1.05501397663159,0.502919020715631,"Oxsr1;Pdlim1;Gsr;Cdkn2d;Prnp;Sod1;Glrx;Abcc1;Hmox2;Prdx2;Scaf4;Selenos;Fes;Txn1;Txnrd2;Stk25","108737;54132;14782;12581;19122;20655;93692;17250;15369;21672;224432;109815;14159;22166;26462;59041",44
"CRISPR","Het_vs_WT","HALLMARK_ADIPOGENESIS",-1.02327063449978,0.524170347258803,"Cd302;Aldh2;Angpt1;Acaa2;Cyc1;Sspn;Dhrs7b;Tst;Uqcrq;Samm50;Decr1;Por;Phldb1;Sparcl1;Uqcr10;Nmt1;Aco2;Stat5a;Cavin1;Dgat1;Ifngr1;Slc25a10;Acly;Lama4;Reep6;Uqcr11","66205;11669;11600;52538;66445;16651;216820;22117;22272;68653;67460;18984;102693;13602;66152;18107;11429;20850;19285;13350;15979;27376;104112;16775;70335;66594",177
"CRISPR","Het_vs_WT","HALLMARK_DNA_REPAIR",-0.994771187560575,0.61461666453347,"Aaas;Nt5c;Cant1;Supt4a;Guk1;Mpg;Vps28;Ak3;Alyref;Polr2a;Usp11;Polr2f;Zfp707;Rfc3;Trp53;Gsdme;Tyms;Rfc2;Tarbp2;Polr2k;Rbx1;Rrm2b;Nme1;Nudt9;Nelfe;Ccno;Pold1;Edf1;Snapc4;Vps37d;Rad51;Lig1;Taf12;Cstf3;Prim1;Dctn4;Nelfcd","223921;50773;76025;20922;14923;268395;66914;56248;21681;20020;236733;69833;69020;69263;22059;54722;22171;19718;21357;17749;56438;382985;18102;74167;27632;218630;18971;59022;227644;194309;19361;16881;66464;228410;19075;67665;57314",143
"CRISPR","Het_vs_WT","HALLMARK_IL6_JAK_STAT3_SIGNALING",-0.982822982213178,0.61461666453347,"Ccl7;Irf1;Cd38;Tnfrsf1b;Osmr;Ifngr1;Stat3;Il12rb1;Grb2","20306;16362;12494;21938;18414;15979;20848;16161;14784",56
"CRISPR","Het_vs_WT","HALLMARK_P53_PATHWAY",-0.964174251244978,0.657470687817418,"S100a4;Baiap2;Fgf13;Notch1;Phlda3;Steap3;Csrnp2;Rrad;Ccng1;Klf4;Hint1;Osgin1;Cebpa;Rack1;Hexim1;Trp53;Ppm1d;Def6;Cdk5r1;Rad51c;Zfp36l1;Rxra;Mknk2;Fdxr;Cdkn2a;Cd82;Itgb4;Plxnb2;Ralgds;Fos;Vamp8;Tax1bp3;Pmm1;Vdr;Tob1;Traf4;Ddit4;Trib3;Retsat;Sphk1;Fuca1;Tgfb1;Slc7a11;Kif13b;Bax;Foxo3;Iscu;Ddit3;Hmox1;Mxd1;Fas;Pitpnc1;Mapkapk3;Ptpn14;Prkab1;Ak1;Pidd1;Trafd1;Dcxr;Tm7sf3;Apaf1;Pvt1;Socs1","20198;108100;14168;18128;27280;68428;207785;56437;12450;16600;15254;71839;12606;14694;192231;22059;53892;23853;12569;114714;12192;20181;17347;14149;12578;12521;192897;140570;19730;14281;22320;76281;29858;22337;22057;22032;74747;228775;67442;20698;71665;21803;26570;16554;12028;56484;66383;13198;15368;17119;14102;71795;102626;19250;19079;11636;57913;231712;67880;67623;11783;19296;12703",176
"CRISPR","Het_vs_WT","HALLMARK_PI3K_AKT_MTOR_SIGNALING",0.950579506163255,0.657470687817418,"Itpr2;Ppp1ca;Pla2g12a;Cfl1;Grk2;Pten;Pdk1;Mapk8;Pitx2;Mapk1;Ap2m1;Slc2a1;Cab39;Plcb1;E2f1;Gsk3b;Ube2d3;Cdk2;Hsp90b1;Rps6ka3;Gna14;Calr","16439;19045;66350;12631;110355;19211;228026;26419;18741;26413;11773;20525;12283;18795;13555;56637;66105;12566;22027;110651;14675;12317",95
"CRISPR","Het_vs_WT","HALLMARK_MYC_TARGETS_V1",0.954526622273128,0.678721174004193,"Psmd8;Odc1;Hnrnpd;Eef1b2;Got2;Hddc2;Tfdp1;Psmd7;Abce1;Eif4g2;Pgk1;Gspt1;Rsl1d1;Ap3s1;Prdx3;Hdgf;Vdac3;Nolc1;Tomm70a;Ranbp1;Hnrnpa2b1;Cdk2;Kars1;Prps2;Eif2s2;Rps5;Psmd1;Rps2;Ccna2;Vbp1;Gnl3;Tra2b;Cct2;Cnbp;Hnrnpc;Hsp90ab1;Cul1;Ilf2;Uba2;Rpl6;Erh;Ctps1;Cct3;Ncbp2;Hprt1;Rps3;Rpl22;Ldha;Eif4e;Psma1;Mrpl9;Cbx3;Ube2e1;Hspe1;Dut;Psmc6;Pcbp1;Tcp1;Rpl14;Rps6;Mcm4;Nop56;Psmd14;Pole3;Nap1l1;Psma2;Syncrip;Hdac2;Glo1;Nop16;Hnrnpa3;Ssb;Exosc7;Hspd1;Srsf3;Orc2","57296;18263;11991;55949;14719;69692;21781;17463;24015;13690;18655;14852;66409;11777;11757;15191;22335;70769;28185;19385;53379;12566;85305;110639;67204;20103;70247;16898;12428;22327;30877;20462;12461;12785;15381;15516;26965;67781;50995;19988;13877;51797;12462;68092;15452;27050;19934;16828;13684;26440;78523;12417;22194;15528;110074;67089;23983;21454;67115;20104;17217;67134;59029;59001;53605;19166;56403;15182;109801;28126;229279;20823;66446;15510;20383;18393",192
"CRISPR","Het_vs_WT","HALLMARK_PEROXISOME",-0.886097475005177,0.7590712824786,"Abcd2;Slc25a17;Cacna1b;Dlg4;Top2a;Tspo;Atxn1;Crabp1;Slc25a19;Abcd1;Pex13;Acox1;Acot8;Cat;Hsd17b11;Abcd3","26874;20524;12287;13385;21973;12257;20238;12903;67283;11666;72129;11430;170789;12359;114664;19299",77
"CRISPR","Het_vs_WT","HALLMARK_ANDROGEN_RESPONSE",-0.858300497641036,0.813188427081803,"Selenop;Xrcc6;Ank;Akap12;Sgk1;Appbp2;Slc38a2;Zmiz1;H1f0;Slc26a2;Tnfaip8;Pmepa1;Acsl3;Pias1;Pdlim5;Insig1;Gpd1l","20363;14375;11732;83397;20393;66884;67760;328365;14958;13521;106869;65112;74205;56469;56376;231070;333433",81
"CRISPR","Het_vs_WT","HALLMARK_ALLOGRAFT_REJECTION",-0.823202680477937,0.898905043977742,"Fyb1;Ccl7;Egfr;Mmp9;Mtif2;Brca1;Icosl;Timp1;Ifngr1;Eif3d;Il12rb1;Cdkn2a;Eif5a;Ripk2;Tap2","23880;20306;13649;17395;76784;12189;50723;21857;15979;55944;16161;12578;276770;192656;21355",101
"CRISPR","Het_vs_WT","HALLMARK_MYC_TARGETS_V2",0.788223852314149,0.91008864499789,"Slc29a2;Rcl1;Plk4;Hk2;Pprc1;Nip7;Nolc1;Wdr74;Ndufaf4;Gnl3","13340;59028;20873;15277;226169;66164;70769;107071;68493;30877",58
"CRISPR","Het_vs_WT","HALLMARK_INTERFERON_GAMMA_RESPONSE",-0.814313631026841,0.922627594308837,"Ccl7;Auts2;Tnfaip6;Irf1;Cd38;Rapgef6;Vamp5;Sspn;Gch1;Sp110;Stat3;Ripk2;Vamp8;Irf5;Itgb7;Cd74;Pnpt1;Ly6e;Nfkbia;Tnfaip2;Apol6;Psme2;St3gal5;Ccl5;Casp8;Trim25;Isoc1","20306;319974;21930;16362;12494;192786;53620;16651;14528;109032;20848;192656;22320;27056;16421;16149;71701;17069;18035;21928;71939;19188;20454;20304;12370;217069;66307",151
"CRISPR","Het_vs_WT","HALLMARK_G2M_CHECKPOINT",-0.678534154520283,0.998542274052478,"Atf5;H2az2;Cdc6;Espl1;Lig3;Top2a;Sqle;Ewsr1;Jpt1;Pafah1b1;Aurkb;Troap;Rad21;Cbx1;Notch2;Hmmr;Marcks;Ndc80;Rad54l;Racgap1;Cdc27;Birc5;Dtymk;G3bp1;E2f2;Srsf2;Mcm3;Nusap1;Ccnt1;Traip;Tle3;Tgfb1;Chaf1a;Numa1;Meis1;Smad3;Nup50;Ttk;Sfpq;Xpo1;Kpnb1;Pds5b","107503;77605;23834;105988;16882;21973;20775;14030;15374;18472;20877;78733;19357;12412;18129;15366;17118;67052;19366;26934;217232;11799;21915;27041;242705;20382;17215;108907;12455;22036;21887;21803;27221;101706;17268;17127;18141;22137;71514;103573;16211;100710",193
"CRISPR","Het_vs_WT","HALLMARK_INTERFERON_ALPHA_RESPONSE",-0.59939091897361,0.998542274052478,"Gmpr;Irf1;Ifitm1;Sp110;Cnp;Ripk2;Cd74;Pnpt1;Ly6e;Psme2;Casp8;Trim25;Nub1","66355;16362;68713;109032;12799;192656;16149;71701;17069;19188;12370;217069;53312",86
"CRISPR","KO_vs_WT","HALLMARK_EPITHELIAL_MESENCHYMAL_TRANSITION",-2.07029191557993,4.50571578920317e-07,"Ecm1;Crlf1;Timp3;Matn2;Col1a2;Bgn;Pdgfrb;Edil3;Cthrc1;Gas1;Timp1;Lgals1;Igfbp4;Vcan;Emp3;Col16a1;Col6a2;Pdlim4;Serpine2;Dab2;Postn;Pmepa1;Sntb1;Loxl1;Col1a1;Spp1;Ntm;Wnt5a;Fstl1;Pcolce;Serpine1;Sparc;Pmp22;Igfbp3;Mgp;Tpm1;Slit3;Serpinh1;Itgb5;Lox;Capg;Col3a1;Col11a1;Tgm2;Col5a1;Notch2;Slit2;Fermt2;Fbn2;Tgfbi;Cdh11;Cxcl12;Mcm7;Magee1;Gpx7;Col6a3;Fbln5;Ptx3;Thbs2;Fgf2;Itga5","13601;12931;21859;17181;12843;12111;18596;13612;68588;14451;21857;16852;16010;13003;13732;107581;12834;30794;20720;13132;50706;65112;20649;16949;12842;20750;235106;22418;14314;18542;18787;20692;18858;16009;17313;22003;20564;12406;16419;16948;12332;12825;12814;21817;12831;18129;20563;218952;14119;21810;12552;20315;17220;107528;67305;12835;23876;19288;21826;14173;16402",165
"CRISPR","KO_vs_WT","HALLMARK_FATTY_ACID_METABOLISM",-1.56034500578639,0.0372655787272881,"Adh7;Eno3;Bphl;Ncaph2;Lgals1;Bmpr1b;Nsdhl;Acaa2;Acadvl;Hmgcs1;Aco2;Adsl;Etfdh;Ech1;Hadh;Fasn;Decr1;Acat2;Glul;Retsat;Hsd17b7;Cpt2;Mdh1;Gstz1;Rdh11;Alad;Sdha;Eci2;Cpt1a;Mdh2;Reep6;Dlst;Dhcr24;Acox1;D2hgdh;Car2;Metap1;Suclg2;Cryz;Suclg1;Mlycd","11529;13808;68021;52683;16852;12167;18194;52538;11370;208715;11429;11564;66841;51798;15107;14104;67460;110460;14645;67442;15490;12896;17449;14874;17252;17025;66945;23986;12894;17448;70335;78920;74754;11430;98314;12349;75624;20917;12972;56451;56690",119
"CRISPR","KO_vs_WT","HALLMARK_XENOBIOTIC_METABOLISM",-1.57644477553412,0.0372655787272881,"Cyp2j6;Adh7;Bphl;Jup;Igfbp4;Tmbim6;Abcd2;Fetub;Csad;Por;Slc35b1;Aldh2;Atoh8;Tpst1;Aco2;Serpine1;Etfdh;Marchf6;Ech1;Pdlim5;Cyb5a;Gstm4;Tmem97;Nqo1;Nmt1;Pemt;Tgfb2;Cyp2s1;Rap1gap;Il1r1;Blvrb;Retsat;Sar1b;Bcat1;Aox1;Mccc2;Pmm1;Ttpa;Pgrmc1;Xdh;Abhd6;Gch1;Ddah2;Alas1;Dcxr;Fas;Ndrg2;Gss;Mpp2;Acox1;Car2;Adh5;Shmt2;Gclc;Mthfd1;Tnfrsf1a","13110;11529;68021;16480;16010;110213;26874;59083;246277;18984;110172;11669;71093;22021;11429;18787;66841;223455;51798;56376;109672;14865;69071;18104;18107;18618;21808;74134;110351;16177;233016;67442;66397;12035;11761;78038;29858;50500;53328;22436;66082;14528;51793;11655;67880;14102;29811;14854;50997;11430;12349;11532;108037;14629;108156;21937",131
"CRISPR","KO_vs_WT","HALLMARK_ANGIOGENESIS",-1.64589117155204,0.0621328235158028,"S100a4;Timp1;Vcan;Postn;Spp1;Fstl1;Col3a1;Ptk2;Fgfr1;App;Lrpap1","20198;21857;13003;50706;20750;14314;12825;14083;14182;11820;16976",24
"CRISPR","KO_vs_WT","HALLMARK_CHOLESTEROL_HOMEOSTASIS",-1.62038993701746,0.0621328235158028,"Pcyt2;Srebf2;Sqle;Fdft1;Nsdhl;Atf5;Hmgcs1;Fdps;Gstm7;Ctnnb1;Pmvk;Mvk;Ech1;Fasn;Alcam;Cyp51;Acat2;Tmem97;Lss;Actg1;Mvd;Sc5d;Hsd17b7;Hmgcr;Stard4;Ebp;Dhcr7","68671;20788;20775;14137;18194;107503;208715;110196;68312;12387;68603;17855;51798;14104;11658;13121;110460;69071;16987;11465;192156;235293;15490;15357;170459;13595;13360",65
"CRISPR","KO_vs_WT","HALLMARK_INFLAMMATORY_RESPONSE",-1.47775523013081,0.0621328235158028,"Chst2;Cx3cl1;Itgb8;Slc7a2;Has2;Timp1;Ptgir;Emp3;Ccl7;Lif;Ahr;Ifitm1;Csf1;Serpine1;P2rx7;Osmr;Ifngr2;Ripk2;P2ry2;Ndp;Ly6e;Icosl;Sri;Acvr1b;Il1r1;Rgs16;Atp2c1;Scn1b;Adora2b;Atp2b1;Myc;Rnf144b;Tnfaip6;Pcdh7;Itga5;Irf1;Lpar1;Tnfrsf9;Met;Slc11a2;Rhog;Gch1;Il4ra;Abca1","54371;20312;320910;11988;15117;21857;19222;13732;20306;16878;11622;68713;12977;18787;18439;18414;15980;192656;18442;17986;17069;50723;109552;11479;16177;19734;235574;20266;11541;67972;17869;218215;21930;54216;16402;16362;14745;21942;17295;18174;56212;14528;16190;11303",119
"CRISPR","KO_vs_WT","HALLMARK_MYOGENESIS",-1.50584953150563,0.0647520814086443,"Ncam1;Ptp4a3;Eno3;Mapk12;Sspn;Agl;Lsp1;Ak1;Ifrd1;Aebp1;Col6a2;Ablim1;Col1a1;Fdps;Gaa;Notch1;Svil;Gnao1;Sparc;Mef2c;Igfbp3;Ptgis;Itgb5;Nav2;Pfkm;Ephb3;Col3a1;Mras;Myh9;Nqo1;Ryr1;Bhlhe40;App;Cnn3;Col6a3;Itgb4;Plxnb2;Fgf2;Lpin1;Dennd2b;Adcy9;Hdac5","17967;19245;13808;29857;16651;77559;16985;11636;15982;11568;12834;226251;12842;110196;14387;18128;225115;14681;20692;17260;16009;19223;16419;78286;18642;13845;12825;17532;17886;18104;20190;20893;11820;71994;12835;192897;140570;14173;14245;76954;11515;15184",125
"CRISPR","KO_vs_WT","HALLMARK_UV_RESPONSE_DN",-1.41440655956396,0.0940583264640595,"Col1a2;Adgrl2;Plpp3;Pdgfrb;Prkca;Has2;Arhgef9;Dab2;Fzd2;Col1a1;Ptprm;Sdc2;Serpine1;Pmp22;Insig1;Id1;Synj2;Pdlim5;Col3a1;Prkar2b;Spop;Col11a1;Notch2;Bhlhe40;Sri;Atp2c1;Adora2b;Atp2b1;Myc;Fbln5;Atxn1;Celf2;Nipbl;Lpar1;Mta1;Anxa2;Met;Nr3c1;Nrp1;Erbb2","12843;99633;67916;18596;18750;15117;236915;13132;57265;12842;19274;15529;18787;18858;231070;15901;20975;56376;12825;19088;20747;12814;18129;20893;109552;235574;11541;67972;17869;23876;20238;14007;71175;14745;116870;12306;17295;14815;18186;13866",136
"CRISPR","KO_vs_WT","HALLMARK_WNT_BETA_CATENIN_SIGNALING",-1.58972169095291,0.0940583264640595,"Lef1;Tcf7;Fzd1;Axin2;Ctnnb1;Notch1;Csnk1e;Kat2a;Skp2;Dvl2;Myc;Hdac5","16842;21414;14362;12006;12387;18128;27373;14534;27401;13543;17869;15184",31
"CRISPR","KO_vs_WT","HALLMARK_APOPTOSIS",-1.3771225284777,0.146313590250634,"Timp3;Bgn;Lef1;Pdgfrb;Ank;Dap;Timp1;Sqstm1;Cd38;Egr3;Timp2;Ifngr1;Ctnnb1;Fez1;Gstm2;Anxa1;Nedd9;Igfbp6;Ptk2;Dpyd;Cth;Hgf;Tspo;Plppr4;Tgfb2;App;Top2a;Ppp3r1;Birc3;Retsat;Sc5d;Lmna;Irf1;Ccnd1;Erbb2;Bax;Ebp;Gch1;Brca1;Dap3;Fas;Cav1;Rara","21859;12111;16842;18596;11732;223453;21857;18412;12494;13655;21858;15979;12387;235180;14863;16952;18003;16012;14083;99586;107869;15234;12257;229791;21808;11820;21973;19058;11796;67442;235293;16905;16362;12443;13866;12028;13595;14528;12189;65111;14102;12389;19401",135
"CRISPR","KO_vs_WT","HALLMARK_INTERFERON_ALPHA_RESPONSE",1.35100653572237,0.151349278962863,"Ifit2;Procr;Lpar6;Ifi30;Mvb12a;Trim26;Slc25a28;Rnf31;Il15;Ncoa7;Elf1;Ifih1;Trim12c;Tdrd7;Helz2;Oasl1;Trim21;Herc6;Ube2l6;Rsad2;Ifi27;Samd9l;Eif2ak2;Nmi;Ddx60;Cxcl10;Mx2;Parp14;Oas1a;Parp12;Rtp4;Ifit3;Psmb9;Irf9;Irf7;Ifi44;Usp18;Psma3;Stat2;Bst2;Tmem140;Adar;Isg15;Isg20;Ogfr;Parp9","15958;19124;67168;65972;73711;22670;246696;268749;16168;211329;13709;71586;319236;100121;229003;231655;20821;67138;56791;58185;52668;209086;19106;64685;234311;15945;17858;547253;246730;243771;67775;15959;16912;16391;54123;99899;24110;19167;20847;69550;68487;56417;100038882;57444;72075;80285",86
"CRISPR","KO_vs_WT","HALLMARK_APICAL_JUNCTION",-1.33643794116975,0.151458951533135,"Fyb1;Cx3cl1;Baiap2;Sirpa;Mpzl1;Jup;Vcan;Col16a1;Rasa1;Insig1;Layn;Hadh;Mmp9;Mapk11;Shc1;Ptk2;Myh9;Tubg1;Adra1b;Tspan4;Slit2;Actg1;Tgfbi;Cdh11;Gamt;Adam15;Negr1;Mvd;Nf1;Thbs3;Itgb4","23880;20312;108100;19261;68481;16480;13003;107581;218397;231070;244864;15107;17395;19094;20416;14083;17886;103733;11548;64540;20563;11465;21810;12552;14431;11490;320840;192156;18015;21827;192897",139
"CRISPR","KO_vs_WT","HALLMARK_GLYCOLYSIS",-1.31154339464648,0.171580255280696,"Chst2;Lhpp;Ndst3;Artn;Agl;Ext1;Vcan;Nsdhl;Tpst1;P4ha2;Hs6st2;B4galt2;Sdc2;Ddit4;Hs2st1;Sox9;Igfbp3;Kdelr3;Slc25a10;Cyb5a;Gfus;Nol3;Xylt2;Angptl4;Gfpt1;Hmmr;Cth;Col5a1;Med24;Glce;Tgfbi;Galk1;Adora2b;Glrx;Taldo1;G6pdx;Gys1;Slc35a3;Efna3;Met;Mdh1;Ppia;Gpc4;Gpc1;Mdh2;Sdc1;Gusb;Galk2;Akr1a1;Gne;Cln6;Copb2;Rars1;Gclc;Ugp2;Hax1;Gmppa;P4ha1;Pgam2","54371;76429;83398;11876;77559;14042;13003;18194;22021;18452;50786;53418;15529;74747;23908;20682;16009;105785;27376;109672;22122;78688;217119;57875;14583;15366;107869;12831;23989;93683;21810;14635;11541;93692;21351;14381;14936;229782;13638;17295;17449;268373;14735;14733;17448;20969;110006;69976;58810;50798;76524;50797;104458;14629;216558;23897;69080;18451;56012",170
"CRISPR","KO_vs_WT","HALLMARK_ADIPOGENESIS",-1.2771084963934,0.181618759455371,"Sspn;Por;Angpt1;Aldh2;Cyc1;Acaa2;Acly;Ifngr1;Aco2;Plin2;Dhrs7b;Dgat1;Ucp2;Rab34;Samm50;Ech1;Adcy6;Hadh;Elovl6;Slc25a10;Decr1;Agpat3;Sparcl1;Angptl4;Nmt1;Pemt;Lama4;Enpp2;Stat5a;Slc25a1;Uqcr11;Reep5;Abcb8;Cd302;Retsat;Coq3;Uqcrq;Taldo1;Tst;Araf;Cpt2;Etfb;Cavin1;Dhcr7;Abca1;Preb;Scarb1;Mdh2;C3;Reep6;Sqor;Ndufa5;Slc27a1;Acox1","16651;18984;11600;11669;66445;52538;104112;15979;11429;11520;216820;13350;22228;19376;68653;51798;11512;15107;170439;27376;67460;28169;13602;57875;18107;18618;16775;18606;20850;13358;66594;13476;74610;66205;67442;230027;22272;21351;22117;11836;12896;110826;19285;13360;11303;50907;20778;17448;12266;70335;59010;68202;26457;11430",177
"CRISPR","KO_vs_WT","HALLMARK_ESTROGEN_RESPONSE_EARLY",-1.27327509768983,0.181618759455371,"Slc7a2;Cant1;Syngr1;Klf10;Igfbp4;Egr3;Ar;Fdft1;Tubb2b;Ablim1;Olfml3;Endod1;Svil;Prss23;Mindy1;P2ry2;Fasn;Nav2;Kcnk5;Il6st;Tgm2;Xbp1;Med24;Bhlhe40;Cxcl12;Klf4;Blvrb;Thsd4;Itpk1;Myc;Slc1a4;Adcy9;Sfn;Ccnd1;Mlph;Aldh3b1;Chpt1;Dhcr7;Foxc1;Mybbp1a;Fos;Scarb1;Rara;Podxl;Akap1;Abhd2;Hes1;Fkbp5;Tsku;Sema3b;Mast4","11988;76025;20972;21847;16010;13655;11835;14137;73710;226251;99543;71946;225115;76453;75007;18442;14104;78286;16529;16195;21817;22433;23989;20893;20315;16600;233016;207596;217837;17869;55963;11515;55948;12443;171531;67689;212862;13360;17300;18432;14281;20778;19401;27205;11640;54608;15205;14229;244152;20347;328329",143
"CRISPR","KO_vs_WT","HALLMARK_IL2_STAT5_SIGNALING",-1.25639458042565,0.181618759455371,"Ecm1;Myo1e;Eno3;Enpp1;Col6a1;Lif;Ahr;Ifngr1;Spp1;Slc39a8;Csf1;Plin2;Penk;Amacr;Cd81;Slc2a3;Etv4;Ptrh2;Capg;Eef1akmt1;Alcam;Cdc6;Icos;Tgm2;Xbp1;Adam19;Bhlhe40;Wls;Hopx;Plec;Rgs16;Ikzf2;Dcps;Myc;Praf2;Phlda1;Tnfrsf9;Lclat1;Ikzf4;Nrp1;Il4ra;St3gal4;Ckap4;Syngr2","13601;71602;13808;18605;12833;16878;11622;15979;20750;67547;12977;11520;18619;17117;12520;20527;18612;217057;12332;68043;11658;23834;54167;21817;22433;11492;20893;68151;74318;18810;19734;22779;69305;17869;54637;21664;21942;225010;22781;18186;16190;20443;216197;20973",154
"CRISPR","KO_vs_WT","HALLMARK_KRAS_SIGNALING_DN",-1.35453683724953,0.181618759455371,"Chst2;Copz2;Prodh;Selenop;Arhgdig;Sgk1;Synpo;Bmpr1b","54371;56358;19125;20363;14570;20393;104027;12167",70
"CRISPR","KO_vs_WT","HALLMARK_KRAS_SIGNALING_UP",-1.27859603418036,0.181618759455371,"Ank;Gfpt2;Jup;Gprc5b;Lif;Spp1;St6gal1;Ace;Prkg2;Slpi;Sox9;Igfbp3;Trib2;Etv5;Fbxo4;Ptbp2;Btc;Etv4;Gypc;Mmp9;Sparcl1;Angptl4;Gadd45g;Adgra2;Akap12;Tmem100;Nin;Rgs16;Scn1b;Klf4;Glrx;Birc3;Tspan13;Adam8;Nrp1;Trib1;Itga2;Hdac9;Cbx8","11732;14584;16480;64297;16878;20750;20440;11421;19092;20568;20682;16009;217410;104156;106052;56195;12223;18612;71683;17395;13602;57875;23882;78560;83397;67888;18080;19734;20266;16600;93692;11796;66109;11501;18186;211770;16398;79221;30951",129
"CRISPR","KO_vs_WT","HALLMARK_SPERMATOGENESIS",1.33651184850486,0.181618759455371,"Strbp;Hspa4l;Ide;Zc2hc1c;Tle4;Csnk2a2;Mlf1;Mllt10;Stam2;Phf7;Vdac3;Braf;Scg5;Nphp1;Sirt1;Chfr;Mast2;Arl4a;Bub1","20744;18415;15925;72350;21888;13000;17349;17354;56324;71838;22335;109880;20394;53885;93759;231600;17776;11861;12235",65
"CRISPR","KO_vs_WT","HALLMARK_TGF_BETA_SIGNALING",-1.36952859665958,0.181618759455371,"Id3;Ltbp2;Klf10;Pmepa1;Ctnnb1;Smad6;Serpine1;Id1;Ifngr2;Smurf1","15903;16997;21847;65112;12387;17130;18787;15901;15980;75788",50
"CRISPR","KO_vs_WT","HALLMARK_ANDROGEN_RESPONSE",-1.26610284735315,0.257413423653833,"Selenop;Ank;Xrcc6;Sgk1;Bmpr1b;Pmepa1;Hmgcs1;Insig1;Pdlim5;Camkk2;Ell2;Tsc22d1;Slc38a2;Stk39;Xrcc5;Akap12;Appbp2;Hmgcr;Sec24d;Ccnd1;Arxes2;Actn1;Acsl3;Abhd2;Dhcr24;Fkbp5;Pias1;Zmiz1","20363;11732;14375;20393;12167;65112;208715;231070;56376;207565;192657;21807;67760;53416;22596;83397;66884;15357;69608;12443;76976;109711;74205;54608;74754;14229;56469;328365",81
"CRISPR","KO_vs_WT","HALLMARK_E2F_TARGETS",-1.21232246203851,0.257413423653833,"Cenpm;Xrcc6;Tk1;Cbx5;Psmc3ip;Timeless;Rfc2;Dscc1;Rad21;Atad2;Spc24;Birc5;Rpa1;Rad1;Rfc3;Phf5a;Tubg1;Hmmr;Pold2;Spag5;Nup107;Top2a;Mcm7;Cdkn2a;Anp32e;Espl1;Racgap1;Myc;Rad50;Tbrg4;Jpt1;Dnmt1;Shmt1;Mre11a;Pds5b;Pold1;Brca1;Rfc1;Lig1;Mcm3;Chek1;Dek;Trp53;Brms1l;Nme1;Suv39h1;Dclre1b;Kif18b;Cdk4;Tcf19;Ncapd2;Mlh1;Pms2;Mxd3;Cks1b;Mcm2;Cdc20;Hus1;Smc1a;Srsf2","66570;14375;21877;12419;19183;21853;19718;72107;19357;70472;67629;11799;68275;19355;69263;68479;103733;15366;18972;54141;103468;21973;17220;12578;66471;105988;26934;17869;19360;21379;15374;13433;20425;17535;100710;18971;12189;19687;16881;17215;12649;110052;22059;52592;18102;20937;140917;70218;12567;106795;68298;17350;18861;17121;54124;17216;107995;15574;24061;20382",199
"CRISPR","KO_vs_WT","HALLMARK_MITOTIC_SPINDLE",-1.19950557272706,0.257413423653833,"Abr;Myo1e;Mid1ip1;Septin9;Fgd4;Synpo;Tubgcp6;Shroom1;Ccdc88a;Tubgcp2;Clip2;Arhgef3;Cdc42ep1;Rasa1;Marcks;Dock4;Rictor;Pdlim5;Wasf1;Birc5;Rapgef6;Tbcd;Nedd9;Myh9;Llgl1;Csnk1d;Kntc1;Arhgdia;Cep131;Cdc27;Notch2;Kptn;Tubd1;Nin;Top2a;Nf1;Espl1;Racgap1;Trio;Cttn;Pafah1b1;Cdc42ep4","109934;71602;68041;53860;224014;104027;328580;71774;108686;74237;269713;71704;104445;218397;17118;238130;78757;56376;83767;11799;192786;108903;18003;17886;16897;104318;208628;192662;12009;217232;18129;70394;56427;18080;21973;18015;105988;26934;223435;13043;18472;56699",194
"CRISPR","KO_vs_WT","HALLMARK_HEDGEHOG_SIGNALING",-1.28078507482584,0.283376399655469,"Unc5c;Rasa1;Myh9;Tle3;Adgrg1;Cdk5r1;Nf1;Nrp1;Thy1;Nrcam","22253;218397;17886;21887;14766;12569;18015;18186;21838;319504",24
"CRISPR","KO_vs_WT","HALLMARK_HYPOXIA",-1.17216661690643,0.283376399655469,"Csrp2;Chst2;S100a4;Bgn;Eno3;Prkca;Ext1;P4ha2;Gaa;Cavin3;Sdc2;Serpine1;Plin2;Ddit4;Igfbp3;Lox;Slc2a3;Kdelr3;Tgfb3;Myh9;Angptl4;Tgm2;Col5a1;Akap12;Ilvbl;Hs3st1;Bhlhe40;Tgfbi;Slc25a1;Galk1;Adora2b;Glrx;Ndst1;Gys1;Btg1;Atp7a;Efna3;Anxa2;Nr3c1;Cavin1;Tmem45a;Fos;Scarb1;Gpc4;Cav1;Gpc1","13008;54371;20198;12111;13808;18750;14042;18452;14387;109042;15529;18787;11520;74747;16009;16948;20527;105785;21809;17886;57875;21817;12831;83397;216136;15476;20893;21810;13358;14635;11541;93692;15531;14936;12226;11977;13638;12306;14815;19285;56277;14281;20778;14735;12389;14733",168
"CRISPR","KO_vs_WT","HALLMARK_IL6_JAK_STAT3_SIGNALING",-1.23818393296727,0.283376399655469,"Cd38;Pdgfc;Ccl7;Ifngr1;Csf1;Osmr;Ifngr2;Il6st;Grb2;Stat3;Socs3;Il12rb1;Acvr1b;Il1r1","12494;54635;20306;15979;12977;18414;15980;16195;14784;20848;12702;16161;11479;16177",56
"CRISPR","KO_vs_WT","HALLMARK_OXIDATIVE_PHOSPHORYLATION",-1.16567908081432,0.283376399655469,"Cyb5r3;Slc25a11;Por;Cyc1;Acaa2;Acadvl;Polr2f;Aco2;Ndufa6;Etfdh;Atp5mc1;Ech1;Oat;Cyb5a;Decr1;Atp5pd;Vdac1;Cox6c;Mrps12;Uqcr11;Retsat;Uqcrq;Timm13;Etfb;Mdh1;Mtrr;Bax;Sdha;Rhot1;Alas1;Mrps11;Ndufs7;Slc25a20;Etfa;Cpt1a;Mdh2;Timm50;Atp5f1d;Ndufa5;Dlst;Tomm22;Cox10;Ndufc2;Atp6v1c1;Mrps15;Suclg1;Atp6ap1;Idh2;Acadm;Oxa1l;Cox11;Tomm70a;Idh3g;Timm9;Supv3l1;Ogdh","109754;67863;18984;66445;52538;11370;69833;11429;67130;66841;11951;51798;18242;109672;67460;71679;22333;12864;24030;66594;67442;22272;30055;110826;17449;210009;12028;66945;59040;11655;67994;75406;57279;110842;12894;17448;66525;66043;68202;78920;223696;70383;68197;66335;66407;56451;54411;269951;11364;69089;69802;28185;15929;30056;338359;18293",190
"CRISPR","KO_vs_WT","HALLMARK_APICAL_SURFACE",-1.21808298441258,0.332282712511939,"Cx3cl1;Gas1;Rtn4rl1;Sulf2;App;Mdga1;Gstm5;Gata3","20312;14451;237847;72043;11820;74762;14866;14462",28
"CRISPR","KO_vs_WT","HALLMARK_NOTCH_SIGNALING",-1.20473832218442,0.332282712511939,"Fzd1;Prkca;Notch1;Wnt5a;Kat2a;Rbx1;Fbxw11;Notch2;Ccnd1;Fzd7;Dtx4;Lfng;Hes1;Skp1","14362;18750;18128;22418;14534;56438;103583;18129;12443;14369;207521;16848;15205;21402",27
"CRISPR","KO_vs_WT","HALLMARK_UV_RESPONSE_UP",1.12533201011024,0.332282712511939,"Chka;Slc6a12;Atp6v1f;Ggh;Cxcl1;Tchh;Psmc3;Mark2;Atf3;Casp3;Nxf1;Dnajb1;Lyn;Btg3;Gls;Bcl2l11;Grpel1;Stip1;Furin;Abcb1a;Rhob;Fosb;Creg1;Cyb5b;Olfm1;Polr2h","12660;14411;66144;14590;14825;99681;19182;13728;11910;12367;53319;81489;17096;12228;14660;12125;17713;20867;18550;18671;11852;14282;433375;66427;56177;245841",124
"CRISPR","KO_vs_WT","HALLMARK_INTERFERON_GAMMA_RESPONSE",1.11412405883414,0.35793392714077,"Fgl2;Ptgs2;Ifit2;Pim1;Tmt1b;Pla2g4a;Casp3;Ifi30;Cd274;Trim26;Lats2;Pde4b;Pfkp;Slc25a28;Rnf31;Il15;Nampt;Gpr18;Ncoa3;Ifih1;Samhd1;Tdrd7;Helz2;Oasl1;Znfx1;Sppl2a;Tor1b;Trim21;Herc6;Ube2l6;Cdkn1a;Rsad2;Ifi27;Irf5;Samd9l;Eif2ak2;Nmi;Tnfaip3;Ddx60;Cxcl10;Mx2;Arl4a;Rbck1;Myd88;Parp14;Il15ra;Parp12;Rtp4;Ifit3;Nup93;Psmb9;Irf9;Irf7","14190;19225;15958;18712;71664;18783;12367;65972;60533;22670;50523;18578;56421;246696;268749;16168;59027;110168;17979;71586;56045;100121;229003;231655;98999;66552;30934;20821;67138;56791;12575;58185;52668;27056;209086;19106;64685;21929;234311;15945;17858;11861;24105;17874;547253;16169;243771;67775;15959;71805;16912;16391;54123",151
"CRISPR","KO_vs_WT","HALLMARK_TNFA_SIGNALING_VIA_NFKB",-1.10751426285185,0.35793392714077,"Plpp3;Gfpt2;Sgk1;Klf10;Sqstm1;Egr3;Serpinb8;Lif;Pmepa1;Tubb2a;Nfkbie;Csf1;Marcks;Serpine1;Ifngr2;Ripk2;Pdlim5;Slc2a3;Tnfaip2;Il6st;Rel;Tsc22d1;Spsb1;Stat5a;Socs3;Icosl;Bhlhe40;Klf4;Atp2b1;Birc3;Myc;Ptx3;Tnfaip6;Egr1;Irf1;Btg1;Ccnd1;Phlda1;Tnfrsf9;Dnajb4;Trib1;Gch1;Abca1;Dram1;Fos;Relb","67916;14584;20393;21847;18412;13655;20725;16878;65112;22151;18037;12977;17118;18787;15980;192656;56376;20527;21928;16195;19696;21807;74646;20850;12702;50723;20893;16600;67972;11796;17869;19288;21930;13653;16362;12226;12443;21664;21942;67035;211770;14528;11303;71712;14281;19698",169
"CRISPR","KO_vs_WT","HALLMARK_UNFOLDED_PROTEIN_RESPONSE",-1.14009615520555,0.35793392714077,"Ywhaz;Exosc4;Tubb2a;Pdia5;Ddit4;Eif4a3;Tars1;Kdelr3;Cnot6;Shc1;Skic3;Xbp1;Nhp2;Srprb;Exosc5;Bag3;Slc1a4;Hsp90b1;Arxes2;Srpra;Sec31a;Iars1;Gosr2;Eif4a1;Atf4;Ssr1;Preb","22631;109075;22151;72599;74747;192170;110960;105785;104625;20416;218343;22433;52530;20818;27998;29810;55963;22027;76976;67398;69162;105148;56494;13681;11911;107513;50907",110
"CRISPR","KO_vs_WT","HALLMARK_COAGULATION",-1.12249150355432,0.397476340694006,"Timp3;Timp1;Serpine1;Sparc;Prss23;Gda;Mmp9;Anxa1;Lta4h;Ctsh;Cpq;Itga2;Pef1;S100a13;Usp11;C3;Ctsl;F8;Sh2b2;Fn1;Plat","21859;21857;18787;20692;76453;14544;17395;16952;16993;13036;54381;16398;67898;20196;236733;12266;13039;14069;23921;14268;18791",75
"CRISPR","KO_vs_WT","HALLMARK_PEROXISOME",-1.11392431495897,0.397476340694006,"Slc25a17;Abcd2;Dlg4;Crabp1;Fdps;Cacna1b;Ech1;Abcd3;Slc35b2;Tspo;Top2a;Retsat;Abcd1;Atxn1;Rdh11;Eci2;Dhcr24;Acox1;Slc25a19;Cln6;Sema3c;Mlycd;Scp2;Idh2;Pex11b;Elovl5;Cln8;Isoc1;Fis1;Idi1;Pex13","20524;26874;13385;12903;110196;12287;51798;19299;73836;12257;21973;67442;11666;20238;17252;23986;74754;11430;67283;76524;20348;56690;20280;269951;18632;68801;26889;66307;66437;319554;72129",77
"CRISPR","KO_vs_WT","HALLMARK_DNA_REPAIR",-1.05994033481937,0.44171153532387,"Cant1;Aaas;Vps28;Ak1;Guk1;Polr2f;Taf6;Rfc2;Adcy6;Alyref;Supt4a;Rfc3;Zfp707;Rbx1;Nt5c;Tarbp2;Rfc4;Smad5;Mpg;Polr2k;Rrm2b;Vps37d;Nudt9;Nelfe;Tyms;Pold1;Taf12;Lig1;Usp11;Trp53;Polr2i;Polr3c;Taf10;Dguok;Nme1;Pola1;Rfc5;Eif1b;Dad1;Polr2j;Polr2e","76025;223921;66914;11636;14923;69833;21343;19718;11512;21681;20922;69263;69020;56438;50773;21357;106344;17129;268395;17749;382985;194309;74167;27632;22171;18971;66464;16881;236733;22059;69920;74414;24075;27369;18102;18968;72151;68969;13135;20022;66420",143
"CRISPR","KO_vs_WT","HALLMARK_ALLOGRAFT_REJECTION",-1.05772476378302,0.463208993357179,"Fyb1;Timp1;Ccl7;Lif;Ifngr1;Eif3d;Csk;Csf1;Mtif2;Ifngr2;Ripk2;Mmp9;Capg;Eif5a;Icosl;Il12rb1;Tgfb2;Cdkn2a;Bcat1;Socs5;Apbb1;Brca1;Il4ra;Hdac9;Wars1;Fas;Cd74;Thy1;Nme1","23880;21857;20306;16878;15979;55944;12988;12977;76784;15980;192656;17395;12332;276770;50723;16161;21808;12578;12035;56468;11785;12189;16190;79221;22375;14102;16149;21838;18102",101
"CRISPR","KO_vs_WT","HALLMARK_BILE_ACID_METABOLISM",-1.06214709413498,0.463208993357179,"Abca9;Cyp7b1;Rbp1;Abcd2;Ar;Nedd4;Amacr;Abcd3;Pfkm;Slc35b2;Retsat;Abcd1;Atxn1;Efhc1;Abca6;Slc29a1;Rxra;Abca8b;Abca1;Fdxr;Abca2;Dhcr24","217262;13123;19659;26874;11835;17999;17117;19299;18642;73836;67442;11666;20238;71877;76184;63959;20181;27404;11303;14149;11305;74754",72
"CRISPR","KO_vs_WT","HALLMARK_P53_PATHWAY",-0.999241687506984,0.571262558104663,"S100a4;Baiap2;Fgf13;Ak1;Eps8l2;Phlda3;Lif;Csrnp2;Notch1;Ddit4;Steap3;Zfp36l1;Cebpa;Rrad;Cd81;Hint1;Tsc22d1;Osgin1;App;Acvr1b;Irak1;Rgs16;Cdk5r1;Cdkn2a;Klf4;Retsat;Itgb4;Def6;Plxnb2;Pmm1;Sfn;Btg1;Hexim1;Rap2b;Bax;Mknk2;Rxra;Dram1;Dcxr;Fos;Ei24;Fas;Trp53;Fdxr;Sdc1;Tax1bp3;Prkab1","20198;108100;14168;11636;98845;27280;16878;207785;18128;74747;68428;12192;12606;56437;12520;15254;21807;71839;11820;11479;16179;19734;12569;12578;16600;67442;192897;23853;140570;29858;55948;12226;192231;74012;12028;17347;20181;71712;67880;14281;13663;14102;22059;14149;20969;76281;19079",176
"CRISPR","KO_vs_WT","HALLMARK_ESTROGEN_RESPONSE_LATE",-0.985639125661976,0.611258648403103,"Ass1;Gjb3;Sgk1;Igfbp4;Egr3;Fdft1;Nab2;Prss23;Emp2;Gfus;Kcnk5;Il6st;Cdc6;Prkar2b;Impa2;Xbp1;Cox6c;Rabep1;Top2a;Cxcl12;Klf4;Blvrb;Itpk1;Plxnb1;Tst;Slc1a4;Tspan13;Sfn;Ccnd1;Slc29a1;Etfb;Aldh3b1;Chpt1;Dhcr7;Foxc1;Dcxr;Fos;Scarb1;Cav1","11898;14620;20393;16010;13655;14137;17937;76453;13731;22122;16529;16195;23834;19088;114663;22433;12864;54189;21973;20315;16600;233016;217837;235611;22117;55963;66109;55948;12443;63959;110826;67689;212862;13360;17300;67880;14281;20778;12389",137
"CRISPR","KO_vs_WT","HALLMARK_MTORC1_SIGNALING",-0.981100899942585,0.611258648403103,"Ctsc;Sqstm1;Sqle;Ifrd1;Acly;Hmgcs1;Insig1;Ddit4;Atp5mc1;Serpinh1;Elovl6;Slc2a3;Acaca;Rpa1;Rab1a;Lta4h;Cyp51;Tubg1;Canx;Tmem97;Nmt1;Xbp1;Cth;Bhlhe40;Ykt6;Dapp1;Glrx;Sc5d;Bcat1;Psme3;G6pdx;Hmgcr;Slc1a4;Hsp90b1;Rpn1;Rdh11;Ppia;Stard4;Ebp;Dhcr7;Wars1;Ssr1;Psmd12;Acsl3;Fdxr;Psmb5;Actr2;Hmbs;Dhcr24;Hspa4;Shmt2;Sec11a;Sytl2;Pdap1;Gclc","13032;18412;20775;15982;104112;208715;231070;74747;11951;12406;170439;20527;107476;68275;19324;16993;13121;103733;12330;69071;18107;22433;107869;20893;56418;26377;93692;235293;12035;19192;14381;15357;55963;22027;103963;17252;268373;170459;13595;13360;22375;107513;66997;74205;14149;19173;66713;15288;74754;15525;108037;56529;83671;231887;14629",193
"CRISPR","KO_vs_WT","HALLMARK_PROTEIN_SECRETION",0.94647092008356,0.65983606557377,"Clcn3;Snap23;M6pr;Vps4b;Tpd52;Ap3s1;Ap1g1;Igf2r;Cog2;Snx2;Stam;Gbf1;Scamp1;Rab5a;Kif1b;Sgms1;Pam;Atp6v1h","12725;20619;17113;20479;21985;11777;11765;16004;76332;67804;20844;107338;107767;271457;16561;208449;18484;108664",90
"CRISPR","KO_vs_WT","HALLMARK_HEME_METABOLISM",0.935926934167694,0.685799109351806,"Clcn3;Pcx;Epb41;Mfhas1;Hagh;Bmp2k;Arl2bp;Ranbp10;Mpp1;Marchf2;Dcaf11;Mboat2;Mxi1;Rcl1;Htatip2;Marchf8;Lrp10;Cpox;Epor;Daam1;Slc66a2;Sdcbp;Btrc;Ypel5;Ppp2r5b;Cat;Prdx2;Blvra;Rad23a;Mospd1;Foxj2","12725;18563;269587;52065;14651;140780;107566;74334;17524;224703;28199;67216;17859;59028;53415;71779;65107;12892;13857;208846;66943;53378;12234;383295;225849;12359;21672;109778;19358;70380;60611",155
"CRISPR","KO_vs_WT","HALLMARK_COMPLEMENT",-0.860938458728123,0.820928316396594,"Ctsc;Pla2g7;Timp1;Timp2;Atox1;Dock10;Zeb1;Serpine1;Dock4;Calm3;Akap10;Grb2;Lta4h;Ctsh;Cdk5r1;Gata3;Irf1;Cpq;Zfpm2;Rhog;S100a13;Pfn1;C3;Ctsl;F8;Fn1;Plat;Car2","13032;27226;21857;21858;11927;210293;21417;18787;238130;12315;56697;14784;16993;13036;12569;14462;16362;54381;22762;56212;20196;18643;12266;13039;14069;14268;18791;12349",122
"CRISPR","KO_vs_WT","HALLMARK_REACTIVE_OXYGEN_SPECIES_PATHWAY",0.796144889462303,0.871661054994388,"Gsr;Oxsr1;Pdlim1;Cdkn2d;Pfkp;Txn1;Cat;Prnp;Prdx2","14782;108737;54132;12581;56421;22166;12359;19122;21672",44
"CRISPR","KO_vs_WT","HALLMARK_G2M_CHECKPOINT",0.653503156612407,1,"Ddx39a;Hnrnpd;E2f4;Mybl2;Tnpo2;Cdkn2c;Stmn1;Slc7a5;Orc6;Odf2;Odc1;Sap30;Knl1;Uck2;Kif20b;Incenp;Wrn;Cul4a;E2f1;Kif11;Hmgb3;Rps6ka5;Stil;Bard1;Katna1;Map3k20;Cdc7;Upf1;Mtf2;Abl1;Bub1;Mad2l1;Cenpf;Gins2;Fbxo5;Slc38a1;Chmp1a;Nasp;Cdkn1b;Pura;Nolc1;Kif5b;Orc5;Foxn3;Nek2;Hnrnpu;Smc4;Ctcf;Ccnf;Pttg1;Pola2","68278;11991;104394;17865;212999;12580;16765;20539;56452;18286;18263;60406;76464;80914;240641;16319;22427;99375;13555;16551;15354;73086;20460;12021;23924;65964;12545;19704;17765;11350;12235;56150;108000;272551;67141;105727;234852;50927;12576;19290;70769;16573;26429;71375;18005;51810;70099;13018;12449;30939;18969",193
"CRISPR","KO_vs_WT","HALLMARK_MYC_TARGETS_V1",-0.741798197149728,1,"Xrcc6;Ifrd1;Cyc1;Hnrnpa1;Eif3d;Psmd3;Cct5;Canx;Phb1;Psmb3;Vdac1;Rfc4;G3bp1;Pold2;C1qbp;Nhp2;Mcm7;Myc;Fam120a;Iars1;Eif4a1;Tufm;Tyms;Ppia;Exosc7;Dek;Prpf31;Cstf2;Nme1;Ruvbl2;Bub3;Ywhae;Fbl;Cdk4;Snrpd3;Xpot;Sf3a1;Cct4;Tomm70a;Rack1;Mrpl23;Cdc45;Aimp2;Mcm2;Cdc20;Snrpa;Hnrnpr;Mrpl9;Srsf2;Eif3b","14375;15982;66445;15382;55944;22123;12465;12330;18673;26446;22333;106344;27041;18972;12261;52530;17220;17869;218236;105148;13681;233870;22171;268373;66446;110052;68988;108062;18102;20174;12237;22627;14113;12567;67332;73192;67465;12464;28185;14694;19935;12544;231872;17216;107995;53607;74326;78523;20382;27979",192
"CRISPR","KO_vs_WT","HALLMARK_MYC_TARGETS_V2",0.488084256612864,1,"Slc29a2;Sord;Rcl1;Nip7;Hk2;Pprc1;Gnl3;Rrp12;Nop56;Rabepk;Farsa;Nolc1;Utp20","13340;20322;59028;66164;15277;226169;30877;107094;67134;227746;66590;70769;70683",58
"CRISPR","KO_vs_WT","HALLMARK_PI3K_AKT_MTOR_SIGNALING",-0.666887907790556,1,"Sqstm1;Rptor;Atf1;Acaca;Prkag1;Grb2;Arhgdia;Cltc;Arf1;Mapk9;Dapp1;Hsp90b1;Sfn;Irak4;Mknk2;Pfn1;Akt1s1;Actr2;Pla2g12a;Map2k6;Cdk4;Tnfrsf1a;Prkcb;Gsk3b;Cab39l;Ecsit;Rac1;Ddit3","18412;74370;11908;107476;19082;14784;192662;67300;11840;26420;26377;22027;55948;266632;17347;18643;67605;66713;66350;26399;12567;21937;18751;56637;69008;26940;19353;13198",95
"mouseKD","KD_vs_Control","HALLMARK_INTERFERON_ALPHA_RESPONSE",2.87597141514525,7.00229284634794e-19,"Ifi44;Lgals3bp;Gbp3;Irf7;Usp18;Ifitm3;Ifit3;Oas1a;Samd9l;Parp14;Isg15;Rtp4;Parp12;Parp9;Bst2;C1s1;Ifi35;Cd47;Ifih1;Cmpk2;Irf9;Ly6e;Uba7;Wars1;Nmi;Cnp;Psme1;Dhx58;Stat2;Ddx60;Ifitm2;Trim12c;Mov10;Psmb8;Eif2ak2;Mx2;Csf1;Trim25;Psme2;Pnpt1;Tap1;Tdrd7;Sp110;Ube2l6;Ogfr;Rsad2;Ifitm1;Oasl1","99899;19039;55932;54123;24110;66141;15959;246730;209086;547253;100038882;67775;243771;80285;69550;50908;70110;16423;71586;22169;16391;17069;74153;22375;64685;12799;19186;80861;20847;234311;80876;319236;17454;16913;19106;17858;12977;217069;19188;71701;21354;100121;109032;56791;72075;58185;68713;231655",87
"mouseKD","KD_vs_Control","HALLMARK_EPITHELIAL_MESENCHYMAL_TRANSITION",2.6080357632293,1.6974129096857e-16,"Acta2;Sparc;Cdh11;Fbn2;Col1a1;Slit2;Col1a2;Gas1;Slit3;Myl9;Cdh6;Bgn;Fbln5;Spp1;Efemp2;Ntm;Igfbp4;Serpine2;Col4a1;Fbn1;Col6a3;Col6a2;Fstl1;Timp3;Tnc;Matn2;Prrx1;Gja1;Thy1;Ptx3;Vcan;Crlf1;Timp1;Col16a1;Loxl1;Pcolce;Mmp14;Grem1;Dpysl3;Igfbp3;Col5a2;Col3a1;Mgp;Col4a2;Colgalt1;Itgb5;Tgfbr3;Flna;Tpm2;Col12a1;Plod1;Vim;Fn1;Plaur;Capg;Lox;Id2;Mmp3;Htra1;Scg2;Mylk;Cxcl12;Ecm1;Lrp1;Nnmt;Tgfbi;Tnfrsf12a;Thbs2;Gpc1;Ppib;Emp3","11475;20692;12552;14119;12842;20563;12843;14451;20564;98932;12563;12111;23876;20750;58859;235106;16010;20720;12826;14118;12835;12834;14314;21859;21923;17181;18933;14609;21838;19288;13003;12931;21857;107581;16949;18542;17387;23892;22240;16009;12832;12825;17313;12827;234407;16419;21814;192176;22004;12816;18822;22352;14268;18793;12332;16948;15902;17392;56213;20254;107589;20315;13601;16971;18113;21810;27279;21826;14733;19035;13732",166
"mouseKD","KD_vs_Control","HALLMARK_INTERFERON_GAMMA_RESPONSE",2.53106215916742,2.23213640177101e-14,"Ifi44;Lgals3bp;Gbp3;Irf7;Rnf213;Usp18;Ifitm3;Ifit3;Samd9l;Parp14;Isg15;Rtp4;Rigi;Parp12;Zbp1;Bst2;Xaf1;C1s1;Ifi35;Oas2;Mthfd2;Ifih1;Cmpk2;Irf9;Ly6e;Oas3;Sri;Wars1;Psmb10;Nmi;Stat1;Psme1;Dhx58;Rbck1;Stat2;Ddx60;Casp4;Ptgs2;Ifitm2;Tnfaip2;Psmb8;Eif2ak2;Mx2;Trim25;Psme2;Pnpt1;Pde4b;Tap1;Tdrd7;Sp110;Ube2l6;Ogfr;Socs3;Rsad2;Oasl1;Myd88;Upp1;Nlrc5;Ccl7;Rapgef6;Lats2;Mvp;Casp7;Nod1;Pla2g4a;Cd274;Samhd1;Trim21;Lap3;Psmb9;Ifnar2;Psma3;Sppl2a","99899;19039;55932;54123;672511;24110;66141;15959;209086;547253;100038882;67775;230073;243771;58203;69550;327959;50908;70110;246728;17768;71586;22169;16391;17069;246727;109552;22375;19171;64685;20846;19186;80861;24105;20847;234311;12363;19225;80876;21928;16913;19106;17858;217069;19188;71701;18578;21354;100121;109032;56791;72075;12702;58185;231655;17874;22271;434341;20306;192786;50523;78388;12369;107607;18783;60533;56045;20821;66988;16912;15976;19167;66552",153
"mouseKD","KD_vs_Control","HALLMARK_GLYCOLYSIS",1.82015729999304,9.33067814800049e-05,"Cth;Pgls;Galk1;Ero1a;Fut8;Agrn;Ddit4;G6pdx;Aldh7a1;P4ha1;Vcan;B4galt2;Chst2;Igfbp3;Gys1;Stc2;Fam162a;Vldlr;Rbck1;Ndst3;Angptl4;Sdc2;Ak4;Aldoa;Plod1;Ldha;Idh1;Stc1;Nsdhl;Tpbg;Copb2;Pam;Txn1;Me1;Tgfbi;Pmm2;Cln6;Ext2;Ppia;Gpc1;Il13ra1;B3gat1;Tpst1;Srd5a3;Gclc;Stmn1;Polr3k;Hax1;Artn;Plod2;Gusb;Taldo1;Ier3;Me2;Rpe;Vegfa;B3galt6;Nol3;Tpi1;Chpf2;Capn5;Gfus;Hdlbp;Kif2a;Nt5e;Alg1;Pdk3;Gmppa;Rars1;Adora2b;Ext1","107869;66171;14635;50527;53618;11603;74747;14381;110695;18451;13003;53418;54371;16009;14936;20856;70186;22359;24105;83398;57875;15529;11639;11674;18822;16828;15926;20855;18194;21983;50797;18484;22166;17436;21810;54128;76524;14043;268373;14733;16164;76898;22021;57357;14629;16765;67005;23897;11876;26432;110006;21351;15937;107029;66646;22339;117592;78688;21991;100910;12337;22122;110611;16563;23959;208211;236900;69080;104458;11541;14042",178
"mouseKD","KD_vs_Control","HALLMARK_MYC_TARGETS_V1",1.72789076505066,0.000404055880349778,"Odc1;Cdk4;Impdh2;Vdac3;Eif3b;Hprt1;Psma7;Rps3;Rack1;Npm1;Eif4a1;Ruvbl2;Srsf3;Pabpc1;Eif4g2;Nhp2;Eprs1;Ldha;Rps5;Cct4;Psmd14;Apex1;Srm;Xrcc6;Cad;Eef1b2;Pabpc4;Rpl22;Rps2;Orc2;Ppia;Xpot;Ncbp2;Lsm2;Tomm70a;Prdx4;Cct7;Nop56;Ran;Hnrnpa1;Gspt1;Rpl14;Rrp9;Vdac1;Tcp1;Pwp1;Prpf31;Tyms;Glo1;Rplp0;Hnrnpr;Iars1;Hspd1;Nap1l1;Eif3d;Slc25a3;Ndufab1;Ddx21;Nop16;Cyc1;Srsf2;Snrpa;Rps6;Hnrnpu;Ssbp1;Rps10;Smarcc1;Srsf1;Srsf7;Psmc6;Cct5;Clns1a;Usp1;Kars1;Mad2l1;Cul1;Snrpd2;Psmd7;Gnl3;Ywhaq;Mrpl23;Phb2;Ranbp1;Prdx3;Ctps1;Eif4h;Mcm7;Psmd3;Acp1;Rpl6","18263;12567;23918;22335;27979;15452;26444;27050;14694;18148;13681;20174;20383;18458;13690;52530;107508;16828;20103;12464;59029;11792;20810;14375;69719;55949;230721;19934;16898;18393;268373;73192;68092;27756;28185;53381;12468;67134;19384;15382;14852;67115;27966;22333;21454;103136;68988;22171;109801;11837;74326;105148;15510;53605;55944;18674;70316;56200;28126;66445;20382;53607;20104;51810;381760;67097;20588;110809;225027;67089;12465;12729;230484;85305;56150;26965;107686;17463;30877;22630;19935;12034;19385;11757;51797;22384;17220;22123;11431;19988",193
"mouseKD","KD_vs_Control","HALLMARK_COAGULATION",1.83293578431386,0.00152221408405938,"Sparc;C3;C1s1;Fbn1;Prep;Timp3;Mmp11;Timp1;Mmp14;Mmp10;Cpq;Ctso;Thbd;Dusp6;Ctsk;Fn1;Wdr1;Mmp3;Anxa1;Htra1;Lrp1;Gng12;Ctsl;Gnb2;Plat","20692;12266;50908;14118;19072;21859;17385;21857;17387;17384;54381;229445;21824;67603;13038;14268;22388;17392;16952;56213;16971;14701;13039;14693;18791",80
"mouseKD","KD_vs_Control","HALLMARK_G2M_CHECKPOINT",-1.54829478943104,0.0023498326521384,"Nup50;Upf1;Mcm3;Aurka;Prc1;Cenpf;Incenp;Ythdc1;Nek2;Ccna2;Troap;Birc5;Kif20b;Tpx2;Rpa2;Pds5b;Polq;Snrpd1;Pola2;Cdk1;Nusap1;Sap30;Cdc7;Ccnt1;Kif22;Cenpe;Rad23b;Dr1;Kif11;Mki67;Bub1;Espl1;Nasp;Cks2;Stil;E2f2;Kif5b;Cdc6;Foxn3;Kif4;Ezh2;Bub3;Cdc20;Mnat1;Smc2;Orc6;Odf2;Arid4a;Racgap1;Casp8ap2","18141;19704;17215;20878;233406;108000;16319;231386;18005;12428;78733;11799;240641;72119;19891;100710;77782;20641;18969;12534;108907;60406;12545;12455;110033;229841;19359;13486;16551;17345;12235;105988;50927;66197;20460;242705;16573;23834;71375;16571;14056;12237;107995;17420;14211;56452;18286;238247;26934;26885",192
"mouseKD","KD_vs_Control","HALLMARK_MITOTIC_SPINDLE",-1.49010245941208,0.00269771506515953,"Aurka;Prc1;Als2;Cenpf;Incenp;Nek2;Dlgap5;Fscn1;Apc;Birc5;Kif20b;Tpx2;Arfgef1;Ywhae;Pxn;Taok2;Cdk1;Nusap1;Dynll2;Kif22;Cenpe;Ect2;Kif11;Bcr;Kptn;Bub1;Ckap5;Espl1;Pif1;Flnb;Mark4;Map3k11;Kif5b;Arhgap27;Sass6;Ezr;Tsc1;Kif4;Bcl2l11;Kif1b;Shroom2;Myo1e;Cep57;Rab3gap1;Vcl;Wasf1;Arl8a;Akap13;Kif3b;Racgap1;Arhgef3;Arhgef7;Klc1;Arhgap4;Epb41;Nf1;Trio;Kif23;Tiam1;Clip1","20878;233406;74018;108000;16319;18005;218977;14086;11789;11799;240641;72119;211673;22627;19303;381921;12534;108907;68097;110033;229841;13605;16551;110279;70394;12235;75786;105988;208084;286940;232944;26403;16573;544817;72776;22350;64930;16571;12125;16561;110380;71602;74360;226407;22330;83767;68724;75547;16569;26934;71704;54126;16593;171207;269587;18015;223435;71819;21844;56430",195
"mouseKD","KD_vs_Control","HALLMARK_ANGIOGENESIS",1.88607134821022,0.00818354640104516,"Spp1;Fstl1;Vcan;Nrp1;Timp1;Col5a2;Col3a1;Thbd;Stc1;Ccnd2;S100a4;App;Vegfa;Postn;Vav2;Ptk2","20750;14314;13003;18186;21857;12832;12825;21824;20855;12444;20198;11820;22339;50706;22325;14083",24
"mouseKD","KD_vs_Control","HALLMARK_MTORC1_SIGNALING",1.51624766372501,0.00837141331741403,"Cth;Slc7a11;Pfkl;Slc7a5;Psph;Pdk1;Mthfd2;Rrm2;Ero1a;Ddit4;G6pdx;P4ha1;Wars1;Slc1a5;Shmt2;Nfil3;Gsr;Slc2a1;Fads1;Gpi1;Vldlr;Hprt1;Mllt11;Bcat1;Phgdh;Asns;Psat1;Ak4;Aldoa;Acly;Tes;Eprs1;Ldha;Atp5mc1;Idh1;Stc1;Acaca;Psmd14;Fads2;Tcea1;Me1;Cct6a;Ppia;Ppa1;Pgm1;Txnrd1;Btg2;Psme3;Hspa4;Gclc","107869;26570;18641;20539;100678;228026;17768;20135;50527;74747;14381;18451;22375;20514;108037;18030;14782;20525;76267;14751;22359;15452;56772;12035;236539;27053;107272;11639;11674;104112;21753;107508;16828;11951;15926;20855;107476;59029;56473;21399;17436;12466;268373;67895;72157;50493;12227;19192;15525;14629",195
"mouseKD","KD_vs_Control","HALLMARK_UNFOLDED_PROTEIN_RESPONSE",1.63325286629346,0.00837141331741403,"Slc7a5;Aldh18a1;Mthfd2;Ero1a;Ddit4;Chac1;Yif1a;Nabp1;Arfgap1;Stc2;Eif4ebp1;Dkc1;Tars1;H2ax;Exosc5;Wfs1;Eef2;Npm1;Eif4a1;Asns;Psat1;Srpra;Sec31a;Nhp2;Wipi1;Skic3;Xpot;Fus;Ywhaz;Nop56;Shc1;Rrp9;Eif4g1;Cebpg;Vegfa;Iars1;Slc1a4;Atf4","20539;56454;17768;50527;74747;69065;68090;109019;228998;20856;13685;245474;110960;15270;27998;22393;13629;18148;13681;27053;107272;67398;69162;52530;52639;218343;73192;233908;22631;67134;20416;27966;208643;12611;22339;105148;55963;11911",109
"mouseKD","KD_vs_Control","HALLMARK_FATTY_ACID_METABOLISM",1.5959150693927,0.00900431081315706,"Suclg2;Car6;Adh7;Fh1;Odc1;Ech1;Psme1;Ptprg;Acads;Gstz1;Bmpr1b;Decr1;Reep6;Grhpr;Cryz;Aldoa;Ldha;Idh1;Hsd17b10;Hadhb;Nsdhl;Fasn;Acaa1a;Apex1;Echs1;Acot2;Acadvl;Me1;Inmt;Ube2l6;Eci2;Idh3g;Alad;Acsl5;Acaa2;Ostc;Pdha1;Eno3;Bphl;Uros;Pts","20917;12353;11529;14194;18263;51798;19186;19270;11409;14874;12167;67460;70335;76238;12972;11674;16828;15926;15108;231086;18194;14104;113868;11792;93747;171210;11370;17436;21743;56791;23986;15929;17025;433256;52538;66357;18597;13808;68021;22276;19286",127
"mouseKD","KD_vs_Control","HALLMARK_XENOBIOTIC_METABOLISM",1.57196210145003,0.00918625071930966,"Dhrs7;Xdh;Igfbp4;Gsto1;Acp2;Adh7;Il1r1;Pgd;Psmb10;Slc1a5;Shmt2;Gsr;Crot;Ech1;Hprt1;Atoh8;Dhrs1;Entpd5;Pink1;Bcat1;Tnfrsf1a;Fetub;Lonp1;Id2;Tkfc;Idh1;Smox;Csad;Adh5;Mccc2;Tpst1;Gclc;Mthfd1;Upp1;Pemt;Bphl;Pts;Gss;Ninj1;Pros1;Tmem97;Nqo1;Pdlim5;Gcnt2","66375;22436;16010;14873;11432;11529;16177;110208;19171;20514;108037;14782;74114;51798;15452;71093;52585;12499;68943;12035;21937;59083;74142;15902;225913;15926;228608;246277;11532;78038;22021;14629;108156;22271;18618;68021;19286;14854;18081;19128;69071;18104;56376;14538",140
"mouseKD","KD_vs_Control","HALLMARK_INFLAMMATORY_RESPONSE",1.58150069495489,0.0097825685612956,"Irf7;Rtp4;Bst2;Osmr;Ereg;Adm;Ly6e;P2ry2;Il1r1;Sri;Timp1;Nmi;Mmp14;Chst2;P2rx4;Tlr3;Axl;Cx3cl1;Eif2ak2;Tlr2;Il18rap;Slc7a1;Plaur;Csf1;Tpbg;Pde4b;Calcrl;Emp3;Btg2;Ifitm1","54123;67775;69550;18414;13874;11535;17069;18442;16177;109552;21857;64685;17387;54371;18438;142980;26362;20312;19106;24088;16174;11987;18793;12977;21983;18578;54598;13732;12227;68713",125
"mouseKD","KD_vs_Control","HALLMARK_PROTEIN_SECRETION",-1.62890400602641,0.0100899528170409,"Igf2r;Scrn1;Gla;Golga4;Cltc;Galc;Lamp2;Clta;Scamp1;Scamp3;Ykt6;Arfgef1;Napg;Atp7a;Rab5a;Ap1g1;Gbf1;Tpd52;Rab9;Stx7;Ppt1;Sec22b;Cav2;Kif1b;Tmx1;Vps45;Atp6v1h;Copb1","16004;69938;11605;54214;67300;14420;16784;12757;107767;24045;56418;211673;108123;11977;271457;11765;107338;21985;56382;53331;19063;20333;12390;16561;72736;22365;108664;70349",90
"mouseKD","KD_vs_Control","HALLMARK_ADIPOGENESIS",1.55510220313644,0.0103020581752077,"Pfkl;Lama4;Dhrs7;C3;Col4a1;Slc25a1;Slc1a5;Nabp1;Ech1;Plin2;Acads;Samm50;Abcb8;Slc19a1;Decr1;Coq9;Dram2;Reep6;Ywhag;Angptl4;Aldoa;Acly;Idh1;Rnf11;Araf;Mylk;Cd151;Dbt;Echs1;Esyt1;Phyh;Me1;Dlat;Idh3g;Miga2;Cmpk1;Pgm1;Ptcd3;Ppp1r15b;Bckdha;Acaa2;Rab34;Pdcd4;Coq3;Pemt;Cd302;Taldo1;Uqcrc1;Gpx4;Mtch2;Sdhb;Ndufab1;Angpt1;Hadh","18641;16775;66375;12266;12826;13358;20514;109019;51798;11520;11409;68653;74610;20509;67460;67914;67171;70335;22628;57875;11674;104112;15926;29864;11836;107589;12476;13171;93747;23943;16922;17436;235339;15929;108958;66588;72157;69956;108954;12039;52538;19376;18569;230027;18618;66205;21351;22273;625249;56428;67680;70316;11600;15107",181
"mouseKD","KD_vs_Control","HALLMARK_KRAS_SIGNALING_UP",1.5729297835617,0.0103020581752077,"Slpi;Prkg2;Spp1;Vwa5a;Ank;Ereg;Ero1a;Trib2;Apod;Prrx1;Mmp11;Nrp1;Klf4;Mmp10;Adgra2;Igfbp3;Zfp639;Crot;Btbd3;Emp1;Ptgs2;Psmb8;Angptl4;Dusp6;Plaur;Il1rl2;Id2;Mtmr10;Hdac9;Ccnd2;Nin;Etv5","20568;19092;20750;67776;11732;13874;50527;217410;11815;18933;17385;18186;16600;17384;78560;16009;67778;74114;228662;13730;19225;16913;57875;67603;18793;107527;15902;233315;79221;12444;18080;104156",132
"mouseKD","KD_vs_Control","HALLMARK_SPERMATOGENESIS",-1.60118878276724,0.0115081574876728,"Hspa4l;Aurka;Nek2;Mast2;Phkg2;Tekt2;Cdk1;Topbp1;Bub1;Acrbp;Chrm4;Cnih2;Ncaph;Ezh2;Stam2;Pcsk4;Prkar2a;Camk4;Tssk2;Arl4a;Zc2hc1c","18415;20878;18005;17776;68961;24084;12534;235559;12235;54137;12672;12794;215387;14056;56324;18551;19087;12326;22115;11861;72350",75
"mouseKD","KD_vs_Control","HALLMARK_ALLOGRAFT_REJECTION",1.52175623210621,0.017223987525016,"Irf7;Cd47;Ereg;Thy1;Wars1;Psmb10;Timp1;Il11;Stat1;Tlr3;Npm1;Rps3a1;Akt1;Flna;Bcat1;Tlr2;Dars1;Il18rap;Eif4g3;Csf1;Capg;Hdac9;Tap1;Ccnd2","54123;16423;13874;21838;22375;19171;21857;16156;20846;142980;18148;20091;11651;192176;12035;24088;226414;16174;230861;12977;12332;79221;21354;12444",106
"mouseKD","KD_vs_Control","HALLMARK_HYPOXIA",1.47579275786817,0.0187274779525795,"Cp;Pfkl;Errfi1;Bgn;Pdk1;Galk1;Adm;Ero1a;Ddit4;P4ha1;Slc25a1;Plac8;Rbpj;Nfil3;Chst2;Igfbp3;Gys1;Slc2a1;Stc2;Fam162a;Gpi1;Plin2;Vldlr;Ackr3;Grhpr;Angptl4;Sdc2;Nagk;Ak4;Aldoa;Tes;Plaur;Siah2;Ldha;Lox;Stc1;Tpbg;Pam;Wsb1;Lxn;Tgfbi;Ndrg1;Prdx5;Gpc1;S100a4;Pgm1","12870;18641;74155;12111;228026;14635;11535;50527;74747;18451;13358;231507;19664;18030;54371;16009;14936;20525;20856;70186;14751;11520;22359;12778;76238;57875;15529;56174;11639;11674;21753;18793;20439;16828;16948;20855;21983;18484;78889;17035;21810;17988;54683;14733;20198;72157",174
"mouseKD","KD_vs_Control","HALLMARK_COMPLEMENT",1.45831092015259,0.0304304792594677,"Irf7;Cp;C3;C1s1;Pla2g7;Prep;Timp1;Mmp14;Cblb;Dock4;Sh2b3;Col4a2;Casp4;Cpq;Ctso;Dusp6;Fn1;Plaur;Cdh13;Pfn1;Lrp1;Me1;Sirt6;Dusp5;Ctsl;Gnb2;Stx4a;Plat;Mmp13;Brpf3;Timp2;Psen1;Casp7;Src;Pik3ca;Ppp4c;Pla2g4a;Dgkh;Kif2a;Cebpb;Lap3;Psmb9;Lck","54123;12870;12266;50908;27226;19072;21857;17387;208650;238130;16923;12827;12363;54381;229445;67603;14268;18793;12554;18643;16971;17436;50721;240672;13039;14693;20909;18791;17386;268936;21858;19164;12369;20779;18706;56420;18783;380921;16563;12608;66988;16912;16818",132
"mouseKD","KD_vs_Control","HALLMARK_E2F_TARGETS",-1.28531224369927,0.036839833350515,"Mcm3;Aurka;Bub1b;Depdc1a;Mcm4;Cdca8;Kif18b;Dlgap5;Pan2;Ung;Brca1;Birc5;Gins3;Rpa2;Pds5b;Wee1;Pola2;Cdk1;Kif22;Cenpe;Mki67;Pms2;Ak2;Ppm1d;Spag5;Ccp110;Espl1;Nasp;Wdr90;Cks2;Atad2;Dnmt1;Ube2t;Kif4;Ezh2;Pold3;Cit","17215;20878;12236;76131;17217;52276;70218;218977;103135;22256;12189;11799;78833;19891;100710;22390;18969;12534;110033;229841;17345;18861;11637;53892;54141;101565;105988;50927;106618;66197;70472;13433;67196;16571;14056;67967;12704",199
"mouseKD","KD_vs_Control","HALLMARK_UV_RESPONSE_DN",1.43474098936622,0.0510263935286012,"Col1a1;Col1a2;Fbln5;Id1;Gja1;Nrp1;Sri;Sipa1l1;Ptgfr;Cacna1a;Celf2;Vldlr;Col5a2;Col3a1;Abcc1;Adgrl2;Tgfbr3;Plpp3;Plcb4;Ltbp1;Sdc2;Slc7a1;Cdon;Pias3;Runx1;Erbb2;Amph;Mios;Prkar2b;Ica1;Prkce;Map1b;Synj2;Pdlim5;Anxa2;Lamc1;Map2k5;Tgfbr2;Col11a1;Cdc42bpa;Vav2;Adora2b;Anxa4;Fyn;Mmp16;Syne1;Itgb3;Tfpi;Pdgfrb;Dusp1","12842;12843;23876;15901;14609;18186;109552;217692;19220;12286;14007;22359;12832;12825;17250;99633;21814;67916;18798;268977;15529;11987;57810;229615;12394;13866;218038;252875;19088;15893;18754;17755;20975;56376;12306;226519;23938;21813;12814;226751;22325;11541;11746;14360;17389;64009;16416;21788;18596;19252",136
"mouseKD","KD_vs_Control","HALLMARK_IL2_STAT5_SIGNALING",1.36817318457235,0.0561809895587001,"Gbp3;Ifitm3;Spp1;Col6a1;Gsto1;Alcam;Il1rl1;P4ha1;Odc1;Nrp1;Slc1a5;Spry4;Nfil3;Adam19;Plin2;Bcl2l1;P2rx4;Emp1;Syngr2;St3gal4;Itga6;Csf1;Capg;Serpinb6a;Ptrh2;Socs2;Cyfip1;Ecm1;Glipr2;Ccnd2;Ndrg1;Praf2;Snx9;Lrig1;Amacr;Eef1akmt1;Eno3;Cdc42se2;Gpx4;Lif;Twsg1;Etv4;Myo1c;Tnfrsf9;Uck2;Ttc39b;Nt5e;Il3ra;Abcb1a;Fah;Ahcyl","55932;66141;20750;12833;14873;11658;17082;18451;18263;18186;20514;24066;18030;11492;11520;12048;18438;13730;20973;20443;16403;12977;12332;20719;217057;216233;20430;13601;384009;12444;17988;54637;66616;16206;17117;68043;13808;72729;625249;16878;65960;18612;17913;21942;80914;69863;23959;16188;18671;14085;11615",153
"mouseKD","KD_vs_Control","HALLMARK_MYC_TARGETS_V2",1.42036446911094,0.0748319159204528,"Map3k6;Cdk4;Prmt3;Ipo4;Slc19a1;Exosc5;Npm1;Srm;Wdr43;Bysl;Grwd1;Rcl1;Nop56;Rrp9;Tmem97;Hspd1;Dusp2;Nop16;Wdr74;Tbrg4;Tcof1","53608;12567;71974;75751;20509;27998;18148;20810;72515;53414;101612;59028;67134;27966;69071;15510;13537;28126;107071;21379;21453",58
"mouseKD","KD_vs_Control","HALLMARK_APOPTOSIS",1.30627461764041,0.102999659129644,"Cth;Ifitm3;Bgn;Ank;Ereg;Timp3;Timp1;Hgf;Gsr;Bcl2l1;Emp1;Casp4;Tspo;Tgfbr3;Psen2;Anxa1;Erbb2;Ccnd1;Egr3;Tap1;Nedd9;Fez1;Ccnd2;Tnfrsf12a;Bcl2l2;Btg2;Pdcd4;App;Add1;Plat;Madd;Ier3;Gpx4;Timp2;Psen1;Dnm1l;Casp7;Bax;Dap3","107869;66141;12111;11732;13874;21859;21857;15234;14782;12048;13730;12363;12257;21814;19165;16952;13866;12443;13655;21354;18003;235180;12444;27279;12050;12227;18569;11820;11518;18791;228355;15937;625249;21858;19164;74006;12369;12028;65111",138
"mouseKD","KD_vs_Control","HALLMARK_OXIDATIVE_PHOSPHORYLATION",1.26602400186416,0.103839441535777,"Fh1;Slc25a4;Vdac3;Ech1;Gpi1;Slc25a11;Decr1;Glud1;Acadsb;Oxa1l;Timm13;Abcb7;Slc25a5;Ldha;Atp5mc1;Idh1;Hsd17b10;Hadhb;Acaa1a;Echs1;Acadvl;Phyh;Htra2;Etfa;Dlat;Idh3g;Acat1;Mrps15;Idh2;Bckdha;Tomm70a;Acaa2;Cyb5r3;Pdha1;Mtx2;Vdac1;Uqcrc1;Gpx4;Ndufs8;Ndufv2;Casp7;Bax;Sdhb;Ndufa6;Slc25a3;Ndufa7;Ndufab1;Ndufs7;Nqo2;Cyc1;Mtrf1;Rhot1","14194;11739;22335;51798;14751;67863;67460;14661;66885;69089;30055;11306;11740;16828;11951;15926;15108;231086;113868;93747;11370;16922;64704;110842;235339;15929;110446;66407;269951;12039;28185;52538;109754;18597;53375;22333;22273;625249;225887;72900;12369;12028;67680;67130;18674;66416;70316;75406;18105;66445;211253;59040",191
"mouseKD","KD_vs_Control","HALLMARK_REACTIVE_OXYGEN_SPECIES_PATHWAY",1.36684114605039,0.103839441535777,"G6pdx;Gsr;Abcc1;Egln2;Oxsr1;Txn1;Srxn1;Txnrd1;Ptpa;Prdx4;Gclc;Pdlim1;Gpx4;Nqo1;Ndufa6;Gclm;Stk25;Prdx1;Prdx6;Prdx2;Glrx2","14381;14782;17250;112406;108737;22166;76650;50493;110854;53381;14629;54132;625249;18104;67130;14630;59041;18477;11758;21672;69367",45
"mouseKD","KD_vs_Control","HALLMARK_BILE_ACID_METABOLISM",1.30195281558722,0.131735827001753,"Crot;Nedd4;Fads1;Pnpla8;Abca9;Pex7;Slc29a1;Gnpat;Idh1;Pex19;Fads2;Bcar3;Phyh;Prdx5;Idh2;Acsl5;Amacr;Ar;Abcd1;Cyp7b1;Dio2;Gclm;Slc35b2;Lck;Abca1;Abca3;Abcd3;Pecr","74114;17999;76267;67452;217262;18634;63959;14712;15926;19298;56473;29815;16922;54683;269951;433256;17117;11835;11666;13123;13371;14630;73836;16818;11303;27410;19299;111175",82
"mouseKD","KD_vs_Control","HALLMARK_CHOLESTEROL_HOMEOSTASIS",1.30025980119489,0.148739977090493,"Errfi1;Alcam;Nfil3;Ech1;Plaur;Chka;Nsdhl;Fasn;Fads2;Fdps;Tnfrsf12a;Mvk;Gstm7;Fbxo6;Gusb;Tmem97;Pdk3;Fdft1;Niban1;Actg1;Stx5a;Antxr2;Clu;Pnrc1","74155;11658;18030;51798;18793;12660;18194;14104;56473;110196;27279;17855;68312;50762;110006;69071;236900;14137;63913;11465;56389;71914;12759;108767",63
"mouseKD","KD_vs_Control","HALLMARK_MYOGENESIS",1.17489111164562,0.250190876121397,"Sparc;Igfbp7;Col1a1;Col6a3;Col6a2;Agrn;Apod;Igfbp3;Stc2;Col3a1;Col4a2;Itgb5;Tpm2;Syngr2;Psen2;Cdh13;Mylk;Fdps;Cox6a2;Ptp4a3;Cryab;Sod3;Aebp1;Rb1;App;Eno3;Sgcd;Lama2","20692;29817;12842;12835;12834;11603;11815;16009;20856;12825;12827;16419;22004;20973;19165;12554;107589;110196;12862;19245;12955;20657;11568;19645;11820;13808;24052;16773",142
"mouseKD","KD_vs_Control","HALLMARK_ESTROGEN_RESPONSE_LATE",1.16923526175918,0.261924342105263,"Slc7a5;Emp2;Igfbp4;Nab2;Rps6ka2;Klf4;Myof;Slc24a3;Dlg5;Hprt1;Wfs1;Dynlt3;Ass1;Slc29a1;Siah2;Id2;Tpbg;Ccnd1;Egr3;Cxcl12;Farp1;Idh2;Prkar2b;Pdcd4;Jak1;Chpt1;Amfr;Rbbp8;Slc1a4;Dusp2;Gfus;Plxnb1;Ncor2;Acox2;Snx10;Car12;Rnaseh2a;Ckb;Fos;Aldh3b1;Abca3;Fdft1;Gins2","20539;13731;16010;17937;20112;16600;226101;94249;71228;15452;22393;67117;11898;63959;20439;15902;21983;12443;13655;20315;223254;269951;19088;18569;16451;212862;23802;225182;55963;13537;22122;235611;20602;93732;71982;76459;69724;12709;14281;67689;27410;14137;272551",143
"mouseKD","KD_vs_Control","HALLMARK_ESTROGEN_RESPONSE_EARLY",1.13027497991485,0.281815956926089,"Slc7a5;Igfbp4;Rps6ka2;P2ry2;Olfml3;Gja1;Thsd4;Klf4;Slc2a1;Stc2;Myof;Slc24a3;Mast4;Wfs1;Dynlt3;Siah2;Tpbg;Fasn;Ccnd1;Egr3;Cxcl12;Farp1;Isg20l2;Lrig1;Gfra1;Ar;Mindy1;Chpt1;Amfr;Rbbp8;Cant1;Slc1a4;Ncor2;Unc119;Car12;Fos;Ablim1;Aldh3b1;Abca3;Fdft1","20539;16010;20112;18442;99543;14609;207596;16600;20525;20856;226101;94249;328329;22393;67117;20439;21983;14104;12443;13655;20315;223254;229504;16206;14585;11835;75007;212862;23802;225182;76025;55963;20602;22248;76459;14281;226251;67689;27410;14137",151
"mouseKD","KD_vs_Control","HALLMARK_IL6_JAK_STAT3_SIGNALING",1.18656913078917,0.281815956926089,"Osmr;Irf9;Il1r1;Stat1;Stat2;Tlr2;Tnfrsf1a;Csf1;Tnfrsf12a;Socs3;Il13ra1;Myd88;Hax1;Ccl7;Il3ra;Ifnar1;Itgb3;Socs1;Tyk2;Cd38;Il6;Tgfb1","18414;16391;16177;20846;20847;24088;21937;12977;27279;12702;16164;17874;23897;20306;16188;15975;16416;12703;54721;12494;16193;21803",59
"mouseKD","KD_vs_Control","HALLMARK_PEROXISOME",1.15112002102759,0.281815956926089,"Slc25a4;Ech1;Fads1;Ctbp1;Tspo;Ercc1;Crabp1;Pabpc1;Gnpat;Idh1;Acaa1a;Fdps;Eci2;Cln6;Prdx5;Idh2;Acsl5;Hras;Cdk7;Abcd1;Mvp;Slc25a17;Ide;Slc35b2;Prdx1;Acsl4;Smarcc1;Abcb1a;Abcd3","11739;51798;76267;13016;12257;13870;12903;18458;14712;15926;113868;110196;23986;76524;54683;269951;433256;15461;12572;11666;78388;20524;15925;73836;18477;50790;20588;18671;19299",83
"mouseKD","KD_vs_Control","HALLMARK_TNFA_SIGNALING_VIA_NFKB",-1.10964099565513,0.281815956926089,"Gadd45b;Rcan1;Ccn1;Per1;Dnajb4;Klf6;Rhob;Jun;Efna1;Tnfaip3;Irs2;Serpine1;Mxd1;Nr4a3;Nr4a1;Bhlhe40;Nfkbia;B4galt1;Phlda2;Yrdc;Slc2a3;Zbtb10;Il15ra;Gem;Plk2;Spsb1;Edn1;Tiparp;Maff;Dusp4;Sdc4;Klf10;Trip10;Nfkbie;Serpinb8","17873;54720;16007;18626;67035;23849;11852;16476;13636;21929;384783;18787;17119;18124;15370;20893;18035;14595;22113;230734;20527;229055;16169;14579;20620;74646;13614;99929;17133;319520;20971;21847;106628;18037;20725",170
"mouseKD","KD_vs_Control","HALLMARK_APICAL_SURFACE",1.15740449837001,0.313718782073212,"Gas1;Thy1;Cx3cl1;Plaur;Crocc;App;Ephb4;Efna5;Sulf2;Akap7;Flot2","14451;21838;20312;18793;230872;11820;13846;13640;72043;432442;14252",30
"mouseKD","KD_vs_Control","HALLMARK_APICAL_JUNCTION",1.09722796505412,0.340830048690007,"Cdh11;Slit2;Myl9;Cdh6;Cdsn;Fbn1;Zyx;Thy1;Vcan;Col16a1;Cd34;Cx3cl1;Layn;Thbs3;Rasa1;Pfn1;Vasp;Gamt;Evl;Tgfbi;Msn;Parva;Hras;Actb;Shc1;Stx4a;Pkd1;Nectin2;Rsu1","12552;20563;98932;12563;386463;14118;22793;21838;13003;107581;12490;20312;244864;21827;218397;18643;22323;14431;14026;21810;17698;57342;15461;11461;20416;20909;18763;19294;20163",151
"mouseKD","KD_vs_Control","HALLMARK_UV_RESPONSE_UP",-1.03926053408419,0.403274336283186,"Atp6v1c1;Rhob;Clcn2;Eno2;Tgfbrap1;Prpf3;Cltb;Nr4a1;Ykt6;Stip1;Nfkbia;Lyn;Dnaja1;Kcnh2;Cdk2;Casp3;Atp6v1f;Bcl2l11;Ppt1;Apom;Tchh;Furin;Dnajb1;Arrb2;Cdo1;Fen1;Irf1;Atf3;Hspa13","66335;11852;12724;13807;73122;70767;74325;15370;56418;20867;18035;17096;15502;16511;12566;12367;66144;12125;19063;55938;99681;18550;81489;216869;12583;14156;16362;11910;110920",131
"mouseKD","KD_vs_Control","HALLMARK_WNT_BETA_CATENIN_SIGNALING",1.08589207844608,0.403274336283186,"Fzd1;Rbpj;Trp53;Psen2;Ncstn;Ccnd2;Kat2a;Ncor2;Maml1;Axin1","14362;19664;22059;19165;59287;12444;14534;20602;103806;12005",35
"mouseKD","KD_vs_Control","HALLMARK_ANDROGEN_RESPONSE",1.05905652988225,0.407842974864384,"Abcc4;Ank;Gsr;Fads1;Bmpr1b;Selenop;Akt1;Xrcc5;Camkk2;Slc38a2;Ccnd1;Xrcc6;Ndrg1;Vapa;Ngly1","239273;11732;14782;76267;12167;20363;11651;22596;207565;67760;12443;14375;17988;30960;59007",81
"mouseKD","KD_vs_Control","HALLMARK_P53_PATHWAY",-1.00337435797824,0.485792349726776,"Hspa4l;Ifi30;Ctsd;Rgs16;Tob1;Jun;Kif13b;Acvr1b;Osgin1;Mxd1;Mknk2;Stom;Eps8l2;Prkab1;Pdgfa;Jag2;Tcn2;Fas;Sp1;Nupr1;Ppm1d;Ccp110;F2r;Tspyl2;Plk2;Ccnk;Ddit3;Ercc5;Slc35d1;Epha2;Txnip;Tchh;Baiap2;Hexim1;Pom121;Steap3;Cdkn2aip","18415;65972;13033;19734;22057;16476;16554;11479;71839;17119;17347;13830;98845;19079;18590;16450;21452;14102;20683;56312;53892;101565;14062;52808;20620;12454;13198;22592;242585;13836;56338;99681;108100;192231;107939;68428;70925",181
"mouseKD","KD_vs_Control","HALLMARK_PI3K_AKT_MTOR_SIGNALING",0.998551342408655,0.522364277855761,"Pdk1;Cdk4;Slc2a1;Stat2;Akt1;Tnfrsf1a;Pin1;Them4;Mknk1;Pfn1;Rptor;Acaca;Irak4;Pla2g12a;Plcb1;Hras;Myd88;Mapk9;Cab39;E2f1;Tsc2;Nod1;Mapk8;Actr3;Mapkap1;Lck;Ywhab;Rps6ka3;Il4;Itpr2;Plcg1;Actr2;Ube2d3;Egfr;Mapk10;Sqstm1;Map2k6;Ap2m1;Gsk3b;Trib3;Raf1","228026;12567;20525;20847;11651;21937;23988;75778;17346;18643;74370;107476;266632;66350;18795;15461;17874;26420;12283;13555;22084;107607;26419;74117;227743;16818;54401;110651;16189;16439;18803;66713;66105;13649;26414;18412;26399;11773;56637;228775;110157",96
"mouseKD","KD_vs_Control","HALLMARK_HEDGEHOG_SIGNALING",0.963475974317225,0.551801801801802,"Thy1;Nrp1;Vldlr;Rasa1;Scg2","21838;18186;22359;218397;20254",29
"mouseKD","KD_vs_Control","HALLMARK_KRAS_SIGNALING_DN",-0.919797831479781,0.654419506788584,"Myo15a;Tcf7l1;Pax3;Tgfb2;Slc5a5;Celsr2;Abcg4;Slc25a23;Skil;Cpeb3;Mast3;Edn1;Fgfr3;Ptprj;Entpd7;Tgm1;Zc2hc1c;Tent5c;Itgb1bp2","17910;21415;18505;21808;114479;53883;192663;66972;20482;208922;546071;13614;14184;19271;93685;21816;72350;74645;26549",85
"mouseKD","KD_vs_Control","HALLMARK_DNA_REPAIR",0.929556273997751,0.674427579109853,"Cmpk2;Nelfe;Srsf6;Nme4;Tsg101;Taf10;Trp53;Impdh2;Hprt1;Ercc1;Guk1;Ddb1;Nelfcd;Dgcr8;Pde4b;Nt5c;Rfc2;Rrm2b;Dguok;Ncbp2;Tyms;Gpx4;Gtf2a2;Gsdme;Usp11;Rae1;Cant1","22169;27632;67996;56520;22088;24075;22059;23918;15452;13870;14923;13194;57314;94223;18578;50773;19718;382985;27369;68092;22171;625249;235459;54722;236733;66679;76025",142
"mouseKD","KD_vs_Control","HALLMARK_HEME_METABOLISM",0.894737772148085,0.771182728410513,"Slc7a11;Slc6a9;C3;Pgls;Rad23a;Slc2a1;Cast;Ank1;Aldh1l1;Asns;Smox;Tcea1;Htra2;Nudt4;Alad;Btg2;Rcl1;Slc10a3;Gclc;Arl2bp;Add1;Pigq;Uros;Cdc27;Picalm;Hmbs;Tns1;Gclm;Htatip2;Cpox;Lrp10;Ppp2r5b;Klf3;Prdx2;Bnip3l;Ezh1;Trak2","26570;14664;12266;66171;19358;20525;12380;11733;107747;27053;228608;21399;64704;71207;17025;12227;59028;214601;14629;107566;11518;14755;22276;217232;233489;15288;21961;14630;53415;12892;65107;225849;16599;21672;12177;14055;70827",161
"mouseKD","KD_vs_Control","HALLMARK_TGF_BETA_SIGNALING",0.824826376464924,0.789867587795049,"Id1;Id3;Tgif1;Fnta;Id2;Smurf1;Bcar3;Ltbp2;Ski;Ppp1r15a;Ncor2","15901;15903;21815;14272;15902;75788;29815;16997;20481;17872;20602",51
"mouseKD","KD_vs_Control","HALLMARK_NOTCH_SIGNALING",-0.747522315751084,0.847874720357942,"Fzd5;Dtx4;Sap30;Dtx2;Fzd7;Rbx1","14367;207521;60406;74198;14369;56438",29
"humanKD","KD_vs_Control","HALLMARK_E2F_TARGETS",2.263468102296,4.02723156841919e-11,"XRCC6;MKI67;TACC3;CDKN1A;PRKDC;RRM2;DLGAP5;DUT;BUB1B;POLD2;ILF3;KIF18B;SPAG5;MYBL2;BIRC5;HMGB3;TCF19;SPC24;MELK;PTTG1;CDCA8;UNG;TBRG4;RAD51C;DEPDC1;UBR7;UBE2T;DONSON;PMS2;AK2;KIF22;TRIP13;MCM4;CCP110;NASP;AURKA;RPA2;LBR;GINS1;KPNA2;WDR90;NME1;SPC25;UBE2S;BRCA1;TK1;CDC25B;RAD51AP1;CDKN3;LMNB1;CKS1B;RPA3;HUS1;NBN;TFRC;RNASEH2A;ORC6;DIAPH3;RFC2;NUP107;MRE11;NOLC1;CDC20;TIMELESS;MLH1;GINS3;DNMT1;SLBP;GINS4;RANBP1;POLE;MTHFD2;NCAPD2;DCLRE1B;DCTPP1;HMGA1;CENPE;DDX39A;ANP32E;MAD2L1;AURKB;KIF4A;NOP56;ASF1B;MCM5;XPO1;ESPL1","2547;4288;10460;1026;5591;6241;9787;1854;701;5425;3609;146909;10615;4605;332;3149;6941;147841;9833;9232;55143;7374;9238;5889;55635;55148;29089;29980;5395;204;3835;9319;4173;9738;4678;6790;6118;3930;9837;3838;197335;4830;57405;27338;672;7083;994;10635;1033;4001;1163;6119;3364;4683;7037;10535;23594;81624;5982;57122;4361;9221;991;8914;4292;64785;1786;7884;84296;5902;5426;10797;9918;64858;79077;3159;1062;10212;81611;4085;9212;24137;10528;55723;4174;7514;9700",200
"humanKD","KD_vs_Control","HALLMARK_G2M_CHECKPOINT",1.89884152295703,1.01630311026615e-05,"MKI67;TACC3;NUP50;HMGN2;NUSAP1;ILF3;TPX2;CENPF;SLC7A1;CHAF1A;PBK;MYBL2;BIRC5;HMGB3;KNL1;TROAP;TGFB1;PTTG1;MT2A;BUB1;PML;FBXO5;EXO1;H2AZ2;STIL;SMAD3;KIF22;H2BC12;SLC7A5;NASP;AURKA;RPA2;LBR;CDC6;NSD2;FANCC;KPNA2;DTYMK;KIF11;DKC1;TTK;UBE2S;SLC38A1;WRN;CDC25B;CDKN3;KIF23;LMNB1;CKS1B;HUS1;UBE2C;PRC1;E2F2;CENPA;ORC6;CCND1;CCNF;INCENP;NOLC1;CDC20;GINS2;POLE;FOXN3;DR1;HMGA1;POLQ;MAP3K20;CENPE;DDX39A;MAD2L1;KIF15;AURKB;KIF4A;CHMP1A;MCM5;XPO1;ESPL1","4288;10460;10762;3151;51203;3609;22974;1063;6541;10036;55872;4605;332;3149;57082;10024;7040;9232;4502;699;5371;26271;9156;94239;6491;4088;3835;85236;8140;4678;6790;6118;3930;990;7468;2176;3838;1841;3832;1736;7272;27338;81539;7486;994;1033;9493;4001;1163;3364;11065;9055;1870;1058;23594;595;899;3619;9221;991;51659;5426;1112;1810;3159;10721;51776;1062;10212;4085;56992;9212;24137;5119;4174;7514;9700",199
"humanKD","KD_vs_Control","HALLMARK_XENOBIOTIC_METABOLISM",-1.75503304864569,0.00025740104340472,"XDH;ALDH2;EPHX1;MAOA;PC;ALDH9A1;SLC35B1;SMOX;IDH1;ETFDH;PTGES;MPP2;NINJ1;CDA;UGDH;ABCD2;CSAD;TPST1;NMT1;ESR1;ACOX1;ACO2;ALDH3A1;CYB5A;PDK4;ID2;NPC1;PDLIM5;BLVRB;HES6;ATP2A2;HMOX1;PTGR1;AOX1;SERPINA6;PINK1;POR;MAN1A1;LPIN2;ADH7;PROS1;SSR3;KARS1;CYP2J2;SLC6A12","7498;217;2052;4128;5091;223;10237;54498;3417;2110;9536;4355;4814;978;7358;225;51380;8460;4836;2099;51;50;218;1528;5166;3398;4864;10611;645;55502;488;3162;22949;316;866;65018;5447;4121;9663;131;5627;6747;3735;1573;6539",172
"humanKD","KD_vs_Control","HALLMARK_EPITHELIAL_MESENCHYMAL_TRANSITION",1.61373569048357,0.00429865376312229,"COL4A1;COL7A1;CCN2;SERPINE1;COL4A2;COL11A1;COL6A3;TNC;FOXC2;CADM1;MYLK;THY1;CD59;COL6A2;SERPINE2;WNT5A;FBN2;IGFBP3;TIMP1;PVR;PLAUR;INHBA;PFN2;LOXL2;CTHRC1;CAP2;NT5E;MMP1;SFRP1;TGFB1;CDH6;PTX3;GADD45B;TNFRSF12A;THBS1;MEST;CD44;LAMA1;SPOCK1;DKK1;FSTL1;ANPEP;SGCB;SNTB1;IGFBP2;NTM;NID2;COL5A1;GEM;LAMC1;MXRA5;FSTL3;TFPI2","1282;1294;1490;5054;1284;1301;1293;3371;2303;23705;4638;7070;966;1292;5270;7474;2201;3486;7076;5817;5329;3624;5217;4017;115908;10486;4907;4312;6422;7040;1004;5806;4616;51330;7057;4232;960;284217;6695;22943;11167;290;6443;6641;3485;50863;22795;1289;2669;3915;25878;10272;7980",199
"humanKD","KD_vs_Control","HALLMARK_HYPOXIA",-1.58473614617789,0.00496252229085123,"S100A4;ENO3;BTG1;RBPJ;ALDOC;MXI1;ENO2;TPST2;PGK1;PDK3;XPNPEP1;NDRG1;AMPD3;CP;PGM1;LARGE1;TGFB3;HK1;ERRFI1;EFNA1;JMJD6;ATP7A;GALK1;GAA;FAM162A;GPC1;HEXA;KLHL24;KDM3A;CITED2;HS3ST1;PLIN2;CCN5;CSRP2;P4HA1;GPI;PNRC1;BCL2;HMOX1;LXN;MYH9;DUSP1;INHA;ISG20;UGP2;SLC25A1;PKLR","6275;2027;694;3516;230;4601;2026;8459;5230;5165;7511;10397;272;1356;5236;9215;7043;3098;54206;1942;23210;538;2584;2548;26355;2817;3073;54800;55818;10370;9957;123;8839;1466;5033;2821;10957;596;3162;56925;4627;1843;3623;3669;7360;6576;5313",189
"humanKD","KD_vs_Control","HALLMARK_MYC_TARGETS_V2",1.84774456421177,0.00496252229085123,"NPM1;TCOF1;UNG;TBRG4;TMEM97;DDX18;MCM4;CBX3;GRWD1;RABEPK;TFB2M;GNL3;MAP3K6;NOLC1;IMP4;NOC4L;SORD;DCTPP1;SLC19A1;NOP56;MCM5;NIP7;NDUFAF4;SRM;PPAN;RRP12;MPHOSPH10;WDR74;SLC29A2;PPRC1","4869;6949;7374;9238;27346;8886;4173;11335;83743;10244;64216;26354;9064;9221;92856;79050;6652;79077;6573;10528;4174;51388;29078;6723;56342;23223;10199;54663;3177;23082",57
"humanKD","KD_vs_Control","HALLMARK_UV_RESPONSE_UP",-1.56279752577698,0.00693571859281611,"TUBA4A;SLC25A4;EPHX1;BTG1;GRINA;MAOA;ENO2;SLC6A8;BMP2;AGO2;CYB5R1;ATP6V1C1;RRAD;CCK;HLA-F;COL2A1;MARK2;IRF1;ABCB1;SQSTM1;CHKA;MMP14;JUNB;NR4A1","7277;291;2052;694;2907;4128;2026;6535;650;27161;51706;528;6236;885;3134;1280;2011;3659;5243;8878;1119;4323;3726;3164",155
"humanKD","KD_vs_Control","HALLMARK_PEROXISOME",-1.60462086597723,0.0183178713887456,"SLC25A4;ALDH9A1;IDE;IDH1;ABCD2;PRDX1;ACOX1;FIS1;PABPC1;HSD3B7;SLC25A17;ABCB1;SCP2;PEX5;ACSL5;SERPINA6;YWHAH;FADS1;HRAS;ABCC5;CRAT;VPS4B;ABCD3;PEX14;ACAA1;RXRG;TSPO;CTBP1;IDH2;SOD1;FDPS;SMARCC1;CACNA1B;ABCC8;ABCD1;MVP;DHRS3;ACSL4;CTPS1","291;223;3416;3417;225;5052;51;51024;26986;80270;10478;5243;6342;5830;51703;866;7533;3992;3265;10057;1384;9525;5825;5195;30;6258;706;1487;3418;6647;2224;6599;774;6833;215;9961;9249;2182;1503",96
"humanKD","KD_vs_Control","HALLMARK_ADIPOGENESIS",-1.43833083907474,0.0239600816940166,"ALDH2;ENPP2;C3;FABP4;ACADL;ACADS;ANGPT1;ACLY;ME1;IDH1;DNAJC15;PGM1;AIFM1;ADCY6;SLC27A1;NMT1;TOB1;STAT5A;ACOX1;ACO2;ELOVL6;MAP4K3;CAVIN2;PLIN2;SQOR;SCP2;PREB;TALDO1;PPM1B;ETFB;MDH2;HSPB8;ATP1B3;PHLDB1;POR;MTCH2;IMMT;LPCAT3;COX8A;REEP5;SLC25A1;VEGFB;CYC1;CRAT;SDHB;G3BP2;OMD;IDH3A;PEX14;CHUK;DLD;GPX4;GPAM;QDPR;RNF11;SOD1;SAMM50;GHITM;MTARC2;DLAT;DHRS7B;DNAJB9;CPT2;LIPE;RTN3;SLC25A10","217;5168;718;2167;33;35;284;47;4199;3417;29103;5236;9131;112;376497;4836;10140;6776;51;50;79071;8491;8436;123;58472;6342;10113;6888;5495;2109;4191;26353;483;23187;5447;23788;10989;10162;1351;7905;6576;7423;1537;1384;6390;9908;4958;3419;5195;1147;1738;2879;57678;5860;26994;6647;25813;27069;54996;1737;25979;4189;1376;3991;10313;1468",191
"humanKD","KD_vs_Control","HALLMARK_FATTY_ACID_METABOLISM",-1.52479400312218,0.0239600816940166,"ENO3;EPHX1;MAOA;ACADL;ENO2;PDHA1;ACADS;ALDH9A1;HMGCS1;ME1;IDH1;ETFDH;LGALS1;UGDH;NSDHL;RAP1GDS1;S100A10;ACOX1;ACO2;ALDH3A1;AOC3","2027;2052;4128;33;2026;5160;35;223;3157;4199;3417;2110;3956;7358;50814;5910;6281;51;50;218;8639",141
"humanKD","KD_vs_Control","HALLMARK_BILE_ACID_METABOLISM",-1.54251407899313,0.0295565496099462,"NEDD4;ALDH9A1;IDH1;ABCA2;HSD17B6;ABCD2;PAOX;ABCA3;GCLM;HSD3B7;SCP2;NPC1;ACSL5;SERPINA6;FADS1;RBP1;ABCD3;ABCA5;RXRG;ABCA9;ABCG4;CYP7B1;IDH2;PEX7;PFKM;SOD1;ABCG8;LIPE;ABCD1;AGXT;SOAT2;AQP9;PNPLA8;NR1H4","4734;223;3417;20;8630;225;196743;21;2730;80270;6342;4864;51703;866;3992;5947;5825;23461;6258;10350;64137;9420;3418;5191;5213;6647;64241;3991;215;189;8435;366;50640;9971",96
"humanKD","KD_vs_Control","HALLMARK_MTORC1_SIGNALING",-1.3362543919631,0.0514315141628013,"TUBA4A;INSIG1;PGK1;SQLE;HMGCS1;ACSL3;CD9;ACLY;ME1;IDH1;PGM1;PRDX1;CCNG1;NMT1;PSMC2;COPS5;ELOVL6;TM7SF2;EDEM1;SDF2L1;ABCF2;HSP90B1;SQSTM1;LTA4H;HMGCR;P4HA1;HSPE1;GPI;PITPNB;ATP2A2;PSMD12;MTHFD2L;IFRD1;ACTR3;HMBS;PHGDH;IMMT;FADS1;ATP5MC1;PSMA4;PSMD13;PSMA3;HSPA4;DAPP1;ETF1;PSMD14;GLA;TBK1;USO1;ACACA;GTF2H1;SERP1;RAB1A;DDIT3;GCLC;NFYC;VLDLR;EPRS1;PSMC4;BHLHE40;QDPR;UBE2D3;HSPA9;SSR1;SLA","7277;3638;5230;6713;3157;2181;928;47;4199;3417;5236;5052;900;4836;5701;10987;79071;7108;9695;23753;10061;7184;8878;4048;3156;5033;3336;2821;23760;488;5718;441024;3475;10096;3145;26227;10989;3992;516;5685;5719;5684;3308;27071;2107;10213;2717;29110;8615;31;2965;27230;5861;1649;2729;4802;7436;2058;5704;8553;5860;7323;3313;6745;6503",197
"humanKD","KD_vs_Control","HALLMARK_INTERFERON_ALPHA_RESPONSE",1.48035740767871,0.0649206194892848,"IFITM3;ADAR;LGALS3BP;B2M;EIF2AK2;TRIM5;IFI44;LY6E;SAMD9;PLSCR1;STAT2;PROCR;TRIM14;SP110;PARP14;CNP;HELZ2;IL4R;PNPT1;TRIM25;WARS1;RNF31;TRIM26;ISG15;SAMD9L;TAP1;EPSTI1;DDX60","10410;103;3959;567;5610;85363;10561;4061;54809;5359;6773;10544;9830;3431;54625;1267;85441;3566;87178;7706;7453;55072;7726;9636;219285;6890;94240;55601",95
"humanKD","KD_vs_Control","HALLMARK_IL6_JAK_STAT3_SIGNALING",1.49070174425431,0.0926452165270539,"OSMR;IFNAR1;IFNGR2;TGFB1;ITGA4;TNFRSF1A;TYK2;MYD88;PTPN1;TNFRSF21;TNFRSF12A;CD44;STAT2;IL10RB;IFNGR1;IL4R;PDGFC;FAS;JUN;PTPN11;IL13RA1;IL17RB;STAT1","9180;3454;3460;7040;3676;7132;7297;4615;5770;27242;51330;960;6773;3588;3459;3566;56034;355;3725;5781;3597;55540;6772",71
"humanKD","KD_vs_Control","HALLMARK_CHOLESTEROL_HOMEOSTASIS",-1.37339135217753,0.111087527213598,"ALDOC;CTNNB1;PDK3;SQLE;HMGCS1;CD9;ACSS2;PCYT2;ABCA2;ERRFI1;NSDHL;MVK;ATF5;SREBF2;TM7SF2;ATXN2;CHKA;HMGCR;PNRC1;STX5;ANXA5;LGALS3;ACAT2;CPEB2","230;1499;5165;6713;3157;928;55902;5833;20;54206;50814;4598;22809;6721;7108;6311;1119;3156;10957;6811;308;3958;39;132864",73
"humanKD","KD_vs_Control","HALLMARK_APOPTOSIS",1.34616266390967,0.115601328531385,"IFITM3;CCND2;CDKN1A;DFFA;KRT18;TIMP1;HSPB1;DAP3;CASP4;DPYD;PLAT;CASP2;RHOT2;GADD45B;MADD;CASP7;TNFRSF12A;CREBBP;PEA15;CD44;CLU;LEF1;IFNGR1;MCL1;BRCA1;EMP1;CDC25B;RNASEL;BTG2;F2R;FDXR;PLPPR4;TIMP2;BID;BCL2L1;CCND1;NEFH;SATB1;SLC20A1;TAP1;GSR;FAS;JUN;CFLAR","10410;894;1026;1676;3875;7076;3315;7818;837;1806;5327;835;89941;4616;8567;840;51330;1387;8682;960;1191;51176;3459;4170;672;2012;994;6041;7832;2149;2232;9890;7077;637;598;595;4744;6304;6574;6890;2936;355;3725;8837",154
"humanKD","KD_vs_Control","HALLMARK_DNA_REPAIR",1.35166673681023,0.115601328531385,"USP11;POM121;ZWINT;DUT;BCAM;NME4;DDB2;GUK1;XPC;GSDME;ERCC5;NELFCD;MPG;RPA2;FEN1;ERCC2;SNAPC5;GTF3C5;NME1;ERCC1;ARL6IP1;TAF6;VPS37B;DGUOK;HCLS1;RPA3;RFC4;APRT;POLR2J;GMPR2;RFC2;ALYREF;AK3;CANT1;POLH;TYMS;NELFB;NT5C3A;NCBP2;STX3","8237;9883;11130;1854;4059;4833;1643;2987;7508;1687;2073;51497;4350;6118;2237;2068;10302;9328;4830;2067;23204;6878;79720;1716;3059;6119;5984;353;5439;51292;5982;10189;50808;124583;5429;7298;25920;51251;22916;6809",147
"humanKD","KD_vs_Control","HALLMARK_HEME_METABOLISM",-1.28804369611451,0.115601328531385,"MPP1;C3;SIDT2;PRDX2;MXI1;PC;SLC6A8;KAT2B;TNRC6B;SMOX;SLC11A2;FECH;NNT;EPB41;PPP2R5B;ATP6V0A1;KDM7A;GCLM;TMCC2;VEZF1;RNF19A;KLF3;TMEM9B;BLVRB;NFE2L1;UBAC1;USP15;DAAM1;RANBP10;HMBS;HTRA2;LPIN2;LMO2","4354;718;51092;7001;4601;5091;6535;8850;23112;54498;4891;2235;23530;2035;5526;535;80853;2730;9911;7716;25897;51274;56674;645;4779;10422;9958;23002;57610;3145;27429;9663;4005",177
"humanKD","KD_vs_Control","HALLMARK_MYC_TARGETS_V1",1.31157662115088,0.115601328531385,"PPIA;XRCC6;RPS2;RPL6;APEX1;NPM1;GLO1;RPL22;DUT;POLD2;RSL1D1;SNRPG;HNRNPA1;HDDC2;MRPL23;RPL14;DDX18;MCM4;XPOT;SET;ILF2;RNPS1;ACP1;HNRNPC;KPNA2;CBX3;NME1;POLE3;VDAC1;EEF1B2;RFC4;GNL3;RPS10;TUFM;NOLC1;TYMS;TRIM28;CDC20;SNRPA1;CLNS1A;NCBP2;RPL18;PWP1;CCT7;EIF4H;RANBP1;EIF1AX;MRPL9;PRDX3;RUVBL2","5478;2547;6187;6128;328;4869;2739;6146;1854;5425;26156;6637;3178;51020;6150;9045;8886;4173;11260;6418;3608;10921;52;3183;3838;11335;4830;54107;7416;1933;5984;26354;6204;7284;9221;7298;10155;991;6627;1207;22916;6141;11137;10574;7458;5902;1964;65005;10935;10856",200
"humanKD","KD_vs_Control","HALLMARK_PROTEIN_SECRETION",-1.34823092985347,0.115601328531385,"RAB9A;CLTC;COPB2;KIF1B;ARFGEF1;ATP6V1H;ATP7A;RAB2A;SEC31A;ARFIP1;AP3S1;SNX2;STX12;TSG101;AP3B1;COPB1;SCAMP3;AP1G1;ARFGEF2;CLTA;GLA;ADAM10;VPS4B;ARCN1;RAB14;USO1;ATP1A1;SGMS1;DOP1A;MON2;GNAS;RPS6KA3;NAPA;SOD1;STX7","9367;1213;9276;23095;10565;51606;538;5862;22872;27236;1176;6643;23673;7251;8546;1315;10067;164;10564;1211;2717;102;9525;372;51552;8615;476;259230;23033;23041;2778;6197;8775;6647;8417",96
"humanKD","KD_vs_Control","HALLMARK_P53_PATHWAY",-1.25849041470761,0.122429858404478,"S100A4;H2AC25;EPHX1;BTG1;INHBB;RNF19B;VAMP8;BMP2;NDRG1;TP63;HSPA4L;NINJ1;BAIAP2;TXNIP;FUCA1;RRAD;CCNG1;RCHY1;TOB1;S100A10;VWA5A;KLF4;RGS16;RALGDS;FAM162A;PTPRE;HINT1;HDAC3;HMOX1;PITPNC1;EPS8L2;TRAF4;FBXW7;BAX;HRAS;SAT1;ABCC5","6275;92815;2052;694;3625;127544;8673;650;10397;8626;22824;4814;10458;10628;2517;6236;900;25898;10140;6281;4013;9314;6004;5900;26355;5791;3094;8841;3162;26207;64787;9618;55294;581;3265;6303;10057",191
"humanKD","KD_vs_Control","HALLMARK_OXIDATIVE_PHOSPHORYLATION",-1.23151954847447,0.128687029411849,"SLC25A4;TCIRG1;ATP5MG;PDHA1;NDUFS2;IDH1;ETFDH;ATP5F1C;ATP5MC3;ATP6V1C1;AIFM1;ATP6V1H;ATP6V0B;NNT;ATP5F1A;ACAT1;SLC25A11;ACO2;CYB5A;NDUFA6;PDK4;ATP6AP1;COX7A2L;ETFB;PMPCA;GPI;MDH2;POR;HTRA2;ATP5PD;IMMT;COX8A;ATP5MC1;BAX;ABCB7;SLC25A20;ATP6V1F;CYC1;HSD17B10;TIMM13;MTX2;ATP6V1G1;SDHB;GOT2;IDH3A;TOMM70;ACAA1;DLD;GPX4;SLC25A12;MPC1;IDH2;POLR2F;ATP5F1B;MRPS30","291;10312;10632;5160;4720;3417;2110;509;518;528;9131;51606;533;23530;498;38;8402;50;1528;4700;5166;537;9167;2109;23203;2821;4191;5447;27429;10476;10989;1351;516;581;22;788;9296;1537;3028;26517;10651;9550;6390;2806;3419;9868;30;1738;2879;8604;51660;3418;5435;506;10884",198
"humanKD","KD_vs_Control","HALLMARK_INFLAMMATORY_RESPONSE",1.28831855230338,0.135869565217391,"SERPINE1;CDKN1A;TIMP1;PVR;PLAUR;INHBA;OSMR;IFNAR1;SLC7A1;AHR;IFNGR2;EIF2AK2;ADM;LIF;DCBLD2;HRH1;LY6E;CD55;ITGB8;EDN1;CD70;SLC7A2;IL7R;IL4R;CD40;LDLR","5054;1026;7076;5817;5329;3624;9180;3454;6541;196;3460;5610;133;3976;131566;3269;4061;1604;3696;1906;970;6542;3575;3566;958;3949",173
"humanKD","KD_vs_Control","HALLMARK_INTERFERON_GAMMA_RESPONSE",1.26350885390254,0.150882079851439,"IFITM3;CDKN1A;ADAR;UPP1;LGALS3BP;PFKP;B2M;CASP4;EIF2AK2;MT2A;PML;IFI44;RNF213;AUTS2;MYD88;PTPN1;HLA-B;LY6E;PLSCR1;CASP7;STAT2;TRIM14;SP110;APOL6;PARP14;HELZ2;IL4R;PNPT1;ARL4A;CD40;CFH;TRIM25;WARS1;NOD1;IL18BP;CD274;RNF31;TRIM26;ISG15;MX2;SAMD9L;TAP1;EPSTI1;FAS;DDX60;SSPN;SPPL2A;RIPK1;STAT1;ST8SIA4;IFNAR2;OAS3;MTHFD2","10410;1026;103;7378;3959;5214;567;837;5610;4502;5371;10561;57674;26053;4615;5770;3106;4061;5359;840;6773;9830;3431;80830;54625;85441;3566;87178;10124;958;3075;7706;7453;10392;10068;29126;55072;7726;9636;4600;219285;6890;94240;355;55601;8082;84888;8737;6772;7903;3455;4940;10797",185
"humanKD","KD_vs_Control","HALLMARK_ALLOGRAFT_REJECTION",1.28328968799035,0.157593123209169,"CCND2;NPM1;HLA-E;THY1;TIMP1;MRPL3;EGFR;INHBA;HDAC9;RPL9;B2M;IFNGR2;BCAT1;TGFB1;LIF;ELF4;TAP2;RPS3A;NME1;IFNGR1;IL4R;IL27RA;RPL39;CD40;BRCA1;WARS1;HCLS1;F2R","894;4869;3133;7070;7076;11222;1956;3624;9734;6133;567;3460;586;7040;3976;2000;6891;6189;4830;3459;3566;9466;6170;958;672;7453;3059;2149",156
"humanKD","KD_vs_Control","HALLMARK_KRAS_SIGNALING_DN",-1.21953418501758,0.170415814587594,"RGS11;CPEB3;KLHDC8A;AKR1B10;FGGY;PAX3;DLK2;COL2A1;DTNB;COPZ2;CACNG1;MTHFR;MYO15A;GDNF;SLC6A3;NR4A2;KRT15;SELENOP;KRT13;VPS50;SOX10;RYR1;KMT2D;CACNA1F;SGK1;ABCG4;SNN;EDAR;TFAP2B;SIDT1;ARPP21;HNF1A;CYP11B2;CDH16;SLC12A3;SCN10A;P2RX6;PDCD1;KCND1;ITIH3;ENTPD7;ZC2HC1C;ATP4A;DCC;ITGB1BP2;PKP1;BRDT","8786;22849;55220;57016;55277;5077;65989;1280;1838;51226;786;4524;51168;2668;6531;4929;3866;6414;3860;55610;6663;6261;8085;778;6446;64137;8303;10913;7021;54847;10777;6927;1585;1014;6559;6336;9127;5133;3750;3699;57089;79696;495;1630;26548;5317;676",136
"humanKD","KD_vs_Control","HALLMARK_NOTCH_SIGNALING",-1.38279222137149,0.170415814587594,"PSENEN;DTX4;FZD7;RBX1;KAT2A;TCF7L2;FZD5;CUL1;ARRB1;FZD1","55851;23220;8324;9978;2648;6934;7855;8454;408;8321",31
"humanKD","KD_vs_Control","HALLMARK_TNFA_SIGNALING_VIA_NFKB",1.22365004683538,0.175603482390186,"SERPINE1;TNC;F2RL1;CDKN1A;PPP1R15A;PLAUR;INHBA;IFNGR2;PHLDA2;DUSP4;GFPT2;LIF;HES1;PFKFB3;SLC2A3;RCAN1;PHLDA1;PTX3;KLF2;GADD45B;TNIP2;SMAD3;FOSL1;EDN1;CD44;JAG1;IL7R;PANX1;SPSB1;MCL1;LDLR;IER2;LAMB3;BTG2;B4GALT5;GEM;SERPINB2;CCND1;B4GALT1;TNFSF9;TAP1;JUN;CFLAR;FJX1;TNIP1;MSC;KLF10;IRS2;F3","5054;3371;2150;1026;23645;5329;3624;3460;7262;1846;9945;3976;3280;5209;6515;1827;22822;5806;10365;4616;79155;4088;8061;1906;960;182;3575;24145;80176;4170;3949;9592;3914;7832;9334;2669;5055;595;2683;8744;6890;3725;8837;24147;10318;9242;7071;8660;2152",188
"humanKD","KD_vs_Control","HALLMARK_ANDROGEN_RESPONSE",1.24317355439295,0.218503021850302,"XRCC6;DBI;XRCC5;AKAP12;CDK6;B2M;SMS;KRT8;NCOA4;HOMER2;LIFR;PTPN21;NKX3-1;CENPN;SPCS3;ALDH1A3;ELL2;CCND1;B4GALT1;LMAN1;GSR;PGM3;SORD;ELK4;ADAMTS1;RAB4A;INPP4B;ABCC4","2547;1622;7520;9590;1021;567;6611;3856;8031;9455;3977;11099;4824;55839;60559;220;22936;595;2683;3998;2936;5238;6652;2005;9510;5867;8821;10257",96
"humanKD","KD_vs_Control","HALLMARK_KRAS_SIGNALING_UP",1.20895786033873,0.218503021850302,"IGF2;CCND2;F2RL1;AKAP12;PPP1R15A;IGFBP3;PLAUR;INHBA;HDAC9;GFPT2;LIF;MALL;GYPC;DCBLD2;PLAT;NIN;GNG11;TFPI;GALNT3;PEG3;TSPAN13;IL7R;ETV5;NRP1;CFH;EMP1;DUSP6;RELN;SDCCAG8;ALDH1A3;PDCD1LG2;ERO1A;AVL9;HOXD11;KIF5C;SATB1;ST6GAL1;JUP;ITGA2;DNMBP;LY96;ALDH1A2;NAP1L2;EPHB2","3481;894;2150;9590;23645;3486;5329;3624;9734;9945;3976;7851;2995;131566;5327;51199;2791;7035;2591;5178;27075;3575;2119;8829;3075;2012;1848;5649;10806;220;80380;30001;23080;3237;3800;6304;6480;3728;3673;23268;23643;8854;4674;2048",177
"humanKD","KD_vs_Control","HALLMARK_ESTROGEN_RESPONSE_LATE",-1.1435462747197,0.235900811937678,"PRKAR2B;ARL3;AMFR;CXCL12;FOXC1;CD9;HSPA4L;PTGES;JAK2;LARGE1;UGDH;TOB1;ABCA3;PTPN6;KLF4;SLC24A3;BAG1;CPE;PLAAT3;ID2;CCN5;SNX10;ETFB;BLVRB;FRK;BCL2;HSPB8;EMP2;NAB2;ISG20;KRT13;FLNB;GAL;DYNLT3;EGR3;GLA;TRIM29;JAK1;TMPRSS3;SGK1;TNNC1;CYP4F11","5577;403;267;6387;2296;928;22824;9536;3717;9215;7358;10140;21;5777;9314;57419;573;1363;11145;3398;8839;29887;2109;645;2444;596;26353;2013;4665;3669;3860;2317;51083;6990;1960;2717;23650;3716;64699;6446;7134;57834",183
"humanKD","KD_vs_Control","HALLMARK_HEDGEHOG_SIGNALING",1.24807926018703,0.252525252525252,"THY1;L1CAM;CDK6;CRMP1;PML;DPYSL2;GLI1;CELSR1;NRP1","7070;3897;1021;1400;5371;1808;2735;9620;8829",34
"humanKD","KD_vs_Control","HALLMARK_SPERMATOGENESIS",-1.17004570783944,0.252525252525252,"HSPA1L;PIAS2;SPATA6;IDE;HSPA4L;CFTR;PEBP1;AGFG1;NAA11;TALDO1;DMC1;SLC12A2;PGS1;TEKT2;CLPB;POMC;NPHP1;BRAF;PGK2;ELOVL3;CLVS1;IP6K1;MLLT10;MAST2;ALOX15;CCT6B;PDHA2;VDAC3;GRM8;SEPTIN4;SLC2A5;ZC3H14;TNP2;PAPOLB;DNAJB8;ZC2HC1C;TUBA3C;DCC;ADAM2","3305;9063;54558;3416;22824;1080;5037;3267;84779;6888;11144;6558;9489;27285;81570;5443;4867;673;5232;83401;157807;9807;8028;23139;246;10693;5161;7419;2918;5414;6518;79882;7142;56903;165721;79696;7278;1630;2515",104
"humanKD","KD_vs_Control","HALLMARK_APICAL_SURFACE",1.16676991161831,0.31113271754983,"THY1;PLAUR;HSPB1;DCBLD2;SHROOM2;ATP8B1;MDGA1;SRPX;BRCA1","7070;5329;3315;131566;357;5205;266727;8406;672",40
"humanKD","KD_vs_Control","HALLMARK_ESTROGEN_RESPONSE_EARLY",1.10141040225114,0.372913897504061,"STC2;CA12;KRT18;THSD4;KRT8;HR;PRSS23;MLPH;HES1;TIAM1;ITPK1;ISG20L2;PAPSS2;ELOVL2;SLC1A4;MICB;ENDOD1;CD44;RHOBTB3;SLC7A5;NCOR2;SLC7A2;RPS6KA2;NADSYN1;CELSR1;PPIF;TGIF2;PODXL;SEC14L2;DLC1;ZNF185;PDLIM3;TSKU;CCND1;B4GALT1;SLC1A1;CANT1;DHRS2;IL17RB;KLF10;OPN3;ADCY9;TMEM164","8614;771;3875;79875;3856;55806;11098;79083;3280;7074;3705;81875;9060;54898;6509;4277;23052;960;22836;8140;9612;6542;6196;55191;9620;10105;60436;5420;23541;10395;7739;27295;25987;595;2683;6505;124583;10202;55540;7071;23596;115;84187",189
"humanKD","KD_vs_Control","HALLMARK_MITOTIC_SPINDLE",1.10374691380629,0.372913897504061,"ANLN;DLGAP5;PCNT;NUSAP1;TPX2;ARAP3;CENPF;CDC42EP1;BIRC5;PLEKHG2;CPAP;BUB1;ARHGAP29;FBXO5;FGD4;NIN;TIAM1;PREX1;SHROOM2;CDK5RAP2;RHOT2;CNTROB;CEP131;KIF22;PXN;SORBS2;AURKA;KIF11;TBCD;TTK;KIF23;FSCN1;LMNB1;MAP1S;MYO9B;PRC1;TUBGCP6;PIF1;SSH2;INCENP;KLC1;KNTC1;LRPPRC;MAP3K11;SEPTIN9;CEP250;OPHN1;ALMS1;CDC42EP4;CEP72;SAC3D1;ARHGEF2;CENPE;KIF15;CNTRL;KIF4A;RAPGEF5;STAU1","54443;9787;5116;51203;22974;64411;1063;11135;332;64857;55835;699;9411;26271;121512;51199;7074;57580;357;55755;89941;116840;22994;3835;5829;8470;6790;3832;6904;7272;9493;6624;4001;55201;4650;9055;85378;80119;85464;3619;3831;9735;10128;4296;10801;11190;4983;7840;23580;55722;29901;9181;1062;56992;11064;24137;9771;6780",198
"humanKD","KD_vs_Control","HALLMARK_REACTIVE_OXYGEN_SPECIES_PATHWAY",-1.10762523710279,0.372913897504061,"PRDX2;NDUFS2;PRDX1;NDUFA6;GCLM;SRXN1;JUNB;LSP1;GPX4;SELENOS;GCLC;GLRX2;MPO;SOD1","7001;4720;5052;4700;2730;140809;3726;4046;2879;55829;2729;51022;4353;6647",49
"humanKD","KD_vs_Control","HALLMARK_UV_RESPONSE_DN",1.0752849797983,0.408147399517997,"SERPINE1;COL11A1;KCNMA1;MGLL;ATP2B4;ANXA2;CAP2;SLC7A1;IGFBP5;AMPH;ADGRL2;MMP16;PRKCA;SMAD3;TFPI;PIK3CD;KIT;PTPRM;PPARG;PTPN21;NRP1;LDLR;DLC1;LAMC1;DDAH1;CACNA1A;ADORA2B;RUNX1;VAV2","5054;1301;3778;11343;493;302;10486;6541;3488;273;23266;4325;5578;4088;7035;5293;3815;5797;5468;11099;8829;3949;10395;3915;23576;773;136;861;7410",144
"humanKD","KD_vs_Control","HALLMARK_ANGIOGENESIS",-1.06284522625463,0.428392745465916,"S100A4;SPP1;PTK2","6275;6696;5747",30
"humanKD","KD_vs_Control","HALLMARK_APICAL_JUNCTION",1.04574496681338,0.451039570757881,"MDK;THY1;SORBS3;CD99;EGFR;MPZL1;CD276;JAM3;CLDN11;CDH4;SIRPA;CDH6;AMH;TRO;SDC3;SHROOM2;RAC2;PBX2;SGCE;NECTIN1;ITGA3;NEXN;GNAI1;NEGR1;ADAM23;LAMB3;ADAM9;FSCN1;CD274;PKD1;NECTIN2;AMIGO2;CERCAM;SHC1;DSC3;VAV2;CLDN15;B4GALT1","4192;7070;10174;4267;1956;9019;80381;83700;5010;1002;140885;1004;268;7216;9672;357;5880;5089;8910;5818;3675;91624;2770;257194;8745;3914;8754;6624;29126;5310;5819;347902;51148;6464;1825;7410;24146;2683",187
"humanKD","KD_vs_Control","HALLMARK_IL2_STAT5_SIGNALING",1.03607909818498,0.451039570757881,"IFITM3;CCND2;ADAM19;ALCAM;AHR;RNH1;COL6A1;NT5E;LIF;F2RL2;PHTF2;TIAM1;SLC2A3;PHLDA1;GADD45B;PLSCR1;TNFRSF21;CD44;CDC6;SLC39A8;SLC1A5;NRP1;IFNGR1;IL4R;ARL4A;EMP1;IKZF4;PLAGL1;SPRY4;CKAP4;SMPDL3A;AGER;ITGAE;COCH;BCL2L1;RRAGD","10410;894;8728;214;196;6050;1291;4907;3976;2151;57157;7074;6515;22822;4616;5359;27242;960;990;64116;6510;8829;3459;3566;10124;2012;64375;5325;81848;10970;10924;177;3682;1690;598;58528",178
"humanKD","KD_vs_Control","HALLMARK_MYOGENESIS",1.03035787796351,0.451039570757881,"STC2;CDH13;COL4A2;COL6A3;FHL1;MYLK;CDKN1A;COL6A2;TNNT1;IGFBP3;KIFC3;SORBS3;AGRN;TGFB1;CACNA1H;GADD45B;COL15A1","8614;1012;1284;1293;2273;4638;1026;1292;7138;3486;3801;10174;375790;7040;8912;4616;1306",175
"humanKD","KD_vs_Control","HALLMARK_COMPLEMENT",-1.01744227356607,0.467473287240729,"MMP13;C3;C1S;PLA2G4A;XPNPEP1;CP;ME1;PIK3CA;JAK2;CDA;SRC;VCPIP1;C1R;ZFPM2;STX4;EHD1;IRF1;LRP1;MMP14;LTA4H;GNB2;ZEB1;USP15;CEBPB;LAP3;FYN;PREP;PRKCD;ANXA5;GNAI3;GNAI2;CPQ;LGALS3;F5;KIF2A","4322;718;716;5321;7511;1356;4199;5290;3717;978;6714;80124;715;23414;6810;10938;3659;4035;4323;4048;2783;6935;9958;1051;51056;2534;5550;5580;308;2773;2771;10404;3958;2153;3796",175
"humanKD","KD_vs_Control","HALLMARK_GLYCOLYSIS",1.02819998202733,0.475037257824143,"STC2;PPIA;IGFBP3;EGFR;PFKP;NT5E;AGRN;PYGL;GUSB;SDC3;SLC16A3;DEPDC1;CACNA1H;ARPP19;GPC4;CD44;NASP;AURKA;B3GALT6;AK4;B4GALT4;CLN6;TGFA;COL5A1;DPYSL4;TXN;ERO1A;ADORA2B;RRAGD;CENPA;B4GALT1;NDUFV3;AK3;CHST6;STC1;IDUA;SDHC;IL13RA1","8614;5478;3486;1956;5214;4907;375790;5836;2990;9672;9123;55635;8912;10776;2239;960;4678;6790;126792;205;8702;54982;7039;1289;10570;7295;30001;136;58528;1058;2683;4731;50808;4166;6781;3425;6391;3597",189
"humanKD","KD_vs_Control","HALLMARK_PI3K_AKT_MTOR_SIGNALING",-0.987556377649535,0.543287767262531,"PPP1CA;VAV3;PTEN;CLTC;ATF1;PPP2R1B;HSP90B1;SQSTM1;PRKAG1;ACTR3;CFL1;HRAS;CSNK2B;DAPP1;NCK1;PIKFYVE;TBK1;ACACA;IL2RG;PLCB1;DDIT3;UBE2N;RPS6KA3;ARHGDIA;CAB39L;UBE2D3;MAPK10;MAP2K6;SLA;ARF1","5499;10451;5728;1213;466;5519;7184;8878;5571;10096;1072;3265;1460;27071;4690;200576;29110;31;3561;23236;1649;7334;6197;396;81617;7323;5602;5608;6503;375",101
"humanKD","KD_vs_Control","HALLMARK_COAGULATION",-0.957601530639466,0.620002710394362,"C3;C1S;CD9;SIRT2;MMP10;C1R;GSN;MMP2;MMP9;RAPGEF3;LRP1;MMP14;LTA4H;GNB2;MMP11;ANXA1;FYN;PREP;HPN;CPQ;MMP3;PROS1","718;716;928;22933;4319;715;2934;4313;4318;10411;4035;4323;4048;2783;4320;301;2534;5550;3249;10404;4314;5627",111
"humanKD","KD_vs_Control","HALLMARK_TGF_BETA_SIGNALING",0.927365476678446,0.620002710394362,"SERPINE1;PPP1R15A;IFNGR2;TGFB1;SMAD3;TGFBR1;THBS1;NCOR2;SMURF2;BCAR3;SLC20A1;ID1;KLF10","5054;23645;3460;7040;4088;7046;7057;9612;64750;8412;6574;3397;7071",53
"humanKD","KD_vs_Control","HALLMARK_WNT_BETA_CATENIN_SIGNALING",-0.873039823223392,0.680485762144054,"RBPJ;CTNNB1;HDAC5;KAT2A;CUL1;FZD1;WNT6;ADAM17;NKD1","3516;1499;10014;2648;8454;8321;7475;6868;85407",41
"humanKD","KD_vs_Control","HALLMARK_UNFOLDED_PROTEIN_RESPONSE",0.83489631458615,0.804003486519792,"STC2;NPM1;FKBP14;BANF1;SLC1A4;XPOT;SLC7A5;POP4;DKC1;SPCS3;ARFGAP1;SKIC3;CKS1B;SHC1;ERO1A;SRPRB;NOLC1;CEBPG;MTHFD2;NFYB;PARN;NOP56;KHSRP;GEMIN4;ATF6;TATDN2;EIF4A1;SEC11A","8614;4869;55033;8815;6509;11260;8140;10775;1736;60559;55738;9652;1163;6464;30001;58477;9221;1054;10797;4801;5073;10528;8570;50628;22926;9797;1973;23478",113
"humanKD","KD_vs_Control","HALLMARK_PANCREAS_BETA_CELLS",0.655965228743165,0.923986486486487,"SRP14;SRP9","6727;6726",30
