"experiment","contrast","pathway","NES","padj","leadingEdge_symbols","leadingEdge_entrez","size","dose_label","pathway_label","sig_tier"
"CRISPR","Het_vs_WT","HALLMARK_EPITHELIAL_MESENCHYMAL_TRANSITION",-1.74833696479467,0.00176309767104215,"Crlf1;Edil3;Igfbp4;Matn2;Pdgfrb;Pdlim4;Col1a2;Ecm1;Pmp22;Cthrc1;Igfbp3;Timp3;Gas1;Col6a2;Dab2;Col16a1;Col1a1;Col6a3;Sntb1;Lox;Cdh11;Cxcl12;Bgn;Emp3;Lgals1;Col3a1;Mgp;Col5a1;Sparc;Timp1;Fn1;Vcan;Slit3;Loxl1;Tpm2;Postn;Pcolce;Serpine2;Spp1;Wnt5a;Tgm2;Sgcb;Notch2;Pmepa1;Tpm1;Rgs4;Basp1;Vegfc;Col5a3;Fbn2;Fstl1;Gpx7;Col11a1;Col12a1;Itga2;Tgfbi;Ntm;Fbn1;Fuca1;Nnmt;Scg2;Tgfb1;Tnc;Fermt2","12931;13612;16010;17181;18596;30794;12843;13601;18858;68588;16009;21859;14451;12834;13132;107581;12842;12835;20649;16948;12552;20315;12111;13732;16852;12825;17313;12831;20692;21857;14268;13003;20564;16949;22004;50706;18542;20720;20750;22418;21817;24051;18129;65112;22003;19736;70350;22341;53867;14119;14314;67305;12814;12816;16398;21810;235106;14118;71665;18113;20254;21803;21923;218952",165,"CRISPR Het","Epithelial mesenchymal transition","padj <= 0.05"
"CRISPR","Het_vs_WT","HALLMARK_TNFA_SIGNALING_VIA_NFKB",1.48432951306428,0.0431147291222528,"Rcan1;Ptgs2;F2rl1;Plau;Cxcl1;Ier3;Ccn1;Tgif1;Pde4b;Btg3;Ifit2;Bmp2;Zbtb10;Litaf;Fosb;Ptpre;Atf3;Edn1;Inhba;Dusp1;Fosl2;Dusp5;Slc16a6;B4galt1;Rela;Maff;Sat1;Nfkb1;Klf6;F3;Irs2;Nfil3;Bcl6;Nr4a3;Nampt;Il6","54720;19225;14063;18792;14825;15937;16007;21815;18578;12228;15958;12156;229055;56722;14282;19267;11910;13614;16323;19252;14284;240672;104681;14595;19697;17133;20229;18033;23849;14066;384783;18030;12053;18124;59027;16193",169,"CRISPR Het","Tnfa signaling via nfkb","padj <= 0.05"
"CRISPR","Het_vs_WT","HALLMARK_E2F_TARGETS",-1.22667582871556,0.29240208438393,"Cenpm;Xrcc6;Dscc1;Rpa1;Psmc3ip;Timeless;Tubg1;Cbx5;Atad2;Brca1;Spag5;Espl1;Rad50;Pold2;Mxd3;Kif18b;Top2a;Rfc3;Trp53;Jpt1;Ppm1d;Shmt1;Aurkb;Spc24;Rad51c;Tk1;Rad21;Rfc2;Cit;Cdkn2a;Hmmr;Dnmt1;Tcf19;Tbrg4;Mlh1;Rad1;Racgap1;Birc5;Phf5a;Rfc1;Srsf2;Nme1;Mcm3;Ncapd2;Melk","66570;14375;72107;68275;19183;21853;103733;12419;70472;12189;54141;105988;19360;18972;17121;70218;21973;69263;22059;15374;53892;20425;20877;67629;114714;21877;19357;19718;12704;12578;15366;13433;106795;21379;17350;19355;26934;11799;68479;19687;20382;18102;17215;68298;17279",199,"CRISPR Het","E2f targets","not significant"
"CRISPR","Het_vs_WT","HALLMARK_INFLAMMATORY_RESPONSE",1.23716369525125,0.29240208438393,"Pdpn;Sgms2;Fzd5;Adm;Il18rap;Pvr;Pde4b;Cd14;Dcbld2;Tpbg;Ptpre;Edn1;Inhba;C3ar1;Rela;Abi1;Nfkb1;Klf6;F3;Ereg;Nampt;Il6;Plaur;Pcdh7;Mmp14;Irak2;Ifnar1","14726;74442;14367;11535;16174;52118;18578;12475;73379;21983;19267;13614;16323;12267;19697;11308;18033;23849;14066;13874;59027;16193;18793;54216;17387;108960;15975",119,"CRISPR Het","Inflammatory response","not significant"
"CRISPR","Het_vs_WT","HALLMARK_MTORC1_SIGNALING",1.1950436715759,0.29240208438393,"Add3;Qdpr;Ero1a;M6pr;Mllt11;Got1;Ddx39a;Gsr;Ak4;Stc1;Serp1;Sdf2l1;Stip1;Pdk1;Lgmn;Egln3;Psat1;Fgl2;Nfil3;Hk2;Slc7a5;Glrx;Pgk1;Nampt;Cd9;Ufm1;Aldoa;Slc2a1;Plod2;Cyb5b;Cth;Sytl2;Gsk3b;Ube2d3;Hsp90b1;Fads1;Eif2s2;Calr;Tm7sf2;Tes;Mthfd2l;Ppp1r15a;Gtf2h1;Slc1a5;Gmps;Tpi1;Psmg1;Gbe1;Cacybp;Tcea1;Idh1;Psma3;Hspa5;P4ha1;Nupr1;Hprt1;Ldha;Actr3;Nufip1;Gpi1;Ldlr;Fads2;Rrm2;Cct6a;Hspe1;Psmc6;Eef1e1","27360;110391;50527;17113;56772;14718;68278;14782;11639;20855;28146;64136;20867;228026;19141;112407;107272;14190;18030;15277;20539;93692;18655;59027;12527;67890;11674;20525;26432;66427;107869;83671;56637;66105;22027;76267;67204;12317;73166;21753;665563;17872;14884;20514;229363;21991;56088;74185;12301;21399;15926;19167;14828;18451;56312;15452;16828;74117;27275;14751;16835;56473;20135;12466;15528;67089;66143",193,"CRISPR Het","Mtorc1 signaling","not significant"
"CRISPR","Het_vs_WT","HALLMARK_COMPLEMENT",1.19669647235503,0.305470737913486,"Cdh13;Phex;Pla2g4a;Anxa5;Rce1;Ppp2cb;Pik3ca;Pdp1;Dusp5;Lgmn;Maff;Adam9;Fyn;Dyrk2;Src;F3;Xpnpep1;Pim1;Il6;Jak2;Dock9;Plaur;Mmp13;Mmp14;Gpd2;Prdm4;Kif2a;Tnfaip3;Rnf4;Lamp2;Raf1;Serpine1;Ehd1;Lyn;Ppp4c;Psmb9;Pik3r5;Usp15;Usp16;Hspa5;Calm1","12554;18675;18783;11747;19671;19053;18706;381511;240672;19141;17133;11502;14360;69181;20779;14066;170750;18712;16193;16452;105445;18793;17386;17387;14571;72843;16563;21929;19822;16784;110157;18787;13660;17096;56420;16912;320207;14479;74112;14828;12313",122,"CRISPR Het","Complement","not significant"
"CRISPR","Het_vs_WT","HALLMARK_KRAS_SIGNALING_UP",1.15311370811978,0.369693094629156,"Ptgs2;Ano1;F2rl1;Plau;Dcbld2;Ero1a;Mmp10;Cpe;Bmp2;Inhba;Mmd;Avl9;Zfp639;C3ar1;Gpnmb;Spry2;Rbm4;Glrx;Ereg;Rabgap1l;Scg5;Tor1aip2;Btbd3;Plaur;Ccnd2;Yrdc;Tnfaip3;Evi5;Atg10;Abcb1a;Mtmr10","19225;101772;14063;18792;73379;50527;17384;12876;12156;16323;67468;78937;67778;12267;93695;24064;19653;93692;13874;29809;20394;240832;228662;18793;12444;230734;21929;14020;66795;18671;233315",129,"CRISPR Het","Kras signaling up","not significant"
"CRISPR","Het_vs_WT","HALLMARK_APOPTOSIS",-1.15275497931856,0.375784336509412,"Pdgfrb;Lef1;Sqstm1;Nedd9;Timp3;Egr3;Irf1;Cd38;Ank;Gch1;Brca1;Igfbp6;Rara;Bgn;Timp2;Dap;Timp1;Top2a;Tspo;Ifngr1;Gstm2;Hspb1;H1f0;Fdxr;Erbb2;Ctnnb1;Fez1;Dpyd","18596;16842;18412;18003;21859;13655;16362;12494;11732;14528;12189;16012;19401;12111;21858;223453;21857;21973;12257;15979;14863;15507;14958;14149;13866;12387;235180;99586",135,"CRISPR Het","Apoptosis","not significant"
"CRISPR","Het_vs_WT","HALLMARK_DNA_REPAIR",-0.994771187560575,0.61461666453347,"Aaas;Nt5c;Cant1;Supt4a;Guk1;Mpg;Vps28;Ak3;Alyref;Polr2a;Usp11;Polr2f;Zfp707;Rfc3;Trp53;Gsdme;Tyms;Rfc2;Tarbp2;Polr2k;Rbx1;Rrm2b;Nme1;Nudt9;Nelfe;Ccno;Pold1;Edf1;Snapc4;Vps37d;Rad51;Lig1;Taf12;Cstf3;Prim1;Dctn4;Nelfcd","223921;50773;76025;20922;14923;268395;66914;56248;21681;20020;236733;69833;69020;69263;22059;54722;22171;19718;21357;17749;56438;382985;18102;74167;27632;218630;18971;59022;227644;194309;19361;16881;66464;228410;19075;67665;57314",143,"CRISPR Het","Dna repair","not significant"
"CRISPR","Het_vs_WT","HALLMARK_IL6_JAK_STAT3_SIGNALING",-0.982822982213178,0.61461666453347,"Ccl7;Irf1;Cd38;Tnfrsf1b;Osmr;Ifngr1;Stat3;Il12rb1;Grb2","20306;16362;12494;21938;18414;15979;20848;16161;14784",56,"CRISPR Het","Il6 jak stat3 signaling","not significant"
"CRISPR","Het_vs_WT","HALLMARK_P53_PATHWAY",-0.964174251244978,0.657470687817418,"S100a4;Baiap2;Fgf13;Notch1;Phlda3;Steap3;Csrnp2;Rrad;Ccng1;Klf4;Hint1;Osgin1;Cebpa;Rack1;Hexim1;Trp53;Ppm1d;Def6;Cdk5r1;Rad51c;Zfp36l1;Rxra;Mknk2;Fdxr;Cdkn2a;Cd82;Itgb4;Plxnb2;Ralgds;Fos;Vamp8;Tax1bp3;Pmm1;Vdr;Tob1;Traf4;Ddit4;Trib3;Retsat;Sphk1;Fuca1;Tgfb1;Slc7a11;Kif13b;Bax;Foxo3;Iscu;Ddit3;Hmox1;Mxd1;Fas;Pitpnc1;Mapkapk3;Ptpn14;Prkab1;Ak1;Pidd1;Trafd1;Dcxr;Tm7sf3;Apaf1;Pvt1;Socs1","20198;108100;14168;18128;27280;68428;207785;56437;12450;16600;15254;71839;12606;14694;192231;22059;53892;23853;12569;114714;12192;20181;17347;14149;12578;12521;192897;140570;19730;14281;22320;76281;29858;22337;22057;22032;74747;228775;67442;20698;71665;21803;26570;16554;12028;56484;66383;13198;15368;17119;14102;71795;102626;19250;19079;11636;57913;231712;67880;67623;11783;19296;12703",176,"CRISPR Het","P53 pathway","not significant"
"CRISPR","Het_vs_WT","HALLMARK_PI3K_AKT_MTOR_SIGNALING",0.950579506163255,0.657470687817418,"Itpr2;Ppp1ca;Pla2g12a;Cfl1;Grk2;Pten;Pdk1;Mapk8;Pitx2;Mapk1;Ap2m1;Slc2a1;Cab39;Plcb1;E2f1;Gsk3b;Ube2d3;Cdk2;Hsp90b1;Rps6ka3;Gna14;Calr","16439;19045;66350;12631;110355;19211;228026;26419;18741;26413;11773;20525;12283;18795;13555;56637;66105;12566;22027;110651;14675;12317",95,"CRISPR Het","Pi3k akt mtor signaling","not significant"
"CRISPR","Het_vs_WT","HALLMARK_MYC_TARGETS_V1",0.954526622273128,0.678721174004193,"Psmd8;Odc1;Hnrnpd;Eef1b2;Got2;Hddc2;Tfdp1;Psmd7;Abce1;Eif4g2;Pgk1;Gspt1;Rsl1d1;Ap3s1;Prdx3;Hdgf;Vdac3;Nolc1;Tomm70a;Ranbp1;Hnrnpa2b1;Cdk2;Kars1;Prps2;Eif2s2;Rps5;Psmd1;Rps2;Ccna2;Vbp1;Gnl3;Tra2b;Cct2;Cnbp;Hnrnpc;Hsp90ab1;Cul1;Ilf2;Uba2;Rpl6;Erh;Ctps1;Cct3;Ncbp2;Hprt1;Rps3;Rpl22;Ldha;Eif4e;Psma1;Mrpl9;Cbx3;Ube2e1;Hspe1;Dut;Psmc6;Pcbp1;Tcp1;Rpl14;Rps6;Mcm4;Nop56;Psmd14;Pole3;Nap1l1;Psma2;Syncrip;Hdac2;Glo1;Nop16;Hnrnpa3;Ssb;Exosc7;Hspd1;Srsf3;Orc2","57296;18263;11991;55949;14719;69692;21781;17463;24015;13690;18655;14852;66409;11777;11757;15191;22335;70769;28185;19385;53379;12566;85305;110639;67204;20103;70247;16898;12428;22327;30877;20462;12461;12785;15381;15516;26965;67781;50995;19988;13877;51797;12462;68092;15452;27050;19934;16828;13684;26440;78523;12417;22194;15528;110074;67089;23983;21454;67115;20104;17217;67134;59029;59001;53605;19166;56403;15182;109801;28126;229279;20823;66446;15510;20383;18393",192,"CRISPR Het","Myc targets v1","not significant"
"CRISPR","Het_vs_WT","HALLMARK_MYC_TARGETS_V2",0.788223852314149,0.91008864499789,"Slc29a2;Rcl1;Plk4;Hk2;Pprc1;Nip7;Nolc1;Wdr74;Ndufaf4;Gnl3","13340;59028;20873;15277;226169;66164;70769;107071;68493;30877",58,"CRISPR Het","Myc targets v2","not significant"
"CRISPR","Het_vs_WT","HALLMARK_INTERFERON_GAMMA_RESPONSE",-0.814313631026841,0.922627594308837,"Ccl7;Auts2;Tnfaip6;Irf1;Cd38;Rapgef6;Vamp5;Sspn;Gch1;Sp110;Stat3;Ripk2;Vamp8;Irf5;Itgb7;Cd74;Pnpt1;Ly6e;Nfkbia;Tnfaip2;Apol6;Psme2;St3gal5;Ccl5;Casp8;Trim25;Isoc1","20306;319974;21930;16362;12494;192786;53620;16651;14528;109032;20848;192656;22320;27056;16421;16149;71701;17069;18035;21928;71939;19188;20454;20304;12370;217069;66307",151,"CRISPR Het","Interferon gamma response","not significant"
"CRISPR","Het_vs_WT","HALLMARK_G2M_CHECKPOINT",-0.678534154520283,0.998542274052478,"Atf5;H2az2;Cdc6;Espl1;Lig3;Top2a;Sqle;Ewsr1;Jpt1;Pafah1b1;Aurkb;Troap;Rad21;Cbx1;Notch2;Hmmr;Marcks;Ndc80;Rad54l;Racgap1;Cdc27;Birc5;Dtymk;G3bp1;E2f2;Srsf2;Mcm3;Nusap1;Ccnt1;Traip;Tle3;Tgfb1;Chaf1a;Numa1;Meis1;Smad3;Nup50;Ttk;Sfpq;Xpo1;Kpnb1;Pds5b","107503;77605;23834;105988;16882;21973;20775;14030;15374;18472;20877;78733;19357;12412;18129;15366;17118;67052;19366;26934;217232;11799;21915;27041;242705;20382;17215;108907;12455;22036;21887;21803;27221;101706;17268;17127;18141;22137;71514;103573;16211;100710",193,"CRISPR Het","G2m checkpoint","not significant"
"CRISPR","Het_vs_WT","HALLMARK_INTERFERON_ALPHA_RESPONSE",-0.59939091897361,0.998542274052478,"Gmpr;Irf1;Ifitm1;Sp110;Cnp;Ripk2;Cd74;Pnpt1;Ly6e;Psme2;Casp8;Trim25;Nub1","66355;16362;68713;109032;12799;192656;16149;71701;17069;19188;12370;217069;53312",86,"CRISPR Het","Interferon alpha response","not significant"
"CRISPR","KO_vs_WT","HALLMARK_EPITHELIAL_MESENCHYMAL_TRANSITION",-2.07029191557993,4.50571578920317e-07,"Ecm1;Crlf1;Timp3;Matn2;Col1a2;Bgn;Pdgfrb;Edil3;Cthrc1;Gas1;Timp1;Lgals1;Igfbp4;Vcan;Emp3;Col16a1;Col6a2;Pdlim4;Serpine2;Dab2;Postn;Pmepa1;Sntb1;Loxl1;Col1a1;Spp1;Ntm;Wnt5a;Fstl1;Pcolce;Serpine1;Sparc;Pmp22;Igfbp3;Mgp;Tpm1;Slit3;Serpinh1;Itgb5;Lox;Capg;Col3a1;Col11a1;Tgm2;Col5a1;Notch2;Slit2;Fermt2;Fbn2;Tgfbi;Cdh11;Cxcl12;Mcm7;Magee1;Gpx7;Col6a3;Fbln5;Ptx3;Thbs2;Fgf2;Itga5","13601;12931;21859;17181;12843;12111;18596;13612;68588;14451;21857;16852;16010;13003;13732;107581;12834;30794;20720;13132;50706;65112;20649;16949;12842;20750;235106;22418;14314;18542;18787;20692;18858;16009;17313;22003;20564;12406;16419;16948;12332;12825;12814;21817;12831;18129;20563;218952;14119;21810;12552;20315;17220;107528;67305;12835;23876;19288;21826;14173;16402",165,"CRISPR KO","Epithelial mesenchymal transition","padj <= 0.05"
"CRISPR","KO_vs_WT","HALLMARK_INFLAMMATORY_RESPONSE",-1.47775523013081,0.0621328235158028,"Chst2;Cx3cl1;Itgb8;Slc7a2;Has2;Timp1;Ptgir;Emp3;Ccl7;Lif;Ahr;Ifitm1;Csf1;Serpine1;P2rx7;Osmr;Ifngr2;Ripk2;P2ry2;Ndp;Ly6e;Icosl;Sri;Acvr1b;Il1r1;Rgs16;Atp2c1;Scn1b;Adora2b;Atp2b1;Myc;Rnf144b;Tnfaip6;Pcdh7;Itga5;Irf1;Lpar1;Tnfrsf9;Met;Slc11a2;Rhog;Gch1;Il4ra;Abca1","54371;20312;320910;11988;15117;21857;19222;13732;20306;16878;11622;68713;12977;18787;18439;18414;15980;192656;18442;17986;17069;50723;109552;11479;16177;19734;235574;20266;11541;67972;17869;218215;21930;54216;16402;16362;14745;21942;17295;18174;56212;14528;16190;11303",119,"CRISPR KO","Inflammatory response","padj <= 0.10"
"CRISPR","KO_vs_WT","HALLMARK_APOPTOSIS",-1.3771225284777,0.146313590250634,"Timp3;Bgn;Lef1;Pdgfrb;Ank;Dap;Timp1;Sqstm1;Cd38;Egr3;Timp2;Ifngr1;Ctnnb1;Fez1;Gstm2;Anxa1;Nedd9;Igfbp6;Ptk2;Dpyd;Cth;Hgf;Tspo;Plppr4;Tgfb2;App;Top2a;Ppp3r1;Birc3;Retsat;Sc5d;Lmna;Irf1;Ccnd1;Erbb2;Bax;Ebp;Gch1;Brca1;Dap3;Fas;Cav1;Rara","21859;12111;16842;18596;11732;223453;21857;18412;12494;13655;21858;15979;12387;235180;14863;16952;18003;16012;14083;99586;107869;15234;12257;229791;21808;11820;21973;19058;11796;67442;235293;16905;16362;12443;13866;12028;13595;14528;12189;65111;14102;12389;19401",135,"CRISPR KO","Apoptosis","padj <= 0.25"
"CRISPR","KO_vs_WT","HALLMARK_INTERFERON_ALPHA_RESPONSE",1.35100653572237,0.151349278962863,"Ifit2;Procr;Lpar6;Ifi30;Mvb12a;Trim26;Slc25a28;Rnf31;Il15;Ncoa7;Elf1;Ifih1;Trim12c;Tdrd7;Helz2;Oasl1;Trim21;Herc6;Ube2l6;Rsad2;Ifi27;Samd9l;Eif2ak2;Nmi;Ddx60;Cxcl10;Mx2;Parp14;Oas1a;Parp12;Rtp4;Ifit3;Psmb9;Irf9;Irf7;Ifi44;Usp18;Psma3;Stat2;Bst2;Tmem140;Adar;Isg15;Isg20;Ogfr;Parp9","15958;19124;67168;65972;73711;22670;246696;268749;16168;211329;13709;71586;319236;100121;229003;231655;20821;67138;56791;58185;52668;209086;19106;64685;234311;15945;17858;547253;246730;243771;67775;15959;16912;16391;54123;99899;24110;19167;20847;69550;68487;56417;100038882;57444;72075;80285",86,"CRISPR KO","Interferon alpha response","padj <= 0.25"
"CRISPR","KO_vs_WT","HALLMARK_KRAS_SIGNALING_UP",-1.27859603418036,0.181618759455371,"Ank;Gfpt2;Jup;Gprc5b;Lif;Spp1;St6gal1;Ace;Prkg2;Slpi;Sox9;Igfbp3;Trib2;Etv5;Fbxo4;Ptbp2;Btc;Etv4;Gypc;Mmp9;Sparcl1;Angptl4;Gadd45g;Adgra2;Akap12;Tmem100;Nin;Rgs16;Scn1b;Klf4;Glrx;Birc3;Tspan13;Adam8;Nrp1;Trib1;Itga2;Hdac9;Cbx8","11732;14584;16480;64297;16878;20750;20440;11421;19092;20568;20682;16009;217410;104156;106052;56195;12223;18612;71683;17395;13602;57875;23882;78560;83397;67888;18080;19734;20266;16600;93692;11796;66109;11501;18186;211770;16398;79221;30951",129,"CRISPR KO","Kras signaling up","padj <= 0.25"
"CRISPR","KO_vs_WT","HALLMARK_E2F_TARGETS",-1.21232246203851,0.257413423653833,"Cenpm;Xrcc6;Tk1;Cbx5;Psmc3ip;Timeless;Rfc2;Dscc1;Rad21;Atad2;Spc24;Birc5;Rpa1;Rad1;Rfc3;Phf5a;Tubg1;Hmmr;Pold2;Spag5;Nup107;Top2a;Mcm7;Cdkn2a;Anp32e;Espl1;Racgap1;Myc;Rad50;Tbrg4;Jpt1;Dnmt1;Shmt1;Mre11a;Pds5b;Pold1;Brca1;Rfc1;Lig1;Mcm3;Chek1;Dek;Trp53;Brms1l;Nme1;Suv39h1;Dclre1b;Kif18b;Cdk4;Tcf19;Ncapd2;Mlh1;Pms2;Mxd3;Cks1b;Mcm2;Cdc20;Hus1;Smc1a;Srsf2","66570;14375;21877;12419;19183;21853;19718;72107;19357;70472;67629;11799;68275;19355;69263;68479;103733;15366;18972;54141;103468;21973;17220;12578;66471;105988;26934;17869;19360;21379;15374;13433;20425;17535;100710;18971;12189;19687;16881;17215;12649;110052;22059;52592;18102;20937;140917;70218;12567;106795;68298;17350;18861;17121;54124;17216;107995;15574;24061;20382",199,"CRISPR KO","E2f targets","not significant"
"CRISPR","KO_vs_WT","HALLMARK_IL6_JAK_STAT3_SIGNALING",-1.23818393296727,0.283376399655469,"Cd38;Pdgfc;Ccl7;Ifngr1;Csf1;Osmr;Ifngr2;Il6st;Grb2;Stat3;Socs3;Il12rb1;Acvr1b;Il1r1","12494;54635;20306;15979;12977;18414;15980;16195;14784;20848;12702;16161;11479;16177",56,"CRISPR KO","Il6 jak stat3 signaling","not significant"
"CRISPR","KO_vs_WT","HALLMARK_INTERFERON_GAMMA_RESPONSE",1.11412405883414,0.35793392714077,"Fgl2;Ptgs2;Ifit2;Pim1;Tmt1b;Pla2g4a;Casp3;Ifi30;Cd274;Trim26;Lats2;Pde4b;Pfkp;Slc25a28;Rnf31;Il15;Nampt;Gpr18;Ncoa3;Ifih1;Samhd1;Tdrd7;Helz2;Oasl1;Znfx1;Sppl2a;Tor1b;Trim21;Herc6;Ube2l6;Cdkn1a;Rsad2;Ifi27;Irf5;Samd9l;Eif2ak2;Nmi;Tnfaip3;Ddx60;Cxcl10;Mx2;Arl4a;Rbck1;Myd88;Parp14;Il15ra;Parp12;Rtp4;Ifit3;Nup93;Psmb9;Irf9;Irf7","14190;19225;15958;18712;71664;18783;12367;65972;60533;22670;50523;18578;56421;246696;268749;16168;59027;110168;17979;71586;56045;100121;229003;231655;98999;66552;30934;20821;67138;56791;12575;58185;52668;27056;209086;19106;64685;21929;234311;15945;17858;11861;24105;17874;547253;16169;243771;67775;15959;71805;16912;16391;54123",151,"CRISPR KO","Interferon gamma response","not significant"
"CRISPR","KO_vs_WT","HALLMARK_TNFA_SIGNALING_VIA_NFKB",-1.10751426285185,0.35793392714077,"Plpp3;Gfpt2;Sgk1;Klf10;Sqstm1;Egr3;Serpinb8;Lif;Pmepa1;Tubb2a;Nfkbie;Csf1;Marcks;Serpine1;Ifngr2;Ripk2;Pdlim5;Slc2a3;Tnfaip2;Il6st;Rel;Tsc22d1;Spsb1;Stat5a;Socs3;Icosl;Bhlhe40;Klf4;Atp2b1;Birc3;Myc;Ptx3;Tnfaip6;Egr1;Irf1;Btg1;Ccnd1;Phlda1;Tnfrsf9;Dnajb4;Trib1;Gch1;Abca1;Dram1;Fos;Relb","67916;14584;20393;21847;18412;13655;20725;16878;65112;22151;18037;12977;17118;18787;15980;192656;56376;20527;21928;16195;19696;21807;74646;20850;12702;50723;20893;16600;67972;11796;17869;19288;21930;13653;16362;12226;12443;21664;21942;67035;211770;14528;11303;71712;14281;19698",169,"CRISPR KO","Tnfa signaling via nfkb","not significant"
"CRISPR","KO_vs_WT","HALLMARK_DNA_REPAIR",-1.05994033481937,0.44171153532387,"Cant1;Aaas;Vps28;Ak1;Guk1;Polr2f;Taf6;Rfc2;Adcy6;Alyref;Supt4a;Rfc3;Zfp707;Rbx1;Nt5c;Tarbp2;Rfc4;Smad5;Mpg;Polr2k;Rrm2b;Vps37d;Nudt9;Nelfe;Tyms;Pold1;Taf12;Lig1;Usp11;Trp53;Polr2i;Polr3c;Taf10;Dguok;Nme1;Pola1;Rfc5;Eif1b;Dad1;Polr2j;Polr2e","76025;223921;66914;11636;14923;69833;21343;19718;11512;21681;20922;69263;69020;56438;50773;21357;106344;17129;268395;17749;382985;194309;74167;27632;22171;18971;66464;16881;236733;22059;69920;74414;24075;27369;18102;18968;72151;68969;13135;20022;66420",143,"CRISPR KO","Dna repair","not significant"
"CRISPR","KO_vs_WT","HALLMARK_P53_PATHWAY",-0.999241687506984,0.571262558104663,"S100a4;Baiap2;Fgf13;Ak1;Eps8l2;Phlda3;Lif;Csrnp2;Notch1;Ddit4;Steap3;Zfp36l1;Cebpa;Rrad;Cd81;Hint1;Tsc22d1;Osgin1;App;Acvr1b;Irak1;Rgs16;Cdk5r1;Cdkn2a;Klf4;Retsat;Itgb4;Def6;Plxnb2;Pmm1;Sfn;Btg1;Hexim1;Rap2b;Bax;Mknk2;Rxra;Dram1;Dcxr;Fos;Ei24;Fas;Trp53;Fdxr;Sdc1;Tax1bp3;Prkab1","20198;108100;14168;11636;98845;27280;16878;207785;18128;74747;68428;12192;12606;56437;12520;15254;21807;71839;11820;11479;16179;19734;12569;12578;16600;67442;192897;23853;140570;29858;55948;12226;192231;74012;12028;17347;20181;71712;67880;14281;13663;14102;22059;14149;20969;76281;19079",176,"CRISPR KO","P53 pathway","not significant"
"CRISPR","KO_vs_WT","HALLMARK_MTORC1_SIGNALING",-0.981100899942585,0.611258648403103,"Ctsc;Sqstm1;Sqle;Ifrd1;Acly;Hmgcs1;Insig1;Ddit4;Atp5mc1;Serpinh1;Elovl6;Slc2a3;Acaca;Rpa1;Rab1a;Lta4h;Cyp51;Tubg1;Canx;Tmem97;Nmt1;Xbp1;Cth;Bhlhe40;Ykt6;Dapp1;Glrx;Sc5d;Bcat1;Psme3;G6pdx;Hmgcr;Slc1a4;Hsp90b1;Rpn1;Rdh11;Ppia;Stard4;Ebp;Dhcr7;Wars1;Ssr1;Psmd12;Acsl3;Fdxr;Psmb5;Actr2;Hmbs;Dhcr24;Hspa4;Shmt2;Sec11a;Sytl2;Pdap1;Gclc","13032;18412;20775;15982;104112;208715;231070;74747;11951;12406;170439;20527;107476;68275;19324;16993;13121;103733;12330;69071;18107;22433;107869;20893;56418;26377;93692;235293;12035;19192;14381;15357;55963;22027;103963;17252;268373;170459;13595;13360;22375;107513;66997;74205;14149;19173;66713;15288;74754;15525;108037;56529;83671;231887;14629",193,"CRISPR KO","Mtorc1 signaling","not significant"
"CRISPR","KO_vs_WT","HALLMARK_COMPLEMENT",-0.860938458728123,0.820928316396594,"Ctsc;Pla2g7;Timp1;Timp2;Atox1;Dock10;Zeb1;Serpine1;Dock4;Calm3;Akap10;Grb2;Lta4h;Ctsh;Cdk5r1;Gata3;Irf1;Cpq;Zfpm2;Rhog;S100a13;Pfn1;C3;Ctsl;F8;Fn1;Plat;Car2","13032;27226;21857;21858;11927;210293;21417;18787;238130;12315;56697;14784;16993;13036;12569;14462;16362;54381;22762;56212;20196;18643;12266;13039;14069;14268;18791;12349",122,"CRISPR KO","Complement","not significant"
"CRISPR","KO_vs_WT","HALLMARK_G2M_CHECKPOINT",0.653503156612407,1,"Ddx39a;Hnrnpd;E2f4;Mybl2;Tnpo2;Cdkn2c;Stmn1;Slc7a5;Orc6;Odf2;Odc1;Sap30;Knl1;Uck2;Kif20b;Incenp;Wrn;Cul4a;E2f1;Kif11;Hmgb3;Rps6ka5;Stil;Bard1;Katna1;Map3k20;Cdc7;Upf1;Mtf2;Abl1;Bub1;Mad2l1;Cenpf;Gins2;Fbxo5;Slc38a1;Chmp1a;Nasp;Cdkn1b;Pura;Nolc1;Kif5b;Orc5;Foxn3;Nek2;Hnrnpu;Smc4;Ctcf;Ccnf;Pttg1;Pola2","68278;11991;104394;17865;212999;12580;16765;20539;56452;18286;18263;60406;76464;80914;240641;16319;22427;99375;13555;16551;15354;73086;20460;12021;23924;65964;12545;19704;17765;11350;12235;56150;108000;272551;67141;105727;234852;50927;12576;19290;70769;16573;26429;71375;18005;51810;70099;13018;12449;30939;18969",193,"CRISPR KO","G2m checkpoint","not significant"
"CRISPR","KO_vs_WT","HALLMARK_MYC_TARGETS_V1",-0.741798197149728,1,"Xrcc6;Ifrd1;Cyc1;Hnrnpa1;Eif3d;Psmd3;Cct5;Canx;Phb1;Psmb3;Vdac1;Rfc4;G3bp1;Pold2;C1qbp;Nhp2;Mcm7;Myc;Fam120a;Iars1;Eif4a1;Tufm;Tyms;Ppia;Exosc7;Dek;Prpf31;Cstf2;Nme1;Ruvbl2;Bub3;Ywhae;Fbl;Cdk4;Snrpd3;Xpot;Sf3a1;Cct4;Tomm70a;Rack1;Mrpl23;Cdc45;Aimp2;Mcm2;Cdc20;Snrpa;Hnrnpr;Mrpl9;Srsf2;Eif3b","14375;15982;66445;15382;55944;22123;12465;12330;18673;26446;22333;106344;27041;18972;12261;52530;17220;17869;218236;105148;13681;233870;22171;268373;66446;110052;68988;108062;18102;20174;12237;22627;14113;12567;67332;73192;67465;12464;28185;14694;19935;12544;231872;17216;107995;53607;74326;78523;20382;27979",192,"CRISPR KO","Myc targets v1","not significant"
"CRISPR","KO_vs_WT","HALLMARK_MYC_TARGETS_V2",0.488084256612864,1,"Slc29a2;Sord;Rcl1;Nip7;Hk2;Pprc1;Gnl3;Rrp12;Nop56;Rabepk;Farsa;Nolc1;Utp20","13340;20322;59028;66164;15277;226169;30877;107094;67134;227746;66590;70769;70683",58,"CRISPR KO","Myc targets v2","not significant"
"CRISPR","KO_vs_WT","HALLMARK_PI3K_AKT_MTOR_SIGNALING",-0.666887907790556,1,"Sqstm1;Rptor;Atf1;Acaca;Prkag1;Grb2;Arhgdia;Cltc;Arf1;Mapk9;Dapp1;Hsp90b1;Sfn;Irak4;Mknk2;Pfn1;Akt1s1;Actr2;Pla2g12a;Map2k6;Cdk4;Tnfrsf1a;Prkcb;Gsk3b;Cab39l;Ecsit;Rac1;Ddit3","18412;74370;11908;107476;19082;14784;192662;67300;11840;26420;26377;22027;55948;266632;17347;18643;67605;66713;66350;26399;12567;21937;18751;56637;69008;26940;19353;13198",95,"CRISPR KO","Pi3k akt mtor signaling","not significant"
"mouseKD","KD_vs_Control","HALLMARK_INTERFERON_ALPHA_RESPONSE",2.87597141514525,7.00229284634794e-19,"Ifi44;Lgals3bp;Gbp3;Irf7;Usp18;Ifitm3;Ifit3;Oas1a;Samd9l;Parp14;Isg15;Rtp4;Parp12;Parp9;Bst2;C1s1;Ifi35;Cd47;Ifih1;Cmpk2;Irf9;Ly6e;Uba7;Wars1;Nmi;Cnp;Psme1;Dhx58;Stat2;Ddx60;Ifitm2;Trim12c;Mov10;Psmb8;Eif2ak2;Mx2;Csf1;Trim25;Psme2;Pnpt1;Tap1;Tdrd7;Sp110;Ube2l6;Ogfr;Rsad2;Ifitm1;Oasl1","99899;19039;55932;54123;24110;66141;15959;246730;209086;547253;100038882;67775;243771;80285;69550;50908;70110;16423;71586;22169;16391;17069;74153;22375;64685;12799;19186;80861;20847;234311;80876;319236;17454;16913;19106;17858;12977;217069;19188;71701;21354;100121;109032;56791;72075;58185;68713;231655",87,"mouseKD","Interferon alpha response","padj <= 0.05"
"mouseKD","KD_vs_Control","HALLMARK_EPITHELIAL_MESENCHYMAL_TRANSITION",2.6080357632293,1.6974129096857e-16,"Acta2;Sparc;Cdh11;Fbn2;Col1a1;Slit2;Col1a2;Gas1;Slit3;Myl9;Cdh6;Bgn;Fbln5;Spp1;Efemp2;Ntm;Igfbp4;Serpine2;Col4a1;Fbn1;Col6a3;Col6a2;Fstl1;Timp3;Tnc;Matn2;Prrx1;Gja1;Thy1;Ptx3;Vcan;Crlf1;Timp1;Col16a1;Loxl1;Pcolce;Mmp14;Grem1;Dpysl3;Igfbp3;Col5a2;Col3a1;Mgp;Col4a2;Colgalt1;Itgb5;Tgfbr3;Flna;Tpm2;Col12a1;Plod1;Vim;Fn1;Plaur;Capg;Lox;Id2;Mmp3;Htra1;Scg2;Mylk;Cxcl12;Ecm1;Lrp1;Nnmt;Tgfbi;Tnfrsf12a;Thbs2;Gpc1;Ppib;Emp3","11475;20692;12552;14119;12842;20563;12843;14451;20564;98932;12563;12111;23876;20750;58859;235106;16010;20720;12826;14118;12835;12834;14314;21859;21923;17181;18933;14609;21838;19288;13003;12931;21857;107581;16949;18542;17387;23892;22240;16009;12832;12825;17313;12827;234407;16419;21814;192176;22004;12816;18822;22352;14268;18793;12332;16948;15902;17392;56213;20254;107589;20315;13601;16971;18113;21810;27279;21826;14733;19035;13732",166,"mouseKD","Epithelial mesenchymal transition","padj <= 0.05"
"mouseKD","KD_vs_Control","HALLMARK_INTERFERON_GAMMA_RESPONSE",2.53106215916742,2.23213640177101e-14,"Ifi44;Lgals3bp;Gbp3;Irf7;Rnf213;Usp18;Ifitm3;Ifit3;Samd9l;Parp14;Isg15;Rtp4;Rigi;Parp12;Zbp1;Bst2;Xaf1;C1s1;Ifi35;Oas2;Mthfd2;Ifih1;Cmpk2;Irf9;Ly6e;Oas3;Sri;Wars1;Psmb10;Nmi;Stat1;Psme1;Dhx58;Rbck1;Stat2;Ddx60;Casp4;Ptgs2;Ifitm2;Tnfaip2;Psmb8;Eif2ak2;Mx2;Trim25;Psme2;Pnpt1;Pde4b;Tap1;Tdrd7;Sp110;Ube2l6;Ogfr;Socs3;Rsad2;Oasl1;Myd88;Upp1;Nlrc5;Ccl7;Rapgef6;Lats2;Mvp;Casp7;Nod1;Pla2g4a;Cd274;Samhd1;Trim21;Lap3;Psmb9;Ifnar2;Psma3;Sppl2a","99899;19039;55932;54123;672511;24110;66141;15959;209086;547253;100038882;67775;230073;243771;58203;69550;327959;50908;70110;246728;17768;71586;22169;16391;17069;246727;109552;22375;19171;64685;20846;19186;80861;24105;20847;234311;12363;19225;80876;21928;16913;19106;17858;217069;19188;71701;18578;21354;100121;109032;56791;72075;12702;58185;231655;17874;22271;434341;20306;192786;50523;78388;12369;107607;18783;60533;56045;20821;66988;16912;15976;19167;66552",153,"mouseKD","Interferon gamma response","padj <= 0.05"
"mouseKD","KD_vs_Control","HALLMARK_MYC_TARGETS_V1",1.72789076505066,0.000404055880349778,"Odc1;Cdk4;Impdh2;Vdac3;Eif3b;Hprt1;Psma7;Rps3;Rack1;Npm1;Eif4a1;Ruvbl2;Srsf3;Pabpc1;Eif4g2;Nhp2;Eprs1;Ldha;Rps5;Cct4;Psmd14;Apex1;Srm;Xrcc6;Cad;Eef1b2;Pabpc4;Rpl22;Rps2;Orc2;Ppia;Xpot;Ncbp2;Lsm2;Tomm70a;Prdx4;Cct7;Nop56;Ran;Hnrnpa1;Gspt1;Rpl14;Rrp9;Vdac1;Tcp1;Pwp1;Prpf31;Tyms;Glo1;Rplp0;Hnrnpr;Iars1;Hspd1;Nap1l1;Eif3d;Slc25a3;Ndufab1;Ddx21;Nop16;Cyc1;Srsf2;Snrpa;Rps6;Hnrnpu;Ssbp1;Rps10;Smarcc1;Srsf1;Srsf7;Psmc6;Cct5;Clns1a;Usp1;Kars1;Mad2l1;Cul1;Snrpd2;Psmd7;Gnl3;Ywhaq;Mrpl23;Phb2;Ranbp1;Prdx3;Ctps1;Eif4h;Mcm7;Psmd3;Acp1;Rpl6","18263;12567;23918;22335;27979;15452;26444;27050;14694;18148;13681;20174;20383;18458;13690;52530;107508;16828;20103;12464;59029;11792;20810;14375;69719;55949;230721;19934;16898;18393;268373;73192;68092;27756;28185;53381;12468;67134;19384;15382;14852;67115;27966;22333;21454;103136;68988;22171;109801;11837;74326;105148;15510;53605;55944;18674;70316;56200;28126;66445;20382;53607;20104;51810;381760;67097;20588;110809;225027;67089;12465;12729;230484;85305;56150;26965;107686;17463;30877;22630;19935;12034;19385;11757;51797;22384;17220;22123;11431;19988",193,"mouseKD","Myc targets v1","padj <= 0.05"
"mouseKD","KD_vs_Control","HALLMARK_G2M_CHECKPOINT",-1.54829478943104,0.0023498326521384,"Nup50;Upf1;Mcm3;Aurka;Prc1;Cenpf;Incenp;Ythdc1;Nek2;Ccna2;Troap;Birc5;Kif20b;Tpx2;Rpa2;Pds5b;Polq;Snrpd1;Pola2;Cdk1;Nusap1;Sap30;Cdc7;Ccnt1;Kif22;Cenpe;Rad23b;Dr1;Kif11;Mki67;Bub1;Espl1;Nasp;Cks2;Stil;E2f2;Kif5b;Cdc6;Foxn3;Kif4;Ezh2;Bub3;Cdc20;Mnat1;Smc2;Orc6;Odf2;Arid4a;Racgap1;Casp8ap2","18141;19704;17215;20878;233406;108000;16319;231386;18005;12428;78733;11799;240641;72119;19891;100710;77782;20641;18969;12534;108907;60406;12545;12455;110033;229841;19359;13486;16551;17345;12235;105988;50927;66197;20460;242705;16573;23834;71375;16571;14056;12237;107995;17420;14211;56452;18286;238247;26934;26885",192,"mouseKD","G2m checkpoint","padj <= 0.05"
"mouseKD","KD_vs_Control","HALLMARK_MTORC1_SIGNALING",1.51624766372501,0.00837141331741403,"Cth;Slc7a11;Pfkl;Slc7a5;Psph;Pdk1;Mthfd2;Rrm2;Ero1a;Ddit4;G6pdx;P4ha1;Wars1;Slc1a5;Shmt2;Nfil3;Gsr;Slc2a1;Fads1;Gpi1;Vldlr;Hprt1;Mllt11;Bcat1;Phgdh;Asns;Psat1;Ak4;Aldoa;Acly;Tes;Eprs1;Ldha;Atp5mc1;Idh1;Stc1;Acaca;Psmd14;Fads2;Tcea1;Me1;Cct6a;Ppia;Ppa1;Pgm1;Txnrd1;Btg2;Psme3;Hspa4;Gclc","107869;26570;18641;20539;100678;228026;17768;20135;50527;74747;14381;18451;22375;20514;108037;18030;14782;20525;76267;14751;22359;15452;56772;12035;236539;27053;107272;11639;11674;104112;21753;107508;16828;11951;15926;20855;107476;59029;56473;21399;17436;12466;268373;67895;72157;50493;12227;19192;15525;14629",195,"mouseKD","Mtorc1 signaling","padj <= 0.05"
"mouseKD","KD_vs_Control","HALLMARK_INFLAMMATORY_RESPONSE",1.58150069495489,0.0097825685612956,"Irf7;Rtp4;Bst2;Osmr;Ereg;Adm;Ly6e;P2ry2;Il1r1;Sri;Timp1;Nmi;Mmp14;Chst2;P2rx4;Tlr3;Axl;Cx3cl1;Eif2ak2;Tlr2;Il18rap;Slc7a1;Plaur;Csf1;Tpbg;Pde4b;Calcrl;Emp3;Btg2;Ifitm1","54123;67775;69550;18414;13874;11535;17069;18442;16177;109552;21857;64685;17387;54371;18438;142980;26362;20312;19106;24088;16174;11987;18793;12977;21983;18578;54598;13732;12227;68713",125,"mouseKD","Inflammatory response","padj <= 0.05"
"mouseKD","KD_vs_Control","HALLMARK_KRAS_SIGNALING_UP",1.5729297835617,0.0103020581752077,"Slpi;Prkg2;Spp1;Vwa5a;Ank;Ereg;Ero1a;Trib2;Apod;Prrx1;Mmp11;Nrp1;Klf4;Mmp10;Adgra2;Igfbp3;Zfp639;Crot;Btbd3;Emp1;Ptgs2;Psmb8;Angptl4;Dusp6;Plaur;Il1rl2;Id2;Mtmr10;Hdac9;Ccnd2;Nin;Etv5","20568;19092;20750;67776;11732;13874;50527;217410;11815;18933;17385;18186;16600;17384;78560;16009;67778;74114;228662;13730;19225;16913;57875;67603;18793;107527;15902;233315;79221;12444;18080;104156",132,"mouseKD","Kras signaling up","padj <= 0.05"
"mouseKD","KD_vs_Control","HALLMARK_COMPLEMENT",1.45831092015259,0.0304304792594677,"Irf7;Cp;C3;C1s1;Pla2g7;Prep;Timp1;Mmp14;Cblb;Dock4;Sh2b3;Col4a2;Casp4;Cpq;Ctso;Dusp6;Fn1;Plaur;Cdh13;Pfn1;Lrp1;Me1;Sirt6;Dusp5;Ctsl;Gnb2;Stx4a;Plat;Mmp13;Brpf3;Timp2;Psen1;Casp7;Src;Pik3ca;Ppp4c;Pla2g4a;Dgkh;Kif2a;Cebpb;Lap3;Psmb9;Lck","54123;12870;12266;50908;27226;19072;21857;17387;208650;238130;16923;12827;12363;54381;229445;67603;14268;18793;12554;18643;16971;17436;50721;240672;13039;14693;20909;18791;17386;268936;21858;19164;12369;20779;18706;56420;18783;380921;16563;12608;66988;16912;16818",132,"mouseKD","Complement","padj <= 0.05"
"mouseKD","KD_vs_Control","HALLMARK_E2F_TARGETS",-1.28531224369927,0.036839833350515,"Mcm3;Aurka;Bub1b;Depdc1a;Mcm4;Cdca8;Kif18b;Dlgap5;Pan2;Ung;Brca1;Birc5;Gins3;Rpa2;Pds5b;Wee1;Pola2;Cdk1;Kif22;Cenpe;Mki67;Pms2;Ak2;Ppm1d;Spag5;Ccp110;Espl1;Nasp;Wdr90;Cks2;Atad2;Dnmt1;Ube2t;Kif4;Ezh2;Pold3;Cit","17215;20878;12236;76131;17217;52276;70218;218977;103135;22256;12189;11799;78833;19891;100710;22390;18969;12534;110033;229841;17345;18861;11637;53892;54141;101565;105988;50927;106618;66197;70472;13433;67196;16571;14056;67967;12704",199,"mouseKD","E2f targets","padj <= 0.05"
"mouseKD","KD_vs_Control","HALLMARK_MYC_TARGETS_V2",1.42036446911094,0.0748319159204528,"Map3k6;Cdk4;Prmt3;Ipo4;Slc19a1;Exosc5;Npm1;Srm;Wdr43;Bysl;Grwd1;Rcl1;Nop56;Rrp9;Tmem97;Hspd1;Dusp2;Nop16;Wdr74;Tbrg4;Tcof1","53608;12567;71974;75751;20509;27998;18148;20810;72515;53414;101612;59028;67134;27966;69071;15510;13537;28126;107071;21379;21453",58,"mouseKD","Myc targets v2","padj <= 0.10"
"mouseKD","KD_vs_Control","HALLMARK_APOPTOSIS",1.30627461764041,0.102999659129644,"Cth;Ifitm3;Bgn;Ank;Ereg;Timp3;Timp1;Hgf;Gsr;Bcl2l1;Emp1;Casp4;Tspo;Tgfbr3;Psen2;Anxa1;Erbb2;Ccnd1;Egr3;Tap1;Nedd9;Fez1;Ccnd2;Tnfrsf12a;Bcl2l2;Btg2;Pdcd4;App;Add1;Plat;Madd;Ier3;Gpx4;Timp2;Psen1;Dnm1l;Casp7;Bax;Dap3","107869;66141;12111;11732;13874;21859;21857;15234;14782;12048;13730;12363;12257;21814;19165;16952;13866;12443;13655;21354;18003;235180;12444;27279;12050;12227;18569;11820;11518;18791;228355;15937;625249;21858;19164;74006;12369;12028;65111",138,"mouseKD","Apoptosis","padj <= 0.25"
"mouseKD","KD_vs_Control","HALLMARK_IL6_JAK_STAT3_SIGNALING",1.18656913078917,0.281815956926089,"Osmr;Irf9;Il1r1;Stat1;Stat2;Tlr2;Tnfrsf1a;Csf1;Tnfrsf12a;Socs3;Il13ra1;Myd88;Hax1;Ccl7;Il3ra;Ifnar1;Itgb3;Socs1;Tyk2;Cd38;Il6;Tgfb1","18414;16391;16177;20846;20847;24088;21937;12977;27279;12702;16164;17874;23897;20306;16188;15975;16416;12703;54721;12494;16193;21803",59,"mouseKD","Il6 jak stat3 signaling","not significant"
"mouseKD","KD_vs_Control","HALLMARK_TNFA_SIGNALING_VIA_NFKB",-1.10964099565513,0.281815956926089,"Gadd45b;Rcan1;Ccn1;Per1;Dnajb4;Klf6;Rhob;Jun;Efna1;Tnfaip3;Irs2;Serpine1;Mxd1;Nr4a3;Nr4a1;Bhlhe40;Nfkbia;B4galt1;Phlda2;Yrdc;Slc2a3;Zbtb10;Il15ra;Gem;Plk2;Spsb1;Edn1;Tiparp;Maff;Dusp4;Sdc4;Klf10;Trip10;Nfkbie;Serpinb8","17873;54720;16007;18626;67035;23849;11852;16476;13636;21929;384783;18787;17119;18124;15370;20893;18035;14595;22113;230734;20527;229055;16169;14579;20620;74646;13614;99929;17133;319520;20971;21847;106628;18037;20725",170,"mouseKD","Tnfa signaling via nfkb","not significant"
"mouseKD","KD_vs_Control","HALLMARK_P53_PATHWAY",-1.00337435797824,0.485792349726776,"Hspa4l;Ifi30;Ctsd;Rgs16;Tob1;Jun;Kif13b;Acvr1b;Osgin1;Mxd1;Mknk2;Stom;Eps8l2;Prkab1;Pdgfa;Jag2;Tcn2;Fas;Sp1;Nupr1;Ppm1d;Ccp110;F2r;Tspyl2;Plk2;Ccnk;Ddit3;Ercc5;Slc35d1;Epha2;Txnip;Tchh;Baiap2;Hexim1;Pom121;Steap3;Cdkn2aip","18415;65972;13033;19734;22057;16476;16554;11479;71839;17119;17347;13830;98845;19079;18590;16450;21452;14102;20683;56312;53892;101565;14062;52808;20620;12454;13198;22592;242585;13836;56338;99681;108100;192231;107939;68428;70925",181,"mouseKD","P53 pathway","not significant"
"mouseKD","KD_vs_Control","HALLMARK_PI3K_AKT_MTOR_SIGNALING",0.998551342408655,0.522364277855761,"Pdk1;Cdk4;Slc2a1;Stat2;Akt1;Tnfrsf1a;Pin1;Them4;Mknk1;Pfn1;Rptor;Acaca;Irak4;Pla2g12a;Plcb1;Hras;Myd88;Mapk9;Cab39;E2f1;Tsc2;Nod1;Mapk8;Actr3;Mapkap1;Lck;Ywhab;Rps6ka3;Il4;Itpr2;Plcg1;Actr2;Ube2d3;Egfr;Mapk10;Sqstm1;Map2k6;Ap2m1;Gsk3b;Trib3;Raf1","228026;12567;20525;20847;11651;21937;23988;75778;17346;18643;74370;107476;266632;66350;18795;15461;17874;26420;12283;13555;22084;107607;26419;74117;227743;16818;54401;110651;16189;16439;18803;66713;66105;13649;26414;18412;26399;11773;56637;228775;110157",96,"mouseKD","Pi3k akt mtor signaling","not significant"
"mouseKD","KD_vs_Control","HALLMARK_DNA_REPAIR",0.929556273997751,0.674427579109853,"Cmpk2;Nelfe;Srsf6;Nme4;Tsg101;Taf10;Trp53;Impdh2;Hprt1;Ercc1;Guk1;Ddb1;Nelfcd;Dgcr8;Pde4b;Nt5c;Rfc2;Rrm2b;Dguok;Ncbp2;Tyms;Gpx4;Gtf2a2;Gsdme;Usp11;Rae1;Cant1","22169;27632;67996;56520;22088;24075;22059;23918;15452;13870;14923;13194;57314;94223;18578;50773;19718;382985;27369;68092;22171;625249;235459;54722;236733;66679;76025",142,"mouseKD","Dna repair","not significant"
