"pathway","contrast_a","contrast_b","n_a","n_b","overlap","union","jaccard","overlap_entrez"
"HALLMARK_XENOBIOTIC_METABOLISM","CRISPR_Het","CRISPR_KO",43,56,40,59,0.677966101694915,"18104;16010;26874;13110;11669;11529;110351;110213;109672;16480;71093;246277;14528;59083;18984;18107;11429;233016;66397;69071;51793;110172;22021;11761;50997;223455;68021;66082;66841;14854;74134;14629;22436;11430;18618;12349;29858;29811;11655;56376"
"HALLMARK_EPITHELIAL_MESENCHYMAL_TRANSITION","CRISPR_Het","CRISPR_KO",64,61,49,76,0.644736842105263,"12931;13612;16010;17181;18596;30794;12843;13601;18858;68588;16009;21859;14451;12834;13132;107581;12842;12835;20649;16948;12552;20315;12111;13732;16852;12825;17313;12831;20692;21857;13003;20564;16949;50706;18542;20720;20750;22418;21817;18129;65112;22003;14119;14314;67305;12814;21810;235106;218952"
"HALLMARK_MYOGENESIS","CRISPR_Het","CRISPR_KO",47,42,34,55,0.618181818181818,"29857;18104;18128;11568;226251;13808;16009;14681;12834;15982;225115;12842;17967;12835;16651;13845;17886;14387;77559;18642;19245;12825;19223;20692;78286;20190;192897;15184;17260;140570;16985;14245;76954;20893"
"HALLMARK_WNT_BETA_CATENIN_SIGNALING","CRISPR_Het","CRISPR_KO",12,12,9,15,0.6,"18128;16842;12006;13543;21414;14534;14362;12387;15184"
"HALLMARK_ANGIOGENESIS","CRISPR_KO","mouseKD",11,16,9,18,0.5,"20198;21857;13003;50706;20750;14314;12825;14083;11820"
"HALLMARK_KRAS_SIGNALING_DN","CRISPR_Het","CRISPR_KO",14,8,7,15,0.466666666666667,"19125;20363;54371;104027;56358;20393;14570"
"HALLMARK_EPITHELIAL_MESENCHYMAL_TRANSITION","CRISPR_Het","mouseKD",64,71,38,97,0.391752577319588,"12931;16010;17181;12843;13601;16009;21859;14451;12834;107581;12842;12835;16948;12552;20315;12111;13732;12825;17313;20692;21857;14268;13003;20564;16949;22004;18542;20720;20750;14119;14314;12816;21810;235106;14118;18113;20254;21923"
"HALLMARK_EPITHELIAL_MESENCHYMAL_TRANSITION","CRISPR_KO","mouseKD",61,71,37,95,0.389473684210526,"13601;12931;21859;17181;12843;12111;14451;21857;16010;13003;13732;107581;12834;20720;16949;12842;20750;235106;14314;18542;20692;16009;17313;20564;16419;16948;12332;12825;20563;14119;21810;12552;20315;12835;23876;19288;21826"
"HALLMARK_INTERFERON_ALPHA_RESPONSE","CRISPR_KO","mouseKD",46,48,25,69,0.36231884057971,"71586;319236;100121;231655;56791;58185;209086;19106;64685;234311;17858;547253;246730;243771;67775;15959;16391;54123;99899;24110;20847;69550;100038882;72075;80285"
"HALLMARK_GLYCOLYSIS","CRISPR_KO","mouseKD",59,71,31,99,0.313131313131313,"54371;83398;11876;14042;13003;18194;22021;53418;15529;74747;16009;22122;78688;57875;107869;21810;14635;11541;21351;14381;14936;268373;14733;110006;76524;50797;104458;14629;23897;69080;18451"
"HALLMARK_XENOBIOTIC_METABOLISM","CRISPR_KO","mouseKD",56,44,22,78,0.282051282051282,"11529;68021;16010;59083;246277;71093;22021;51798;56376;69071;18104;18618;16177;12035;78038;22436;14854;11532;108037;14629;108156;21937"
"HALLMARK_UV_RESPONSE_DN","CRISPR_KO","mouseKD",40,50,19,71,0.267605633802817,"12843;99633;67916;18596;12842;15529;15901;20975;56376;12825;19088;12814;109552;11541;23876;14007;12306;18186;13866"
"HALLMARK_APOPTOSIS","CRISPR_KO","mouseKD",43,39,17,65,0.261538461538462,"21859;12111;11732;21857;13655;21858;235180;16952;18003;107869;15234;12257;11820;12443;13866;12028;65111"
"HALLMARK_IL2_STAT5_SIGNALING","CRISPR_KO","mouseKD",44,51,19,76,0.25,"13601;13808;12833;16878;20750;12977;11520;17117;18612;217057;12332;68043;11658;11492;54637;21942;18186;20443;20973"
"HALLMARK_CHOLESTEROL_HOMEOSTASIS","CRISPR_KO","mouseKD",27,24,10,41,0.24390243902439,"14137;18194;110196;68312;17855;51798;14104;11658;69071;11465"
"HALLMARK_FATTY_ACID_METABOLISM","CRISPR_KO","mouseKD",41,41,16,66,0.242424242424242,"11529;13808;68021;12167;18194;52538;11370;51798;14104;67460;14874;17025;23986;70335;20917;12972"
"HALLMARK_ADIPOGENESIS","CRISPR_KO","mouseKD",54,54,20,88,0.227272727272727,"11600;52538;104112;11520;19376;68653;51798;15107;67460;57875;18618;16775;13358;74610;66205;230027;21351;11836;12266;70335"
"HALLMARK_KRAS_SIGNALING_UP","CRISPR_KO","mouseKD",39,32,13,58,0.224137931034483,"11732;20750;19092;20568;16009;217410;104156;57875;78560;18080;16600;18186;79221"
"HALLMARK_XENOBIOTIC_METABOLISM","CRISPR_Het","mouseKD",43,44,15,72,0.208333333333333,"18104;16010;11529;71093;246277;59083;228608;69071;22021;68021;14854;14629;22436;18618;56376"
"HALLMARK_HYPOXIA","CRISPR_Het","mouseKD",47,46,15,78,0.192307692307692,"11535;50527;21983;18484;11639;20855;228026;20439;18030;231507;11674;74155;20525;70186;18793"
"HALLMARK_PROTEIN_SECRETION","CRISPR_Het","mouseKD",28,28,9,47,0.191489361702128,"21985;107767;14420;11765;107338;108664;271457;16784;53331"
"HALLMARK_SPERMATOGENESIS","CRISPR_KO","mouseKD",19,21,6,34,0.176470588235294,"18415;72350;56324;17776;11861;12235"
"HALLMARK_INFLAMMATORY_RESPONSE","CRISPR_KO","mouseKD",44,30,11,63,0.174603174603175,"54371;20312;21857;13732;68713;12977;18414;18442;17069;109552;16177"
"HALLMARK_MITOTIC_SPINDLE","CRISPR_Het","mouseKD",54,60,10,104,0.0961538461538462,"18015;71704;71602;105988;223435;83767;26934;11799;22627;108907"
