"database","pathway_key","pathway_id_mouse_KD","pathway_id_mouse_KO","pathway_id_mouse_het","pathway_name_mouse_KD","pathway_name_mouse_KO","pathway_name_mouse_het","NES_mouse_KD","NES_mouse_KO","NES_mouse_het","padj_mouse_KD","padj_mouse_KO","padj_mouse_het","signed_log10padj_mouse_KD","signed_log10padj_mouse_KO","signed_log10padj_mouse_het","significant_mouse_KD","significant_mouse_KO","significant_mouse_het","leading_edge_mouse_KD","leading_edge_mouse_KO","leading_edge_mouse_het","pathway_name","delta_NES_KO_minus_het","delta_NES_KD_minus_het","delta_NES_KO_minus_KD","abs_delta_NES_KO_minus_het","abs_delta_NES_KD_minus_het","abs_delta_NES_KO_minus_KD","direction_pattern"
"Hallmark","HALLMARK_INFLAMMATORY_RESPONSE","HALLMARK_INFLAMMATORY_RESPONSE","HALLMARK_INFLAMMATORY_RESPONSE","HALLMARK_INFLAMMATORY_RESPONSE","HALLMARK_INFLAMMATORY_RESPONSE","HALLMARK_INFLAMMATORY_RESPONSE","HALLMARK_INFLAMMATORY_RESPONSE",1.5530260801159,-1.57620589327162,1.30792294744372,0.0119626757249511,0.0284789862069273,0.132765422816375,1.92217166962755,-1.54547547474634,0.876915017101561,TRUE,TRUE,FALSE,"54123;67775;69550;18414;13874;11535;17069;18442;16177;109552;21857;64685;17387;54371;18438;142980;26362;20312;19106;24088;16174;11987;18793;12977;21983;18578;54598;13732;12227;68713","54371;20306;20312;320910;15117;11988;68713;11622;21857;16878;19222;13732;18414;18439;12977;21942;18787;18442;17986;192656;15980;20266;21930;11541;19734;50723;17069;16177;16362;16190;235574;11479;14528;54216;218215;14745;16402;17295;17869;109552","14726;74442;14367;12475;11535;52118;18578;16174;73379;16323;21983;13614;54216;19267;11308;59027;12267;19697;23849;16193;14066;18033;13874","HALLMARK_INFLAMMATORY_RESPONSE",-2.88412884071534,0.24510313267218,-3.12923197338752,2.88412884071534,0.24510313267218,3.12923197338752,"KO opposite"
"Hallmark","HALLMARK_CHOLESTEROL_HOMEOSTASIS","HALLMARK_CHOLESTEROL_HOMEOSTASIS","HALLMARK_CHOLESTEROL_HOMEOSTASIS","HALLMARK_CHOLESTEROL_HOMEOSTASIS","HALLMARK_CHOLESTEROL_HOMEOSTASIS","HALLMARK_CHOLESTEROL_HOMEOSTASIS","HALLMARK_CHOLESTEROL_HOMEOSTASIS",1.28486858237807,-1.63912892026505,1.08579542476785,0.176356589147287,0.0389733262274974,0.457155797101449,0.753608309306117,-1.40923252721727,0.339935768659494,FALSE,TRUE,FALSE,"74155;11658;18030;51798;18793;12660;18194;14104;56473;110196;27279;17855;68312;50762;110006;69071;236900;14137;63913;11465;56389;71914;12759;108767","68671;20775;18194;68312;208715;20788;107503;110196;68603;14137;51798;17855;12387;14104;110460;11658;13121;69071;16987;11465;192156;15357;15490;235293","12660;16592;71914;20195;11747;11910;19141;231207;12527;18030;73166;18793","HALLMARK_CHOLESTEROL_HOMEOSTASIS",-2.7249243450329,0.19907315761022,-2.92399750264312,2.7249243450329,0.19907315761022,2.92399750264312,"KO opposite"
"Hallmark","HALLMARK_TNFA_SIGNALING_VIA_NFKB","HALLMARK_TNFA_SIGNALING_VIA_NFKB","HALLMARK_TNFA_SIGNALING_VIA_NFKB","HALLMARK_TNFA_SIGNALING_VIA_NFKB","HALLMARK_TNFA_SIGNALING_VIA_NFKB","HALLMARK_TNFA_SIGNALING_VIA_NFKB","HALLMARK_TNFA_SIGNALING_VIA_NFKB",-1.12579919817417,-1.21992453843418,1.48034421156919,0.232885023763778,0.213572413793103,0.0346539161626126,-0.632858438927222,-0.670454843924077,1.46024767961756,FALSE,FALSE,TRUE,"17873;54720;16007;18626;67035;23849;11852;16476;13636;21929;384783;18787;17119;18124;15370;20893;18035;14595;22113;230734;229055;20527;16169;14579;20620;13614;74646;99929;17133;319520;20971;21847;106628;18037;20725","67916;14584;20393;13655;16878;20725;21847;22151;18037;12977;21942;18412;17118;12702;18787;65112;74646;56376;20850;192656;15980;20527;21930;19696;16600;16195;20893;21928;50723;11796;16362;21807;19288;14528;13653;12443;17869;71712;14281;67972;67035;21664;12609;211770;12051;11303;19698;15205;12226","19225;54720;14063;18792;15937;14825;18578;16007;12156;15958;21815;12228;16323;19252;14282;56722;13614;229055;19267;240672;11910;104681;59027;20229;14284;17133;14595;18227;384783;19697;23849;16193;14066;56706;18030;18033;18124;12053;12633;18793;56708;13636","HALLMARK_TNFA_SIGNALING_VIA_NFKB",-2.70026875000337,-2.60614340974336,-0.09412534026001,2.70026875000337,2.60614340974336,0.09412534026001,"mixed or incomplete"
"Hallmark","HALLMARK_HYPOXIA","HALLMARK_HYPOXIA","HALLMARK_HYPOXIA","HALLMARK_HYPOXIA","HALLMARK_HYPOXIA","HALLMARK_HYPOXIA","HALLMARK_HYPOXIA",1.45464124163309,-1.19913713653799,1.43560687293378,0.0147953071998375,0.23034188034188,0.0346539161626126,1.82987601301033,-0.637627092223405,1.46024767961756,TRUE,FALSE,TRUE,"12870;18641;74155;12111;228026;14635;50527;11535;74747;18451;13358;231507;19664;18030;54371;20525;14936;16009;20856;70186;14751;11520;22359;12778;76238;15529;57875;56174;11639;11674;21753;18793;20439;16828;16948;20855;21983;18484;78889;17035;21810;17988;54683;14733;20198;72157","54371;13008;20198;13808;12111;21810;18750;74747;109042;18452;14042;21809;16009;18787;15529;14387;16948;105785;57875;56277;11520;21817;20527;12831;93692;11541;20893;17886;216136;14635;15476;83397","11535;15937;16795;14219;16007;231507;50527;11717;21983;20970;19252;21985;18654;18484;20855;11910;18655;11639;14538;12457;228026;12368;57444;170750;14284;17133;384783;17859;17684;70186;23849;16193;15275;14066;18030;93692;18712;60406;20439;52331;13527;15277;16572;20525;12043;18793;13636;11674;54683;19664;21753;236900;170768;21991;21929;74185;74155;13358;18787;16828","HALLMARK_HYPOXIA",-2.63474400947177,0.01903436869931,-2.65377837817108,2.63474400947177,0.01903436869931,2.65377837817108,"KO opposite"
"Hallmark","HALLMARK_IL2_STAT5_SIGNALING","HALLMARK_IL2_STAT5_SIGNALING","HALLMARK_IL2_STAT5_SIGNALING","HALLMARK_IL2_STAT5_SIGNALING","HALLMARK_IL2_STAT5_SIGNALING","HALLMARK_IL2_STAT5_SIGNALING","HALLMARK_IL2_STAT5_SIGNALING",1.35297729696199,-1.24998456889464,1.26019394701867,0.04992437445975,0.206228956228956,0.132765422816375,1.30168736802723,-0.685650356280643,0.876915017101561,TRUE,FALSE,FALSE,"55932;66141;20750;12833;14873;11658;18263;17082;18451;18186;20514;24066;18030;11492;11520;12048;18438;13730;20973;20443;16403;12977;12332;20719;217057;216233;20430;13601;384009;17988;12444;54637;66616;16206;17117;68043;13808;72729;625249;16878;65960;18612;17913;21942;80914;69863;23959;16188;18671;14085;11615","13601;71602;13808;18605;11622;12833;16878;20750;12977;21942;67547;15979;18619;12520;11520;17117;21817;20527;54167;11658;18612;12332;20893;68043;23834;19734;11492;217057;74318;22433;18810;22779;16190;68151;69305;17869;22781;18186;225010;21664","13340;12156;18263;14873;212531;20719;100604;229521;13813;65960;80914;18550;17760;20947;19122;94185;17133;11746;12447;23849;18030;18712;17164;14190;66616;16206;15277;80859;12043;29809;16004;23959;12444;18671;12505;20514;17829","HALLMARK_IL2_STAT5_SIGNALING",-2.51017851591331,0.0927833499433199,-2.60296186585663,2.51017851591331,0.0927833499433199,2.60296186585663,"KO opposite"
"Hallmark","HALLMARK_KRAS_SIGNALING_UP","HALLMARK_KRAS_SIGNALING_UP","HALLMARK_KRAS_SIGNALING_UP","HALLMARK_KRAS_SIGNALING_UP","HALLMARK_KRAS_SIGNALING_UP","HALLMARK_KRAS_SIGNALING_UP","HALLMARK_KRAS_SIGNALING_UP",1.55241293512183,-1.3535454210743,1.12087064156563,0.00979883349384659,0.119010266779378,0.367316341829086,2.00882562199515,-0.924415571268821,0.434959749552016,TRUE,FALSE,FALSE,"19092;20568;20750;67776;11732;13874;50527;217410;11815;18933;17385;18186;16600;17384;78560;16009;67778;74114;228662;13730;19225;16913;57875;67603;18793;107527;15902;233315;79221;12444;18080;104156","20568;14584;67888;11732;11421;16480;64297;16878;20750;217410;16009;20440;17395;12223;13602;71683;57875;19092;20682;104156;56195;106052;20266;93692;18612;16600;19734;11796;83397;23882;78560;18080;66109;18186;16398;11501;30951;79221;211770;18791","101772;19225;14063;18792;12156;67778;12876;73379;16323;50527;17384;67468;78937;12267;24064;93692;13874;93695;228662;19653;18793;240832;29809;20394;230734;12444;14009;18671;14020;66795","HALLMARK_KRAS_SIGNALING_UP",-2.47441606263993,0.4315422935562,-2.90595835619613,2.47441606263993,0.4315422935562,2.90595835619613,"KO opposite"
"Hallmark","HALLMARK_COAGULATION","HALLMARK_COAGULATION","HALLMARK_COAGULATION","HALLMARK_COAGULATION","HALLMARK_COAGULATION","HALLMARK_COAGULATION","HALLMARK_COAGULATION",1.78836399434852,-1.14679321026051,1.19642084332685,0.00185984408626538,0.345162147793727,0.366724237190558,2.7305234618642,-0.461976837249038,0.435660386111749,TRUE,FALSE,FALSE,"20692;12266;50908;14118;19072;21859;17385;21857;17387;17384;54381;229445;21824;67603;13038;14268;22388;17392;16952;56213;16971;14701;13039;14693;18791","21859;21857;14544;76453;18787;17395;20692;12266;16952;13036;16993;54381;236733;16398;18791;23921;20196;14268;67898;12759;14069;16416;18591;13039","18792;19128;17384;21824;21825;18550;19141;11843;17133;12527;14360;11502;14066;17392","HALLMARK_COAGULATION",-2.34321405358736,0.59194315102167,-2.93515720460903,2.34321405358736,0.59194315102167,2.93515720460903,"KO opposite"
"Hallmark","HALLMARK_TGF_BETA_SIGNALING","HALLMARK_TGF_BETA_SIGNALING","HALLMARK_TGF_BETA_SIGNALING","HALLMARK_TGF_BETA_SIGNALING","HALLMARK_TGF_BETA_SIGNALING","HALLMARK_TGF_BETA_SIGNALING","HALLMARK_TGF_BETA_SIGNALING",0.810330210592809,-1.29379871381913,1.03015854748235,0.795875069560378,0.209815546772069,0.567726608187134,0.099155099170273,-0.678162334888091,0.245860750801814,FALSE,FALSE,FALSE,"15901;15903;21815;14272;15902;75788;29815;16997;20481;17872;20602","15903;16997;21847;15901;17130;18787;12387;65112;15980","29815;12156;21815;17125;21825;19045;20482;18550;19042;107951;106572;66105","HALLMARK_TGF_BETA_SIGNALING",-2.32395726130148,-0.219828336889541,-2.10412892441194,2.32395726130148,0.219828336889541,2.10412892441194,"KO opposite"
"Hallmark","HALLMARK_ESTROGEN_RESPONSE_LATE","HALLMARK_ESTROGEN_RESPONSE_LATE","HALLMARK_ESTROGEN_RESPONSE_LATE","HALLMARK_ESTROGEN_RESPONSE_LATE","HALLMARK_ESTROGEN_RESPONSE_LATE","HALLMARK_ESTROGEN_RESPONSE_LATE","HALLMARK_ESTROGEN_RESPONSE_LATE",1.1550903186664,-1.08745813985582,1.1271768705761,0.27295008912656,0.400101578371621,0.367316341829086,0.563916759547553,-0.397829735357485,0.434959749552016,FALSE,FALSE,FALSE,"20539;13731;16010;17937;20112;16600;226101;94249;71228;15452;22393;67117;11898;63959;20439;15902;21983;12443;13655;20315;223254;269951;19088;18569;16451;212862;225182;23802;55963;13537;22122;235611;20602;93732;71982;76459;69724;12709;14281;67689;27410;14137;272551","11898;20393;16010;14620;13655;20315;76453;14137;16529;17937;19088;13731;233016;16600;235611;16195;23834;22433;22122;54189;12864;67689;114663;21973;217837;12443;22117;66109;212862;14281;17300;110826;55963;55948;63959;67880;12389;13360","18415;27360;16592;16795;67117;12876;12228;16782;21983;21987;56350;226101;57444;12527;20873;56460;69724;20439;20539;20501;106572;18166;23802;12043;56177;13731;16452","HALLMARK_ESTROGEN_RESPONSE_LATE",-2.21463501043192,0.0279134480903001,-2.24254845852222,2.21463501043192,0.0279134480903001,2.24254845852222,"KO opposite"
"Hallmark","HALLMARK_MTORC1_SIGNALING","HALLMARK_MTORC1_SIGNALING","HALLMARK_MTORC1_SIGNALING","HALLMARK_MTORC1_SIGNALING","HALLMARK_MTORC1_SIGNALING","HALLMARK_MTORC1_SIGNALING","HALLMARK_MTORC1_SIGNALING",1.50336284895196,-0.935921130846,1.25552344116989,0.00736296415291671,0.733115076117204,0.132765422816375,2.13294731390987,-0.134827849369665,0.876915017101561,TRUE,FALSE,FALSE,"107869;26570;18641;20539;100678;228026;17768;20135;50527;74747;14381;18451;22375;20514;108037;18030;14782;20525;76267;14751;22359;15452;56772;12035;236539;27053;107272;11639;11674;104112;107508;21753;16828;11951;15926;20855;107476;59029;56473;21399;17436;12466;268373;67895;72157;50493;12227;19192;15525;14629","13032;20775;74747;104112;208715;15982;18412;11951;170439;107476;20527;231070;13121;68275;12406;93692;69071;20893;103733;12330;16993;107869;22433;15357;19324;18107;235293;26377;19192;12035;56418;55963;13595;14381;13360;170459;22375;74754;17252;103963;22027;268373;66997;14149;66713;15525;107513;15288;319554;19173;26570;83671;56529;108037;74205;18451;14629;73166;231887;13198;68801;17216;53333;56637;12450;18817;22359;18641","27360;110391;28146;50527;17113;14782;68278;56772;14718;20855;18655;11639;228026;64136;59027;19141;20867;67890;12527;107272;112407;18030;93692;20539;14190;26432;15277;66105;19167;73166;20525;107869;66427;11674;83671;56637;20514;21753;21991;67204;76267;74185;12317;15452;22027;665563;16828;14884;21399;12301;56088;17872","HALLMARK_MTORC1_SIGNALING",-2.19144457201589,0.24783940778207,-2.43928397979796,2.19144457201589,0.24783940778207,2.43928397979796,"KO opposite"
"Hallmark","HALLMARK_UNFOLDED_PROTEIN_RESPONSE","HALLMARK_UNFOLDED_PROTEIN_RESPONSE","HALLMARK_UNFOLDED_PROTEIN_RESPONSE","HALLMARK_UNFOLDED_PROTEIN_RESPONSE","HALLMARK_UNFOLDED_PROTEIN_RESPONSE","HALLMARK_UNFOLDED_PROTEIN_RESPONSE","HALLMARK_UNFOLDED_PROTEIN_RESPONSE",1.60652445066581,-1.0991532652665,1.07044823208797,0.00507328117240273,0.400101578371621,0.484325079872204,2.29471106746003,-0.397829735357485,0.314863041240291,TRUE,FALSE,FALSE,"20539;56454;17768;50527;74747;69065;68090;109019;20856;228998;245474;13685;110960;15270;22393;27998;13629;18148;13681;27053;107272;67398;69162;52530;52639;218343;73192;233908;22631;67134;27966;20416;208643;12611;22339;105148;55963;11911","74747;22631;22151;109075;105785;72599;110960;192170;104625;22433;20416;218343;27998;52530;20818;76976;105148;55963;13681;29810;56494;11911;67398;22027;69048;69162;50907;231997;107513;64209;56529;54124;73192;69019","13682;226641;28146;50527;11910;74108;107272;12282;67207;20539;27362;71853;66583;208643;23825;70769;109019;56454;234699;12317;22027;218693;102462;20416;68090;14828;245474;13684;54124;18045;52639;72599;227715;67134;66161;11972;78943;50911;107513;20044;12611;192193","HALLMARK_UNFOLDED_PROTEIN_RESPONSE",-2.16960149735447,0.53607621857784,-2.70567771593231,2.16960149735447,0.53607621857784,2.70567771593231,"KO opposite"
"Hallmark","HALLMARK_INTERFERON_GAMMA_RESPONSE","HALLMARK_INTERFERON_GAMMA_RESPONSE","HALLMARK_INTERFERON_GAMMA_RESPONSE","HALLMARK_INTERFERON_GAMMA_RESPONSE","HALLMARK_INTERFERON_GAMMA_RESPONSE","HALLMARK_INTERFERON_GAMMA_RESPONSE","HALLMARK_INTERFERON_GAMMA_RESPONSE",2.49011179641312,1.40906587979068,-0.748075651851764,3.82117116715309e-14,0.0393187985935482,0.991489361702128,13.4178035079056,1.40539976073217,-0.00371194124571716,TRUE,TRUE,FALSE,"99899;19039;55932;54123;672511;24110;66141;15959;209086;547253;100038882;67775;230073;243771;58203;69550;327959;50908;70110;246728;17768;71586;22169;16391;17069;246727;109552;22375;19171;64685;20846;19186;80861;24105;20847;234311;19225;12363;80876;21928;16913;19106;17858;217069;19188;71701;18578;21354;100121;109032;56791;72075;12702;58185;231655;17874;22271;434341;20306;192786;50523;78388;12369;107607;18783;60533;56045;20821;66988;16912;15976;19167;66552","14190;19225;18712;15958;71664;71586;231655;18783;209086;22670;65972;16168;60533;56421;18578;19106;12367;50523;246728;15945;268749;243771;246696;229003;110168;59027;56791;20821;17979;100121;74735;64685;67138;12575;12363;234311;56045;66552;246727;52668;17858;58185;27056;98999;30934;21929;21354;547253;15959;67775;11861;16169;16912;16391","319974;192786;21930;16362;14528;16651;12494;53620;20306;109032;20848;192656;27056;71701;16421;18035;17069;22320;16149;71939;217069;21928;20304;19188;12370;20454","HALLMARK_INTERFERON_GAMMA_RESPONSE",2.15714153164244,3.23818744826488,-1.08104591662244,2.15714153164244,3.23818744826488,1.08104591662244,"het opposite"
"Hallmark","HALLMARK_COMPLEMENT","HALLMARK_COMPLEMENT","HALLMARK_COMPLEMENT","HALLMARK_COMPLEMENT","HALLMARK_COMPLEMENT","HALLMARK_COMPLEMENT","HALLMARK_COMPLEMENT",1.43652353553552,-0.921204797554473,1.19483345129638,0.0329201229068665,0.760580123632905,0.343607921707637,1.48253855202373,-0.118855028266195,0.463936832284754,TRUE,FALSE,FALSE,"54123;12870;12266;50908;19072;27226;21857;17387;208650;238130;16923;12827;12363;54381;229445;67603;14268;18793;12554;18643;16971;17436;50721;240672;13039;14693;20909;18791;17386;268936;21858;19164;12369;18706;20779;56420;18783;380921;16563;66988;12608;16912;16818","13032;27226;21857;210293;21858;238130;18787;11927;21417;12266;12315;13036;14462;16993;56697;16362;12569;14784;54381;22762;18791;18643;56212;20196;14268;12759;12349;14069;18591;208650;13039","12554;18675;18783;19053;11747;18706;19671;240672;20779;381511;19141;170750;17133;14571;14360;11502;16193;14066;18712;69181;105445;18793;72843;16452;16784;16563;13660;17387;17386;21929;19822;17096;18787;16912;14696;110157;14479;320207;74112;56420","HALLMARK_COMPLEMENT",-2.11603824885085,0.24169008423914,-2.35772833308999,2.11603824885085,0.24169008423914,2.35772833308999,"KO opposite"
"Hallmark","HALLMARK_ANDROGEN_RESPONSE","HALLMARK_ANDROGEN_RESPONSE","HALLMARK_ANDROGEN_RESPONSE","HALLMARK_ANDROGEN_RESPONSE","HALLMARK_ANDROGEN_RESPONSE","HALLMARK_ANDROGEN_RESPONSE","HALLMARK_ANDROGEN_RESPONSE",1.04624763188809,-1.20932532311433,0.854525795672463,0.4375,0.25615763546798,0.899873346467774,0.359021942641668,-0.591492694278414,0.0458186114504956,FALSE,FALSE,FALSE,"239273;11732;14782;76267;12167;20363;11651;22596;207565;67760;12443;14375;17988;30960;59007","20363;20393;11732;14375;12167;208715;65112;56376;231070;192657;83397;53416;15357;21807;207565;66884;22596;12443;67760;76976;69608;74754;109711;328365;14958;319554;14229;54608;74205;56469;68801;106869;14679","234515;14782;21985;229055;11504;12571;73998;20229;14595;239273;27362;24000;110651;192657;12010;19012;76267;16410;117167;71371;16880;30960;107652;218294;27057","HALLMARK_ANDROGEN_RESPONSE",-2.06385111878679,0.191721836215627,-2.25557295500242,2.06385111878679,0.191721836215627,2.25557295500242,"KO opposite"
"Hallmark","HALLMARK_MYC_TARGETS_V1","HALLMARK_MYC_TARGETS_V1","HALLMARK_MYC_TARGETS_V1","HALLMARK_MYC_TARGETS_V1","HALLMARK_MYC_TARGETS_V1","HALLMARK_MYC_TARGETS_V1","HALLMARK_MYC_TARGETS_V1",1.71105056327076,-0.692042768347748,1.0150532231206,0.000307219839175421,1,0.567726608187134,3.51255074252657,0,0.245860750801814,TRUE,FALSE,FALSE,"18263;12567;22335;23918;27979;15452;26444;27050;14694;18148;13681;20174;18458;20383;13690;52530;107508;16828;20103;12464;59029;11792;20810;14375;69719;55949;230721;19934;16898;18393;268373;73192;68092;27756;28185;53381;12468;67134;15382;19384;14852;67115;27966;22333;21454;103136;68988;22171;109801;11837;74326;15510;105148;53605;55944;18674;56200;70316;28126;66445;20382;53607;51810;20104;381760;67097;20588;110809;225027;67089;12729;12465;230484;85305;26965;56150;107686;17463;30877;22630;19935;12034;19385;11757;51797;22384;17220;22123;19988;11431","14375;15982;15382;66445;55944;22123;12465;12330;18673;27041;22333;18972;106344;12261;52530;26446;17869;17220;105148;233870;13681;66446;268373;18102;68988;22171;218236;12237;108062;110052;107995;12567;20174;14113;67465;73192;22627;28185;67332;12544;19935;53607;27979;17216;78523;231872;16211;70316;12464;20382","57296;18263;55949;69692;11991;18655;14719;17463;21781;24015;13690;14852;66409;20103;28185;22335;11777;15191;22327;70769;11757;19385;16898;85305;53379;27050;67781;12566;30877;110639;70247;67204;20462;15452;13877;12428;15516;50995;16828;15381;12462;12785;19934;15528;26440;12461;68092;51797;26965;19988;67115;17217;13684;67089;78523;21454;22194;23983;110074;19166;59001;12417;67134;20104;20383;53605;28126;56403;229279;12567;59029;15510;18393;109801;15182;20823;12468;66446;67332;14208;13204;225027;13665;230484;103136","HALLMARK_MYC_TARGETS_V1",-1.70709599146835,0.69599734015016,-2.40309333161851,1.70709599146835,0.69599734015016,2.40309333161851,"KO opposite"
"Hallmark","HALLMARK_INTERFERON_ALPHA_RESPONSE","HALLMARK_INTERFERON_ALPHA_RESPONSE","HALLMARK_INTERFERON_ALPHA_RESPONSE","HALLMARK_INTERFERON_ALPHA_RESPONSE","HALLMARK_INTERFERON_ALPHA_RESPONSE","HALLMARK_INTERFERON_ALPHA_RESPONSE","HALLMARK_INTERFERON_ALPHA_RESPONSE",2.82485382764666,1.5984930035843,0.661305521248193,1.68416121488724e-18,0.0284789862069273,0.991489361702128,17.7736163383799,1.54547547474634,0.00371194124571716,TRUE,TRUE,FALSE,"99899;19039;55932;54123;24110;66141;15959;246730;209086;547253;100038882;67775;243771;80285;69550;50908;70110;71586;16423;22169;16391;17069;74153;22375;64685;12799;19186;80861;20847;234311;80876;319236;17454;16913;19106;17858;12977;217069;19188;71701;21354;100121;109032;56791;72075;58185;68713;231655","19124;15958;71586;231655;67168;209086;22670;65972;73711;16168;19106;15945;319236;268749;243771;246696;229003;211329;56791;20821;100121;74735;64685;67138;234311;13709;52668;17858;58185;21354;547253;246730;15959;67775;16912;16391","15958;67168;57444;211329;246696;19167;73711;12010;16423;19124;52668;56791;22670;16912;319236;67775;99899;16168;16391;268749;80285;100121;24110;17858;209086;69550;65972;71586;234311;15959;54123","HALLMARK_INTERFERON_ALPHA_RESPONSE",0.937187482336107,2.16354830639847,-1.22636082406236,0.937187482336107,2.16354830639847,1.22636082406236,"all positive"
"Hallmark","HALLMARK_IL6_JAK_STAT3_SIGNALING","HALLMARK_IL6_JAK_STAT3_SIGNALING","HALLMARK_IL6_JAK_STAT3_SIGNALING","HALLMARK_IL6_JAK_STAT3_SIGNALING","HALLMARK_IL6_JAK_STAT3_SIGNALING","HALLMARK_IL6_JAK_STAT3_SIGNALING","HALLMARK_IL6_JAK_STAT3_SIGNALING",1.17764236021754,-1.44788746213063,-0.867590557443261,0.283904546793676,0.119010266779378,0.811092806150467,0.546827652096927,-0.924415571268821,-0.0909294504829704,FALSE,FALSE,FALSE,"18414;16391;16177;20846;20847;24088;21937;12977;27279;12702;16164;17874;23897;20306;16188;15975;16416;12703;54721;12494;16193;21803;19255","20306;12494;18414;12977;12702;54635;15979;15980;20848;16195;16161;16177;16362;14784;16190;16164;11479;14102","16362;12494;21938;20306;18414;20848;15979;16161;14784;21803;54721;12703;16476;12702;15368;16177;14102;16195","HALLMARK_IL6_JAK_STAT3_SIGNALING",-0.580296904687369,2.0452329176608,-2.62552982234817,0.580296904687369,2.0452329176608,2.62552982234817,"mixed or incomplete"
"Hallmark","HALLMARK_PROTEIN_SECRETION","HALLMARK_PROTEIN_SECRETION","HALLMARK_PROTEIN_SECRETION","HALLMARK_PROTEIN_SECRETION","HALLMARK_PROTEIN_SECRETION","HALLMARK_PROTEIN_SECRETION","HALLMARK_PROTEIN_SECRETION",-1.6602347072565,0.888841598677786,1.40649883537394,0.00630261077547386,0.802691238847448,0.132765422816375,-2.2004795123704,0.0954514772013426,0.876915017101561,TRUE,FALSE,FALSE,"16004;69938;11605;54214;67300;14420;16784;12757;107767;24045;56418;211673;108123;11977;271457;11765;107338;21985;56382;53331;19063;20333;12390;16561;72736;22365;108664;70349","12725;20619;21985;17113;16004;11765;11777;20844;20479;67804;76332;107338;208449;16561;108664;271457;107767;69938;18484","12725;17113;20619;21985;14420;18484;107767;20655;26413;11765;20479;15893;208449;11773;20844;108664;53330;11777;16004;107338;74006;110651;16784;76332;77929;271457;11487;22088;53331","HALLMARK_PROTEIN_SECRETION",-0.517657236696154,-3.06673354263044,2.54907630593429,0.517657236696154,3.06673354263044,2.54907630593429,"KD opposite"
"Hallmark","HALLMARK_ALLOGRAFT_REJECTION","HALLMARK_ALLOGRAFT_REJECTION","HALLMARK_ALLOGRAFT_REJECTION","HALLMARK_ALLOGRAFT_REJECTION","HALLMARK_ALLOGRAFT_REJECTION","HALLMARK_ALLOGRAFT_REJECTION","HALLMARK_ALLOGRAFT_REJECTION",1.49880232723806,-1.25005660615368,-0.754374908389134,0.021435675399616,0.213572413793103,0.991489361702128,1.66886282809899,-0.670454843924077,-0.00371194124571716,TRUE,FALSE,FALSE,"54123;16423;13874;21838;22375;21857;19171;16156;20846;142980;18148;20091;11651;12035;192176;226414;24088;16174;230861;12977;12332;79221;21354;12444","20306;23880;21857;16878;12977;17395;55944;15979;12988;76784;192656;15980;12332;21808;21838;50723;16161;276770;12578;16190;11785;12035;14102;56468;79221;21355;12051;12189;22375;16149","23880;13649;17395;12189;20306;76784;50723;21857;15979;55944;16161;192656;276770;12578","HALLMARK_ALLOGRAFT_REJECTION",-0.495681697764546,2.25317723562719,-2.74885893339174,0.495681697764546,2.25317723562719,2.74885893339174,"mixed or incomplete"
"Hallmark","HALLMARK_ANGIOGENESIS","HALLMARK_ANGIOGENESIS","HALLMARK_ANGIOGENESIS","HALLMARK_ANGIOGENESIS","HALLMARK_ANGIOGENESIS","HALLMARK_ANGIOGENESIS","HALLMARK_ANGIOGENESIS",1.86009998786036,-1.60425751125658,-1.14843525574058,0.00404860215988134,0.0523606079788677,0.446489190637842,2.39269489753564,-1.28099531933415,-0.35018905078028,TRUE,FALSE,FALSE,"20750;14314;13003;18186;21857;12832;12825;21824;20855;12444;20198;11820;22339;50706;22325;14083","20198;50706;14314;21857;20750;13003;12825;14083;14182;16976;11820;18186","20198;14182;12825;21857;13003;20750;50706;14314;24059","HALLMARK_ANGIOGENESIS",-0.455822255516,3.00853524360094,-3.46435749911694,0.455822255516,3.00853524360094,3.46435749911694,"mixed or incomplete"
"Hallmark","HALLMARK_EPITHELIAL_MESENCHYMAL_TRANSITION","HALLMARK_EPITHELIAL_MESENCHYMAL_TRANSITION","HALLMARK_EPITHELIAL_MESENCHYMAL_TRANSITION","HALLMARK_EPITHELIAL_MESENCHYMAL_TRANSITION","HALLMARK_EPITHELIAL_MESENCHYMAL_TRANSITION","HALLMARK_EPITHELIAL_MESENCHYMAL_TRANSITION","HALLMARK_EPITHELIAL_MESENCHYMAL_TRANSITION",2.56002669667435,-2.15933188340939,-1.71992724948419,1.60562491770254e-16,9.52358046944001e-09,0.0048695452462971,15.7943559006497,-8.02119974428566,-2.31251159448257,TRUE,TRUE,TRUE,"11475;20692;12552;14119;12842;20563;12843;14451;20564;12563;98932;12111;20750;23876;58859;235106;16010;20720;12826;14118;12835;12834;21859;14314;21923;18933;21838;17181;14609;19288;13003;12931;21857;107581;16949;18542;17387;23892;22240;16009;12832;12825;17313;12827;234407;16419;21814;192176;22004;12816;18822;22352;14268;18793;12332;17392;15902;16948;56213;20254;107589;20315;13601;16971;18113;21810;27279;21826;14733;19035;13732","17313;13601;12931;18596;17181;21859;12843;14451;68588;30794;16010;107581;12111;50706;21810;12834;13612;14314;12552;16949;21857;12842;20750;20649;13732;18858;20720;20315;22418;13132;16852;13003;235106;12835;12825;16009;16419;18787;20564;65112;20692;18542;16948;22003;21817;12831;12406;12332;67305;18129;21838;12814;20563;12816;23876;19288;218952;14119;21826;14102;16402;107528","12931;16009;13612;30794;16010;18858;12843;17181;18596;13601;68588;21859;107581;14451;13132;12842;13732;12834;20649;20720;16948;14268;12552;12814;16852;12835;12831;12825;20564;70350;20692;12111;14119;20315;21857;22004;22418;16949;13003;17313;18542;18129;20750;21817;50706;24051;65112;22003;53867;19736;21803;67305;14118;22341;14314;12816;16398;235106;14733;20563;16476;21810;71665;12827;218952;107528;74488;76477;16971;18113;12836;21923;20254;83554","HALLMARK_EPITHELIAL_MESENCHYMAL_TRANSITION",-0.4394046339252,4.27995394615854,-4.71935858008374,0.4394046339252,4.27995394615854,4.71935858008374,"mixed or incomplete"
"Hallmark","HALLMARK_REACTIVE_OXYGEN_SPECIES_PATHWAY","HALLMARK_REACTIVE_OXYGEN_SPECIES_PATHWAY","HALLMARK_REACTIVE_OXYGEN_SPECIES_PATHWAY","HALLMARK_REACTIVE_OXYGEN_SPECIES_PATHWAY","HALLMARK_REACTIVE_OXYGEN_SPECIES_PATHWAY","HALLMARK_REACTIVE_OXYGEN_SPECIES_PATHWAY","HALLMARK_REACTIVE_OXYGEN_SPECIES_PATHWAY",1.33630261766211,0.757879044201421,1.12518756568629,0.166950596252129,0.951981806367771,0.43122009569378,0.777412025555121,0.0213713514785355,0.365301008383568,FALSE,FALSE,FALSE,"14381;14782;17250;112406;108737;22166;76650;50493;110854;53381;14629;54132;625249;18104;67130;14630;18477;11758;59041;21672;69367","14782;108737;54132;56421;12581;22166;12359;21672;19122;76650;14159","108737;14782;54132;12581;19122;21672;20655;93692;17250;15369;26462;224432;14159;109815","HALLMARK_REACTIVE_OXYGEN_SPECIES_PATHWAY",-0.367308521484869,0.21111505197582,-0.578423573460689,0.367308521484869,0.21111505197582,0.578423573460689,"all positive"
"Hallmark","HALLMARK_MYC_TARGETS_V2","HALLMARK_MYC_TARGETS_V2","HALLMARK_MYC_TARGETS_V2","HALLMARK_MYC_TARGETS_V2","HALLMARK_MYC_TARGETS_V2","HALLMARK_MYC_TARGETS_V2","HALLMARK_MYC_TARGETS_V2",1.38696770718124,0.470237481691679,0.805038912124637,0.118791770410169,1,0.924848484848485,0.925213645122924,0,0.0339294105950445,FALSE,FALSE,FALSE,"53608;12567;71974;75751;20509;27998;18148;72515;20810;53414;101612;59028;67134;27966;69071;15510;13537;28126;107071;21379;21453","13340;20322;59028;66164;15277;226169;107094;30877;67134;70683;70769;66590;227746","13340;20873;59028;66164;15277;226169;70769;30877;68493;107071","HALLMARK_MYC_TARGETS_V2",-0.334801430432958,0.581928795056603,-0.916730225489561,0.334801430432958,0.581928795056603,0.916730225489561,"all positive"
"Hallmark","HALLMARK_APICAL_JUNCTION","HALLMARK_APICAL_JUNCTION","HALLMARK_APICAL_JUNCTION","HALLMARK_APICAL_JUNCTION","HALLMARK_APICAL_JUNCTION","HALLMARK_APICAL_JUNCTION","HALLMARK_APICAL_JUNCTION",1.08492766113853,-1.43248024406776,-1.12658700782145,0.372813554004236,0.0523606079788677,0.392105974587726,0.428508306827062,-1.28099531933415,-0.406596540227942,FALSE,FALSE,FALSE,"12552;20563;12563;98932;386463;14118;22793;21838;13003;107581;12490;20312;244864;21827;218397;18643;22323;14431;14026;21810;17698;57342;15461;11461;20416;20909;18763;19294;20163","23880;20312;19261;108100;107581;16480;21810;12552;68481;13003;17395;218397;102657;11548;244864;231070;19094;64540;103733;21827;17886;21838;14083;14431;11465;192156;20563;20416;15107;320840;99151;192897;11490;18015","23880;108100;19261;20312;13649;16480;18015;107581;103733;17395;12552;17886;11790;83964;77579;11548;13003;21827;244864;102657;68481;22029;99151;69192;192897;11465;19094;216856;14118;68188;11490;13822;16398;231070;20410;20563;18643;18190;21810;16511;68794;14431;15898;192156;14083","HALLMARK_APICAL_JUNCTION",-0.30589323624631,2.21151466895998,-2.51740790520629,0.30589323624631,2.21151466895998,2.51740790520629,"mixed or incomplete"
"Hallmark","HALLMARK_ADIPOGENESIS","HALLMARK_ADIPOGENESIS","HALLMARK_ADIPOGENESIS","HALLMARK_ADIPOGENESIS","HALLMARK_ADIPOGENESIS","HALLMARK_ADIPOGENESIS","HALLMARK_ADIPOGENESIS",1.5278952450166,-1.31291768955087,-1.00738323038847,0.0076254311173443,0.119010266779378,0.567726608187134,2.11773559767418,-0.924415571268821,-0.245860750801814,TRUE,FALSE,FALSE,"18641;16775;66375;12266;12826;13358;20514;109019;51798;11520;11409;68653;74610;20509;67914;67460;67171;70335;22628;57875;11674;104112;29864;15926;11836;107589;12476;13171;93747;23943;17436;16922;235339;15929;108958;66588;72157;69956;108954;12039;52538;19376;18569;230027;18618;66205;21351;22273;625249;56428;67680;70316;15107;11600","16651;11600;11669;18984;104112;52538;51798;22228;216820;16775;13602;66445;11429;15979;170439;57875;12266;11520;13350;19376;22272;20850;68653;11512;27376;18618;18606;67460;28169;15107;66205;18107;67442;13476;66594;13358;230027;74610;21351;22117;110826;59010;19285;13360;12896;11303;11836","66205;11669;11600;52538;16651;66445;216820;19285;22117;68653;102693;22272;66152;18107;11429;67460;13602;20850;18984;13350;11303;27376;15979;16775;12359;104112;70335","HALLMARK_ADIPOGENESIS",-0.3055344591624,2.53527847540507,-2.84081293456747,0.3055344591624,2.53527847540507,2.84081293456747,"mixed or incomplete"
"Hallmark","HALLMARK_GLYCOLYSIS","HALLMARK_GLYCOLYSIS","HALLMARK_GLYCOLYSIS","HALLMARK_GLYCOLYSIS","HALLMARK_GLYCOLYSIS","HALLMARK_GLYCOLYSIS","HALLMARK_GLYCOLYSIS",1.79391323770022,-1.31772316889052,-1.03614757327264,5.07446164129282e-05,0.119010266779378,0.54720608688538,4.29461002604881,-0.924415571268821,-0.261849080355868,TRUE,FALSE,FALSE,"107869;66171;14635;50527;53618;11603;74747;14381;110695;18451;13003;53418;54371;14936;16009;20856;70186;22359;24105;83398;15529;57875;11639;11674;18822;16828;15926;20855;21983;18194;50797;18484;22166;17436;21810;54128;76524;14043;268373;14733;16164;76898;22021;57357;14629;16765;67005;23897;11876;26432;110006;21351;15937;107029;66646;22339;117592;78688;21991;100910;22122;12337;110611;16563;23959;208211;236900;104458;69080;11541;14042","54371;76429;83398;11876;21810;18194;74747;18452;13003;50786;14042;77559;22021;16009;15529;78688;23908;105785;57875;20682;12831;53418;27376;93692;15366;11541;109672;217119;14635;107869;22122;23989;16164;93683;14583;14936;17295;21351;13638","50786;16009;20682;54371;76429;13649;110695;109672;23989;11541;17449;217119;56248;11876;12831;69976;18452;14635;15529;83398;77559;27376;13003;14042;22021","HALLMARK_GLYCOLYSIS",-0.28157559561788,2.83006081097286,-3.11163640659074,0.28157559561788,2.83006081097286,3.11163640659074,"mixed or incomplete"
"Hallmark","HALLMARK_FATTY_ACID_METABOLISM","HALLMARK_FATTY_ACID_METABOLISM","HALLMARK_FATTY_ACID_METABOLISM","HALLMARK_FATTY_ACID_METABOLISM","HALLMARK_FATTY_ACID_METABOLISM","HALLMARK_FATTY_ACID_METABOLISM","HALLMARK_FATTY_ACID_METABOLISM",1.56938660587797,-1.44572585762937,-1.20407215069563,0.0126495017569778,0.0523606079788677,0.343607921707637,1.89792658029501,-1.28099531933415,-0.463936832284754,TRUE,FALSE,FALSE,"20917;12353;11529;14194;18263;51798;19186;19270;11409;14874;12167;67460;70335;76238;12972;11674;16828;15926;15108;231086;18194;14104;113868;11792;171210;93747;11370;17436;21743;56791;23986;15929;17025;433256;52538;66357;18597;13808;68021;22276;19286","11529;13808;68021;18194;52683;12167;16852;208715;11370;52538;51798;14104;11564;11429;110460;66841;67460;14645;15107;15490;67442;12894;14874;12896;74754;17252;23986;70335;12349;66945;12972;17449;17448;17025;98314;319554;56690;78920;75624;11430","11529;13808;52538;11370;17449;16852;52683;11564;11429;12894;14104;67460;17025;70335;68021;12349;14645;66841;11430;170789;98314;114664;12896;12040;110460;18194;13177;11671;56451;73724;67442;20520;208715;109857;109778;15488;227095;66945","HALLMARK_FATTY_ACID_METABOLISM",-0.24165370693374,2.7734587565736,-3.01511246350734,0.24165370693374,2.7734587565736,3.01511246350734,"mixed or incomplete"
"Hallmark","HALLMARK_PEROXISOME","HALLMARK_PEROXISOME","HALLMARK_PEROXISOME","HALLMARK_PEROXISOME","HALLMARK_PEROXISOME","HALLMARK_PEROXISOME","HALLMARK_PEROXISOME",1.1471222143006,-1.10504501092442,-0.867967280478194,0.309328968903437,0.400101578371621,0.811092806150467,0.50957940606931,-0.397829735357485,-0.0909294504829704,FALSE,FALSE,FALSE,"11739;51798;76267;13016;12257;13870;18458;12903;14712;15926;113868;110196;23986;76524;54683;269951;433256;15461;12572;11666;78388;20524;15925;73836;18477;50790;20588;18671;19299","26874;20524;12903;13385;12287;110196;51798;12257;19299;73836;67442;21973;20238;11666;74754;17252;23986;67283;319554;56690;20280;76524;11430;20348;18632;68801;269951;113868;66307;72129;26889;66437","26874;20524;13385;12287;67283;21973;72129;12257;20238;12903;12359;11666;11430;170789;114664;19299;67442;17685;66307;15488;20280;51798;110959;15356;23986","HALLMARK_PEROXISOME",-0.237077730446226,2.01508949477879,-2.25216722522502,0.237077730446226,2.01508949477879,2.25216722522502,"mixed or incomplete"
"Hallmark","HALLMARK_BILE_ACID_METABOLISM","HALLMARK_BILE_ACID_METABOLISM","HALLMARK_BILE_ACID_METABOLISM","HALLMARK_BILE_ACID_METABOLISM","HALLMARK_BILE_ACID_METABOLISM","HALLMARK_BILE_ACID_METABOLISM","HALLMARK_BILE_ACID_METABOLISM",1.292693593922,-1.13980116801839,-1.37554537114757,0.166121112929624,0.345162147793727,0.14687338501292,0.779575167993321,-0.461976837249038,-0.833056895763479,FALSE,FALSE,FALSE,"74114;17999;76267;67452;217262;18634;63959;14712;15926;19298;56473;29815;16922;54683;269951;433256;17117;11835;11666;13123;14630;13371;73836;16818;11303;27410;19299;111175","217262;19659;26874;13123;11835;17117;17999;18642;19299;76184;73836;67442;20238;27404;71877;11666;63959;11303;74754;20181;11305;14149;319554;56690;20280","217262;26874;13123;19659;27404;76184;18642;17117;20181;72129;11303;20238;63959;12359;11666;14149","HALLMARK_BILE_ACID_METABOLISM",0.23574420312918,2.66823896506957,-2.43249476194039,0.23574420312918,2.66823896506957,2.43249476194039,"mixed or incomplete"
"Hallmark","HALLMARK_MITOTIC_SPINDLE","HALLMARK_MITOTIC_SPINDLE","HALLMARK_MITOTIC_SPINDLE","HALLMARK_MITOTIC_SPINDLE","HALLMARK_MITOTIC_SPINDLE","HALLMARK_MITOTIC_SPINDLE","HALLMARK_MITOTIC_SPINDLE",-1.52396841733684,-1.18934967601472,-1.41796945396353,0.00371055711340158,0.239597315436242,0.0346539161626126,-2.43056087930367,-0.62051805230008,-1.46024767961756,TRUE,FALSE,TRUE,"20878;233406;74018;108000;16319;18005;218977;14086;11789;11799;72119;240641;22627;211673;19303;381921;12534;108907;68097;110033;229841;13605;16551;110279;70394;12235;75786;105988;208084;286940;232944;26403;16573;544817;72776;22350;64930;16571;12125;16561;71602;110380;74360;226407;22330;83767;68724;75547;16569;26934;71704;54126;16593;269587;171207;18015;223435;21844;71819;56430","224014;71602;109934;104027;53860;68041;71774;269713;18003;328580;71704;108686;17118;238130;218397;104445;56376;11799;83767;74237;16897;78757;56427;108903;192786;17886;18129;12009;192662;217232;104318;105988;26934;208628;70394;56699;21973;18080","53860;104027;109934;192786;224014;328580;18015;18003;108686;71704;269713;78757;20742;71602;12009;104445;17886;105988;216846;208628;223435;21973;77579;108903;56699;16897;56427;18472;83767;238130;18129;68041;71774;237860;18541;242687;67052;214444;192662;19687;56376;11799;22627;17118;26934;217232;16328;104318;18080;101706;94190;12125;13822;70799;18764;108907","HALLMARK_MITOTIC_SPINDLE",0.22861977794881,-0.10599896337331,0.33461874132212,0.22861977794881,0.10599896337331,0.33461874132212,"all negative"
"Hallmark","HALLMARK_APOPTOSIS","HALLMARK_APOPTOSIS","HALLMARK_APOPTOSIS","HALLMARK_APOPTOSIS","HALLMARK_APOPTOSIS","HALLMARK_APOPTOSIS","HALLMARK_APOPTOSIS",1.28469837909765,-1.37224957146894,-1.14754476947608,0.121171247119654,0.113425925925926,0.376923076923077,0.916600422238295,-0.945287666786398,-0.423747272278323,FALSE,FALSE,FALSE,"107869;66141;12111;11732;13874;21859;21857;15234;14782;12048;13730;12363;12257;21814;19165;16952;13866;12443;13655;21354;18003;235180;12444;27279;12050;12227;18569;11820;11518;18791;228355;15937;625249;21858;19164;74006;12369;12028;65111","18596;21859;16842;12111;11732;12494;13655;223453;21857;21858;14863;18412;18003;12387;15979;99586;12257;16012;235180;16952;15234;21808;229791;107869;11796;14083;16362;67442;14528;235293;21973;11820;14102;12443;19058;16905;13595;12389;12189;18791;13866","18596;18412;16842;13655;16362;21859;18003;19401;14528;11732;12494;12189;16012;21858;223453;12111;21973;21857;14863;15507;12257;14958;15979","HALLMARK_APOPTOSIS",-0.22470480199286,2.43224314857373,-2.65694795056659,0.22470480199286,2.43224314857373,2.65694795056659,"mixed or incomplete"
"Hallmark","HALLMARK_UV_RESPONSE_UP","HALLMARK_UV_RESPONSE_UP","HALLMARK_UV_RESPONSE_UP","HALLMARK_UV_RESPONSE_UP","HALLMARK_UV_RESPONSE_UP","HALLMARK_UV_RESPONSE_UP","HALLMARK_UV_RESPONSE_UP",-1.06527207563354,1.07173310399422,1.28319502880782,0.381920163170163,0.403436549131913,0.137676381383394,-0.418027412790907,0.394224759650077,0.861140557307724,FALSE,FALSE,FALSE,"66335;11852;12724;13807;73122;70767;74325;15370;56418;20867;18035;17096;15502;16511;12566;12367;66144;12125;19063;55938;99681;18550;81489;216869;12583;14156;16362;11910;110920","12660;14411;14590;14825;66144;11910;13728;12367;81489;19182;53319;12125;17096;14660;12228;11852;18671;17713;20867;14282;433375;18550;66427;245841;56177;12447;217869;21354;12122;73122","12660;14825;12156;12228;14282;66849;13728;11910;14590;217869;18550;245841;20867;110920;14411;53319;20429;12447;216150;16193;99681;66144;56177;13559;66427;81489;11674;14660;17713;18671;12566;17387;71844;26905;15587","HALLMARK_UV_RESPONSE_UP",-0.2114619248136,-2.34846710444136,2.13700517962776,0.2114619248136,2.34846710444136,2.13700517962776,"KD opposite"
"Hallmark","HALLMARK_ESTROGEN_RESPONSE_EARLY","HALLMARK_ESTROGEN_RESPONSE_EARLY","HALLMARK_ESTROGEN_RESPONSE_EARLY","HALLMARK_ESTROGEN_RESPONSE_EARLY","HALLMARK_ESTROGEN_RESPONSE_EARLY","HALLMARK_ESTROGEN_RESPONSE_EARLY","HALLMARK_ESTROGEN_RESPONSE_EARLY",1.11182759582231,-1.34931781424352,-1.15347232991354,0.3265855274052,0.113425925925926,0.367918088737201,0.486003064875915,-0.945287666786398,-0.43424885950339,FALSE,FALSE,FALSE,"20539;16010;20112;18442;99543;14609;207596;16600;20525;20856;226101;94249;328329;22393;67117;20439;21983;14104;12443;13655;20315;223254;229504;16206;14585;11835;75007;212862;225182;23802;76025;55963;20602;22248;76459;14281;226251;67689;27410;14137","11988;16010;20972;99543;13655;73710;226251;11835;21847;76025;20315;76453;71946;14137;16529;14104;225115;18442;21817;75007;78286;233016;171531;16600;16195;20893;22433;207596;23989;67689;217837;12443;17869;11515;212862;14281;17300;55963;55948;27205;13360;18432;15205;11640;19401","16010;11988;226251;13655;225115;21847;23989;19401;76025;76453;16600;14104;73710;50768;20315;99543;16529;20602;71946;233016;20972;78286;21817;67689;13521;15205;14281;55963;14137;75007;207596;171531;18432;20893;22057;212862;22433;97998;76459;268480;17300;22248;20520;22393;14229;225845;13360;20347;11640","HALLMARK_ESTROGEN_RESPONSE_EARLY",-0.19584548432998,2.26529992573585,-2.46114541006583,0.19584548432998,2.26529992573585,2.46114541006583,"mixed or incomplete"
"Hallmark","HALLMARK_PI3K_AKT_MTOR_SIGNALING","HALLMARK_PI3K_AKT_MTOR_SIGNALING","HALLMARK_PI3K_AKT_MTOR_SIGNALING","HALLMARK_PI3K_AKT_MTOR_SIGNALING","HALLMARK_PI3K_AKT_MTOR_SIGNALING","HALLMARK_PI3K_AKT_MTOR_SIGNALING","HALLMARK_PI3K_AKT_MTOR_SIGNALING",0.991455296521976,0.699499030625673,0.851784685284259,0.51975650652475,1,0.899873346467774,0.284200065286328,0,0.0458186114504956,FALSE,FALSE,FALSE,"228026;12567;20525;20847;11651;21937;23988;75778;17346;18643;74370;107476;266632;66350;18795;15461;17874;26420;12283;13555;22084;107607;26419;74117;227743;16818;54401;110651;16189;16439;18803;66713;66105;13649;18412;26414;11773;26399;56637;228775;110157","16439;18741;14675;19211;228026;19045;17346;12631;110355;16818;26419;13555;12575;12283;72349","16439;66350;19045;110355;12631;228026;19211;26413;18741;26419;12283;11773;66105;13555;20525;18795;56637;110651;12566;12317;18049;22027","HALLMARK_PI3K_AKT_MTOR_SIGNALING",-0.152285654658586,0.139670611237717,-0.291956265896303,0.152285654658586,0.139670611237717,0.291956265896303,"all positive"
"Hallmark","HALLMARK_APICAL_SURFACE","HALLMARK_APICAL_SURFACE","HALLMARK_APICAL_SURFACE","HALLMARK_APICAL_SURFACE","HALLMARK_APICAL_SURFACE","HALLMARK_APICAL_SURFACE","HALLMARK_APICAL_SURFACE",1.14244721402199,-1.37297916762567,-1.22446573935516,0.35994455994456,0.206228956228956,0.367918088737201,0.44376438580021,-0.685650356280643,-0.43424885950339,FALSE,FALSE,FALSE,"14451;21838;20312;18793;230872;11820;13846;13640;72043;432442;14252","20312;14451;72043;237847;74762;21838;14462;11820;14866","20312;14451;12189;226250;237847;72043;15507;74762;14462;14252;230872","HALLMARK_APICAL_SURFACE",-0.14851342827051,2.36691295337715,-2.51542638164766,0.14851342827051,2.36691295337715,2.51542638164766,"mixed or incomplete"
"Hallmark","HALLMARK_HEDGEHOG_SIGNALING","HALLMARK_HEDGEHOG_SIGNALING","HALLMARK_HEDGEHOG_SIGNALING","HALLMARK_HEDGEHOG_SIGNALING","HALLMARK_HEDGEHOG_SIGNALING","HALLMARK_HEDGEHOG_SIGNALING","HALLMARK_HEDGEHOG_SIGNALING",0.933398747261974,-1.4260917060184,-1.29363666554638,0.606912551116703,0.191666666666667,0.366724237190558,0.216873881088603,-0.717453410030031,-0.435660386111749,FALSE,FALSE,FALSE,"21838;18186;22359;218397;20254","22253;218397;17886;21838;14766;12569;21887;18015;18186;319504","22253;18015;17886;14632;319504;12569","HALLMARK_HEDGEHOG_SIGNALING",-0.13245504047202,2.22703541280835,-2.35949045328037,0.13245504047202,2.22703541280835,2.35949045328037,"mixed or incomplete"
"Hallmark","HALLMARK_WNT_BETA_CATENIN_SIGNALING","HALLMARK_WNT_BETA_CATENIN_SIGNALING","HALLMARK_WNT_BETA_CATENIN_SIGNALING","HALLMARK_WNT_BETA_CATENIN_SIGNALING","HALLMARK_WNT_BETA_CATENIN_SIGNALING","HALLMARK_WNT_BETA_CATENIN_SIGNALING","HALLMARK_WNT_BETA_CATENIN_SIGNALING",1.06782402621101,-1.59682068977766,-1.72615294712746,0.4375,0.0523606079788677,0.0414980986918141,0.359021942641668,-1.28099531933415,-1.3819718007956,FALSE,FALSE,TRUE,"14362;19664;22059;19165;59287;12444;14534;20602;103806;12005","21414;16842;14362;12006;18128;12387;27373;14534;15184;27401;13543;17869","18128;13543;16842;12006;21414;14534;14362;103806;22059;20602;15184;12387","HALLMARK_WNT_BETA_CATENIN_SIGNALING",0.1293322573498,2.79397697333847,-2.66464471598867,0.1293322573498,2.79397697333847,2.66464471598867,"mixed or incomplete"
"Hallmark","HALLMARK_UV_RESPONSE_DN","HALLMARK_UV_RESPONSE_DN","HALLMARK_UV_RESPONSE_DN","HALLMARK_UV_RESPONSE_DN","HALLMARK_UV_RESPONSE_DN","HALLMARK_UV_RESPONSE_DN","HALLMARK_UV_RESPONSE_DN",1.42100081976017,-1.42648663517515,-1.32597570364479,0.041911154325645,0.0771503935266728,0.132765422816375,1.37767037757336,-1.11266185435746,-0.876915017101561,TRUE,FALSE,FALSE,"12842;12843;23876;15901;14609;18186;109552;217692;19220;12286;14007;22359;12832;12825;17250;99633;21814;67916;18798;268977;15529;11987;57810;229615;12394;13866;218038;252875;19088;15893;18754;17755;20975;56376;12306;226519;21813;23938;12814;226751;22325;11541;11746;14360;64009;17389;21788;16416;18596;19252","67916;18596;15117;12843;99633;18750;12842;236915;18858;13132;19274;12825;15901;57265;18787;15529;20975;56376;19088;231070;11541;20893;18129;12814;23876;14007;235574;20747;14745;20238;17295;17869;109552;18186;67972;14815;12389;13866;12306;71175;20181;12832;17755;328365;116870","216616;19274;18858;12843;19663;18596;18750;15901;67916;13132;12842;57810;11541;12814;99633;218038;12825;57265;15529;50768;328365;20975;20181;15117;20238","HALLMARK_UV_RESPONSE_DN",-0.10051093153036,2.74697652340496,-2.84748745493532,0.10051093153036,2.74697652340496,2.84748745493532,"mixed or incomplete"
"Hallmark","HALLMARK_XENOBIOTIC_METABOLISM","HALLMARK_XENOBIOTIC_METABOLISM","HALLMARK_XENOBIOTIC_METABOLISM","HALLMARK_XENOBIOTIC_METABOLISM","HALLMARK_XENOBIOTIC_METABOLISM","HALLMARK_XENOBIOTIC_METABOLISM","HALLMARK_XENOBIOTIC_METABOLISM",1.54783940806417,-1.6062193401912,-1.50650931477912,0.00886755255243098,0.0284789862069273,0.038594014779207,2.05219622905696,-1.54547547474634,-1.4134800411808,TRUE,TRUE,TRUE,"66375;22436;16010;14873;11432;11529;110208;16177;19171;20514;108037;14782;74114;51798;15452;71093;52585;12499;68943;12035;21937;59083;74142;15902;225913;15926;228608;246277;11532;78038;22021;14629;108156;22271;18618;68021;19286;14854;18081;19128;69071;18104;56376;14538","13110;11529;16010;68021;16480;59083;26874;71093;11669;18984;246277;110213;110172;22021;51798;18787;11429;56376;223455;66841;14865;18104;233016;69071;18618;109672;21808;11761;22436;74134;51793;53328;16177;110351;18107;67442;14528;12035;14102;66397;67880;50500;11655;29811;29858;66082;78038","18104;16010;26874;11529;11669;13110;110351;16480;109672;110213;71093;14528;246277;59083;18107;11429;50997;18984;228608;66397;233016;51793;22021;69071;11761;12359;110172;22436;14854;223455;68021;12349;74134;66082;66841;11430;56376;14629;18618;11655;29858;29811;64898","HALLMARK_XENOBIOTIC_METABOLISM",-0.09971002541208,3.05434872284329,-3.15405874825537,0.09971002541208,3.05434872284329,3.15405874825537,"mixed or incomplete"
"Hallmark","HALLMARK_HEME_METABOLISM","HALLMARK_HEME_METABOLISM","HALLMARK_HEME_METABOLISM","HALLMARK_HEME_METABOLISM","HALLMARK_HEME_METABOLISM","HALLMARK_HEME_METABOLISM","HALLMARK_HEME_METABOLISM",0.892440138542112,0.880873214829473,0.975974829800138,0.761449960598897,0.911890645586298,0.626145439260193,0.118358631460999,0.0400572393754905,0.203324778399999,FALSE,FALSE,FALSE,"26570;14664;12266;66171;19358;20525;12380;11733;107747;27053;228608;21399;64704;71207;17025;12227;59028;214601;14629;107566;11518;14755;22276;217232;233489;15288;21961;14630;53415;12892;65107;16599;225849;21672;12177;70827;14055","12725;18563;269587;14651;52065;140780;17859;107566;17524;74334;224703;59028;28199;53415;67216;13857;383295;12177;65107;12892;71779;208846;12359;66943;53378;21672;225849;70380;338523;12234;56190;19358;18115;60611","12725;12892;269587;67216;52065;17524;18563;107566;114893;14651;140780;21672;17859;12013;59028;225849;233489;19358;20525;15191;17169;224703;16784;192657;53378;12585;74334;64704;56224;72674;21399;666468;59125;12215;66171;229363;60611;12234;14479;17330;71779;28199;13857;338523;74645;22042","HALLMARK_HEME_METABOLISM",-0.095101614970665,-0.083534691258026,-0.011566923712639,0.095101614970665,0.083534691258026,0.011566923712639,"all positive"
"Hallmark","HALLMARK_E2F_TARGETS","HALLMARK_E2F_TARGETS","HALLMARK_E2F_TARGETS","HALLMARK_E2F_TARGETS","HALLMARK_E2F_TARGETS","HALLMARK_E2F_TARGETS","HALLMARK_E2F_TARGETS",-1.30797476517379,-1.17174547628728,-1.26364893688657,0.041911154325645,0.263160230803373,0.201311188811189,-1.37767037757336,-0.579779741378868,-0.696132086492774,TRUE,FALSE,FALSE,"17215;20878;12236;17217;76131;52276;70218;218977;103135;12189;22256;11799;78833;19891;100710;22390;18969;12534;110033;229841;17345;18861;11637;53892;54141;101565;105988;50927;106618;66197;70472;13433;67196;16571;14056;67967","66570;14375;12419;21877;19183;21853;72107;11799;70472;19357;19718;69263;68275;68479;19355;15366;103733;67629;18972;12578;105988;26934;103468;54141;21973;21379;17869;17220;66471;20425;15374;19360;18971;12189;13433;17535;19687;100710;16881;18102;17215;52592;12649;70218;140917;106795;110052;22059;107995;20937;54124;12567;68298;17121","66570;68275;103733;12189;14375;21853;72107;18972;19183;12419;70472;20877;105988;53892;54141;19360;70218;21973;22059;17121;20425;13433;106795;21877;69263;15374;12704;67629;114714;12578;19357;20382;19718;15366;19687;68479;11799;17215;21379;26934;18102;17350;19355;17279","HALLMARK_E2F_TARGETS",0.0919034605992899,-0.0443258282872201,0.13622928888651,0.0919034605992899,0.0443258282872201,0.13622928888651,"all negative"
"Hallmark","HALLMARK_G2M_CHECKPOINT","HALLMARK_G2M_CHECKPOINT","HALLMARK_G2M_CHECKPOINT","HALLMARK_G2M_CHECKPOINT","HALLMARK_G2M_CHECKPOINT","HALLMARK_G2M_CHECKPOINT","HALLMARK_G2M_CHECKPOINT",-1.58132729236592,-0.604495307528648,-0.692860577402393,0.00243895617189195,1,0.991489361702128,-2.61279600389968,0,-0.00371194124571716,TRUE,FALSE,FALSE,"18141;19704;17215;20878;233406;108000;16319;231386;18005;12428;78733;11799;72119;240641;19891;100710;20641;77782;18969;12534;60406;108907;12545;12455;110033;19359;229841;13486;16551;17345;12235;105988;50927;66197;20460;242705;16573;23834;71375;16571;14056;12237;107995;17420;14211;56452;18286;238247;26885;26934","20775;107503;17118;11799;19357;16882;15366;78733;18129;23834;217232;27041;18141;105988;26934;21887;21973;21915;12443;17869;12412;15374;12051;18472;14030;22137;100710;22036;17215;12649;12237;12455;107995;209737;20937;54124;12567;17420;12544;15574;17216;226525;16211;24061;21803;18817;77605;233406;20382","107503;77605;23834;20877;105988;14030;16882;21973;20775;18472;15374;18129;78733;12412;19357;21915;20382;67052;15366;11799;17215;17118;27041;19366;26934;242705;21803;217232;101706;27221;22036;17127;108907;21887;12455;18141;17216;103573;16211;18973;71514;22137;17268","HALLMARK_G2M_CHECKPOINT",0.088365269873745,-0.888466714963527,0.976831984837272,0.088365269873745,0.888466714963527,0.976831984837272,"all negative"
"Hallmark","HALLMARK_OXIDATIVE_PHOSPHORYLATION","HALLMARK_OXIDATIVE_PHOSPHORYLATION","HALLMARK_OXIDATIVE_PHOSPHORYLATION","HALLMARK_OXIDATIVE_PHOSPHORYLATION","HALLMARK_OXIDATIVE_PHOSPHORYLATION","HALLMARK_OXIDATIVE_PHOSPHORYLATION","HALLMARK_OXIDATIVE_PHOSPHORYLATION",1.25699811800136,-1.13629477672558,-1.05979696791886,0.113985815602837,0.324234904880066,0.484325079872204,0.943149188915187,-0.489140233840315,-0.314863041240291,FALSE,FALSE,FALSE,"14194;11739;22335;51798;14751;67863;67460;14661;69089;66885;30055;11306;11740;16828;11951;15926;15108;231086;113868;93747;11370;16922;64704;110842;235339;15929;110446;66407;269951;12039;28185;52538;109754;18597;53375;22333;22273;625249;225887;72900;12369;12028;67680;67130;18674;66416;70316;75406;18105;66445;211253;59040","109754;67863;18984;67130;11370;52538;69833;51798;66445;11429;11951;22272;66841;109672;18242;67460;22333;24030;71679;12864;67442;66594;30055;210009;110826;12894;11655;67994;57279;59040;75406;68197;12028;66945;70383;17449;17448;223696;68202;66525;110842;66043;30056;78920;66335;66407;54411;338359;69802;18293;28185;69089;69772;269951;56451;113868;11364;66152;13382;70316","109754;109672;67130;52538;66445;11370;17449;22272;66152;71679;11951;11429;12894;67460;67863;66335;18984;12864;18293;69833;22333;66594;57279;24030;110826;211253;69802;66841;70383;11655;66407;13177;56451;69089;68197;67442;228033;66043;66383;97212;27402;12028;22334;66945;59040;51798;75406;12861;68202","HALLMARK_OXIDATIVE_PHOSPHORYLATION",-0.0764978088067201,2.31679508592022,-2.39329289472694,0.0764978088067201,2.31679508592022,2.39329289472694,"mixed or incomplete"
"Hallmark","HALLMARK_P53_PATHWAY","HALLMARK_P53_PATHWAY","HALLMARK_P53_PATHWAY","HALLMARK_P53_PATHWAY","HALLMARK_P53_PATHWAY","HALLMARK_P53_PATHWAY","HALLMARK_P53_PATHWAY",-1.03252054043793,-0.945209230009115,-1.01141524420835,0.4375,0.701909959072306,0.567726608187134,-0.359021942641668,-0.153718595542676,-0.245860750801814,FALSE,FALSE,FALSE,"18415;65972;13033;19734;22057;16476;16554;11479;71839;17119;17347;13830;98845;19079;18590;16450;21452;14102;20683;56312;53892;101565;14062;52808;20620;12454;13198;22592;242585;13836;56338;99681;108100;107939;192231;68428;70925","20198;108100;14168;11636;16878;98845;74747;18128;27280;207785;12606;68428;12192;56437;12520;16600;19734;15254;71839;12578;21807;12569;67442;11479;23853;192897;11820;14102;71712;14281;55948;140570;67880;192231;16179;29858;12226;20181;12028;74012;76281;13663;17347;14149;67623;19079;20969;22059;26570;75234;19296;68755","20198;108100;18128;14168;68428;56437;27280;207785;12450;15254;16600;71839;53892;12606;22059;17347;20181;12569;192231;14694;140570;23853;114714;12521;12578;14149;12192;19730;14281;76281;22032;192897;21803;29858;22057;22320;16554;20698;22337;228775;102626;67442;12703;16476;71665;56484;66383;15368;71795;13198;12028;19296;15939;19250;57913;14102;17119;74747;19079;11636;231712;11783","HALLMARK_P53_PATHWAY",0.0662060141992349,-0.0211052962295801,0.087311310428815,0.0662060141992349,0.0211052962295801,0.087311310428815,"all negative"
"Hallmark","HALLMARK_SPERMATOGENESIS","HALLMARK_SPERMATOGENESIS","HALLMARK_SPERMATOGENESIS","HALLMARK_SPERMATOGENESIS","HALLMARK_SPERMATOGENESIS","HALLMARK_SPERMATOGENESIS","HALLMARK_SPERMATOGENESIS",-1.6310567093615,1.26056655568932,1.30664062835174,0.00886755255243098,0.232384823848238,0.209203036053131,-2.05219622905696,0.633792237444253,0.67943201707267,TRUE,FALSE,FALSE,"18415;20878;18005;17776;68961;24084;12534;235559;12235;54137;12672;12794;215387;14056;56324;18551;19087;12326;22115;11861;72350","20744;18415;15925;21888;72350;13000;17349;56324;17354;71838;22335;109880;20394;93759;11861;231600;17776;53885;12235","20744;18415;15925;17349;72350;13000;21888;22335;20394;93759;231600;17354;14056;56088","HALLMARK_SPERMATOGENESIS",-0.04607407266242,-2.93769733771324,2.89162326505082,0.04607407266242,2.93769733771324,2.89162326505082,"KD opposite"
"Hallmark","HALLMARK_NOTCH_SIGNALING","HALLMARK_NOTCH_SIGNALING","HALLMARK_NOTCH_SIGNALING","HALLMARK_NOTCH_SIGNALING","HALLMARK_NOTCH_SIGNALING","HALLMARK_NOTCH_SIGNALING","HALLMARK_NOTCH_SIGNALING",-0.779694373446656,-1.09770053100575,-1.0691401186709,0.837264150943396,0.421052631578947,0.54720608688538,-0.0771375035376387,-0.375663613960886,-0.261849080355868,FALSE,FALSE,FALSE,"14367;207521;60406;74198;14369;56438","14362;18750;22418;18128;14534;56438;18129;103583;12443;14369;15205;16848;207521","18128;18750;14534;14362;22418;18129;16848;56438;15205;21402;18131;109689;103583","HALLMARK_NOTCH_SIGNALING",-0.02856041233485,0.289445745224244,-0.318006157559094,0.02856041233485,0.289445745224244,0.318006157559094,"all negative"
"Hallmark","HALLMARK_MYOGENESIS","HALLMARK_MYOGENESIS","HALLMARK_MYOGENESIS","HALLMARK_MYOGENESIS","HALLMARK_MYOGENESIS","HALLMARK_MYOGENESIS","HALLMARK_MYOGENESIS",1.16290448332389,-1.48947284121938,-1.51500591704143,0.267105263157895,0.0393187985935482,0.0346539161626126,0.573317554367578,-1.40539976073217,-1.46024767961756,FALSE,TRUE,TRUE,"20692;29817;12842;12835;12834;11603;11815;16009;20856;12825;12827;16419;22004;20973;19165;12554;107589;110196;12862;19245;12955;20657;11568;19645;11820;13808;24052;16773","17967;19245;13808;16651;16985;29857;12834;226251;11636;12842;11568;18128;17260;15982;12835;110196;77559;12825;16009;14681;16419;14387;20692;13845;225115;78286;19223;17532;18642;18104;20893;17886;20190;15184;14245;76954;192897;11820","16009;19223;18104;14681;29857;18128;226251;225115;11568;13808;12842;12834;16651;17967;13845;15982;14387;12835;18642;12825;17886;20692;11790;19245;22084;77559;22004;140570;78286;20190;14248;17260;15184;29817;16985;14245;192897;21803;20893;20698;18693;76954","HALLMARK_MYOGENESIS",0.02553307582205,2.67791040036532,-2.65237732454327,0.02553307582205,2.67791040036532,2.65237732454327,"mixed or incomplete"
"Hallmark","HALLMARK_KRAS_SIGNALING_DN","HALLMARK_KRAS_SIGNALING_DN","HALLMARK_KRAS_SIGNALING_DN","HALLMARK_KRAS_SIGNALING_DN","HALLMARK_KRAS_SIGNALING_DN","HALLMARK_KRAS_SIGNALING_DN","HALLMARK_KRAS_SIGNALING_DN",-0.933026111306054,-1.41285908936702,-1.43415317195077,0.658532272325376,0.10153840655558,0.132765422816375,-0.181422936952169,-0.993369656270677,-0.876915017101561,FALSE,FALSE,FALSE,"21415;17910;18505;21808;114479;53883;192663;66972;20482;208922;546071;13614;14184;19271;93685;21816;72350;74645;26549","54371;20363;56358;19125;20393;104027;14570;12167;21808;106565;20190;14431","19125;20363;104027;54371;56358;21415;227541;16506;20393;14570;19271;381022;20190;16858;16848","HALLMARK_KRAS_SIGNALING_DN",0.02129408258375,0.501127060644716,-0.479832978060966,0.02129408258375,0.501127060644716,0.479832978060966,"all negative"
"Hallmark","HALLMARK_DNA_REPAIR","HALLMARK_DNA_REPAIR","HALLMARK_DNA_REPAIR","HALLMARK_DNA_REPAIR","HALLMARK_DNA_REPAIR","HALLMARK_DNA_REPAIR","HALLMARK_DNA_REPAIR",0.922898329510719,-0.983867087105063,-0.967450501981893,0.694150672411542,0.645606932310533,0.683928571428571,0.158546251310851,-0.190031814952579,-0.164989253037578,FALSE,FALSE,FALSE,"22169;27632;67996;56520;22088;24075;22059;23918;15452;14923;13870;13194;57314;94223;18578;50773;19718;382985;27369;68092;625249;22171;235459;54722;236733;66679;76025","11636;66914;76025;223921;14923;69833;21343;21681;20922;19718;69263;11512;21357;69020;50773;56438;106344;268395;194309;236733;17129;17749;382985;66464;18971;27369;74167;27632;16881;18102;22171;68969;69920;22059;74414;24075","20922;223921;14923;50773;76025;56248;21681;268395;66914;20020;22059;236733;69833;17749;69020;69263;22171;54722;21357;56438;19718;18102;59022;382985;27632;19361;74167;16881;18971;227644;194309;19075;218630;57314;228410;66464;68134","HALLMARK_DNA_REPAIR",-0.01641658512317,1.89034883149261,-1.90676541661578,0.01641658512317,1.89034883149261,1.90676541661578,"mixed or incomplete"
