"experiment","contrast","collection","pathway","NES","ES","pval","padj","size","leadingEdge_count","leadingEdge_symbols","leadingEdge_entrez"
"CRISPR","KO_vs_WT","GO_BP","GOBP_CONNECTIVE_TISSUE_DEVELOPMENT",-1.9651078371409,-0.448617505805051,8.58822310259233e-09,1.45441558242401e-05,240,81,"Ecm1;Itgb8;Adamts12;Id4;Adgrg6;Bgn;Pdgfrb;Ccn4;Axin2;Prkca;Chst11;Enpp1;Sorl1;Clmp;Timp1;Ifrd1;Ext1;Rarg;Col6a1;Bmpr1b;Por;Snai1;Mkx;Ccn3;Col1a1;Thra;Zeb1;Ctnnb1;Sh3pxd2b;Csf1;Notch1;Wnt5a;Prkg2;Dhrs7b;Sox5;Prkaa1;Mef2c;Ltbp3;Sox9;Prrx2;Mgp;Rflnb;Pkdcc;Serpinh1;Kat2a;Lox;Scx;Sulf2;Evc;Oxct1;Smad9;Mapk3;Col3a1;Trps1;Col11a1;Ep300;Xbp1;Runx3;Osr1;Col5a1;Smad5;Chsy1;Nsrp1;Fgfr1;Sulf1;Bscl2;Pbxip1;Tgfb2;Tgfbi;Carm1;Il6ra;Wnt10b;Ubb;Vps13b;Thbs3;Gata3;Hyal1;Egr1;Apol6;Fgf2;Lmna","13601;320910;239337;15904;215798;12111;18596;22402;12006;18750;58250;18605;20660;71566;21857;15982;14042;19411;12833;12167;18984;20613;210719;18133;12842;21833;21417;12387;268396;12977;18128;22418;19092;216820;20678;105787;17260;16998;20682;20204;17313;76566;106522;12406;14534;16948;20289;72043;59056;67041;55994;26417;12825;83925;12814;328572;22433;12399;23967;12831;17129;269941;237859;14182;240725;14705;229534;21808;21810;59035;16194;22410;22187;666173;21827;14462;15586;13653;71939;14173;16905"
"CRISPR","KO_vs_WT","GO_BP","GOBP_NEGATIVE_REGULATION_OF_NERVOUS_SYSTEM_DEVELOPMENT",-2.1354707577547,-0.543943637784106,7.02206764563794e-09,1.45441558242401e-05,111,38,"Tmem98;Id4;Sox11;Fgf13;Sorl1;Epha7;Robo1;Lingo1;Dip2b;Ifrd1;Map2;Atf5;Kctd11;Ntm;Ctnnb1;Notch1;Wnt5a;Plxna3;Id1;Ppp3ca;Nr1d1;Sema5a;Syt4;Igdcc4;Ptk2;Ulk2;Slit2;Tspo;App;Trem2;Appl2;Negr1;Mdga1;Nf1;Rnf10;Ryk;Gorasp1;Cdkl3","103743;15904;20666;14168;20660;13841;19876;235402;239667;15982;17756;107503;216858;235106;12387;18128;22418;18846;15901;19055;217166;20356;20983;56741;14083;29869;20563;12257;11820;83433;216190;320840;74762;18015;50849;20187;74498;213084"
"CRISPR","KO_vs_WT","GO_BP","GOBP_BONE_DEVELOPMENT",-1.98681975664491,-0.467669220605788,5.53767969568696e-08,3.75122422585834e-05,182,67,"Ecm1;Timp3;Adamts12;Bgn;Ccn4;Axin2;Fam20c;Enpp1;Has2;Ddr2;Ano6;Ext1;Slc38a10;Pdgfc;Rarg;Col6a1;Lif;Bmpr1b;Por;Ctc1;Col1a1;Sh3pxd2b;Nab2;Sparc;Insig1;Mef2c;Ltbp3;Sox9;Twist1;Tmem119;Rflnb;Slc9b2;Serpinh1;Kat2a;Lox;Scx;Sulf2;P2rx5;Evc;Mapk11;Smad9;Col3a1;Notum;Becn1;Xylt1;Trim45;Tgm2;Phospho1;Pls3;Notch2;Smad5;Chsy1;Ryr1;Tmem107;Sulf1;Carm1;Lrrk1;Blvrb;Spns2;Plxnb1;Thbs3;Ggcx;Fbln5;Prpsap2;Dchs1;Vkorc1;Pafah1b1","13601;21859;239337;12111;22402;12006;80752;18605;15117;18214;105722;14042;72055;54635;19411;12833;16878;12167;18984;68964;12842;268396;17937;20692;231070;17260;16998;20682;22160;231633;76566;97086;12406;14534;16948;20289;72043;94045;59056;19094;55994;12825;77583;56208;233781;229644;21817;237928;102866;18129;17129;269941;20190;66910;240725;59035;233328;233016;216892;235611;21827;56316;23876;212627;233651;27973;18472"
"CRISPR","KO_vs_WT","GO_BP","GOBP_CARTILAGE_DEVELOPMENT",-2.03472461407226,-0.484475101273716,5.23584493537062e-08,3.75122422585834e-05,162,55,"Ecm1;Itgb8;Adamts12;Adgrg6;Bgn;Ccn4;Axin2;Prkca;Chst11;Enpp1;Timp1;Ext1;Rarg;Col6a1;Bmpr1b;Por;Snai1;Mkx;Ccn3;Col1a1;Thra;Zeb1;Ctnnb1;Wnt5a;Prkg2;Sox5;Mef2c;Ltbp3;Sox9;Prrx2;Mgp;Rflnb;Pkdcc;Serpinh1;Kat2a;Scx;Sulf2;Evc;Smad9;Mapk3;Col3a1;Trps1;Col11a1;Ep300;Runx3;Osr1;Smad5;Chsy1;Fgfr1;Sulf1;Pbxip1;Tgfb2;Tgfbi;Carm1;Wnt10b","13601;320910;239337;215798;12111;22402;12006;18750;58250;18605;21857;14042;19411;12833;12167;18984;20613;210719;18133;12842;21833;21417;12387;22418;19092;20678;17260;16998;20682;20204;17313;76566;106522;12406;14534;20289;72043;59056;55994;26417;12825;83925;12814;328572;12399;23967;17129;269941;14182;240725;229534;21808;21810;59035;22410"
"CRISPR","KO_vs_WT","GO_BP","GOBP_REGULATION_OF_NEUROGENESIS",-1.83770695043895,-0.409215245475531,4.33644625174674e-08,3.75122422585834e-05,318,81,"Serpinf1;Tmem98;Cx3cl1;Baiap2;Id4;Lef1;Sox11;Flt1;Mme;Robo2;Fgf13;Sorl1;Epha7;Xrcc6;Robo1;Tnik;Sgk1;Dbnl;Lingo1;Dip2b;Dbn1;Ifrd1;Lif;Serpine2;Map2;Atf5;Dlg4;Jade2;Kctd11;Foxg1;Ntm;Ctnnb1;Ace;Notch1;Wnt5a;Plxnd1;Marcks;Bmal1;Plxna3;Id1;Ppp3ca;Nr1d1;Etv5;Aspa;Sema5a;Syt4;Il6st;Igdcc4;Smurf1;Ptk2;Bhlhb9;Ulk2;Dock7;Cask;Ep300;Tgm2;Enpp2;Xrcc5;Slit2;Arhgap32;Tspo;Bhlhe40;Nin;Wls;Cxcl12;Trem2;Appl2;Smarcd3;Negr1;Nf1;Plxnb1;Myc;Rnf10;Atxn1;Ryk;Gorasp1;Cdkl3;Plxnb2;Obsl1;Eef2k;Pafah1b1","20317;103743;20312;108100;15904;16842;20666;14254;17380;268902;14168;20660;13841;14375;19876;665113;20393;13169;235402;239667;56320;15982;16878;20720;17756;107503;13385;76901;216858;15228;235106;12387;11421;18128;22418;67784;17118;11865;18846;15901;19055;217166;104156;11484;20356;20983;16195;56741;75788;14083;70237;29869;67299;12361;328572;21817;18606;22596;20563;330914;12257;20893;18080;68151;20315;83433;216190;66993;320840;18015;235611;17869;50849;20238;20187;74498;213084;140570;98733;13631;18472"
"CRISPR","KO_vs_WT","GO_BP","GOBP_REGULATION_OF_OSSIFICATION",-2.07167359594551,-0.530862758758278,3.28733682177266e-07,0.000185570163589067,103,43,"Ecm1;Adgrg6;Sox11;Fam20c;Ank;Enpp1;S1pr1;Ddr2;Ano6;Bmpr1b;Mkx;Ccn3;Csf1;Notch1;Wnt5a;Smad6;P2rx7;Mef2c;Ltbp3;Sox9;Twist1;Mgp;Tmem119;Rflnb;Gpm6b;P2ry2;Pkdcc;Smurf1;Mapk3;Notum;Ccdc134;Kremen1;Phospho1;Osr1;Chsy1;Fbn2;Acvr1b;Wnt10b;Atp2b1;Creb3l1;Cd276;Tob2;Nipbl","13601;215798;20666;80752;11732;18605;13609;18214;105722;12167;210719;18133;12977;18128;22418;17130;18439;17260;16998;20682;22160;17313;231633;76566;14758;18442;106522;75788;26417;77583;76457;84035;237928;23967;269941;14119;11479;22410;67972;26427;102657;57259;71175"
"CRISPR","KO_vs_WT","GO_BP","GOBP_EXTRACELLULAR_STRUCTURE_ORGANIZATION",-1.86215264045279,-0.428176458273385,6.00354716603217e-07,0.000290485917876442,221,80,"Itga8;Timp3;Slc2a10;Matn2;Col1a2;P4ha3;Adamts12;Adamts2;Myo1e;Col23a1;Axin2;Has2;Mmp19;Adamtsl4;Ddr2;Loxl3;Zfp469;Ext1;Aebp1;Col16a1;Col6a1;Adamtsl3;Mkx;Postn;Fkbp10;Loxl1;Col1a1;Slc39a8;Sh3pxd2b;Notch1;Foxf1;Pmp22;Col18a1;Emilin1;P3h4;Sox9;Scara3;Kazald1;Adamts10;Gpm6b;Serpinh1;Lox;Scx;Mmp9;Sulf2;Sema5a;Col3a1;Selenon;Ptk2;Gas2;Stat3;Olfml2a;Rgcc;Mmp23;Col11a1;Hmcn1;Antxr1;Col5a1;Sulf1;Adamtsl5;Pbxip1;Dpt;Tgfb2;Tgfbi;App;Col4a6;Thsd4;Nf1;Adamts14;Fbln5;Ptx3;Creb3l1;Atp7a;Apbb1;Npnt;Smarca4;Ddr1;Crtap;Anxa2;Col28a1","241226;21859;170441;17181;12843;320452;239337;216725;71602;237759;12006;15117;58223;229595;18214;16950;195209;14042;11568;107581;12833;269959;210719;50706;14230;16949;12842;67547;268396;18128;15227;18858;12822;100952;66180;20682;219151;107250;224697;14758;12406;16948;20289;17395;72043;20356;12825;74777;14083;14453;20848;241327;66214;26561;12814;545370;69538;12831;240725;66548;229534;56429;21808;21810;11820;94216;207596;18015;237360;23876;19288;26427;11977;11785;114249;20586;12305;56693;12306;213945"
"CRISPR","KO_vs_WT","GO_BP","GOBP_CHONDROCYTE_DIFFERENTIATION",-2.06692859226899,-0.539118892507529,9.67003584647318e-07,0.000409405142650058,93,33,"Ecm1;Adamts12;Ccn4;Axin2;Prkca;Chst11;Ext1;Rarg;Bmpr1b;Por;Mkx;Ccn3;Ctnnb1;Prkg2;Sox5;Mef2c;Ltbp3;Sox9;Rflnb;Pkdcc;Serpinh1;Scx;Sulf2;Col3a1;Trps1;Col11a1;Runx3;Osr1;Chsy1;Fgfr1;Sulf1;Tgfbi;Wnt10b","13601;239337;22402;12006;18750;58250;14042;19411;12167;18984;210719;18133;12387;19092;20678;17260;16998;20682;76566;106522;12406;20289;72043;12825;83925;12814;12399;23967;269941;14182;240725;21810;22410"
"CRISPR","KO_vs_WT","GO_BP","GOBP_OSTEOBLAST_DIFFERENTIATION",-1.86687349476341,-0.443974267586863,1.51346075086494e-06,0.000569565729242174,168,51,"Id3;Id4;Lef1;Sox11;Fzd1;Ccn4;Axin2;Fam20c;Cthrc1;Enpp1;Ddr2;Bmpr1b;Snai1;Ahr;Col1a1;Ifitm1;Spp1;Ctnnb1;Sh3pxd2b;Notch1;Smad6;Rorb;Id1;Penk;Cebpa;Mef2c;Sox9;Igfbp3;Ppp3ca;Twist1;Tmem119;Lox;Fignl1;Mapk11;Il6st;Smad9;Ptk2;Smad5;Fgfr1;Fermt2;Fbn2;Wnt10b;Nf1;Creb3l1;Tnfaip6;Cd276;Fgf2;Dnai3;Lmna;Zhx3;Hdac5","15903;15904;16842;20666;14362;22402;12006;80752;68588;18605;18214;12167;20613;11622;12842;68713;20750;12387;268396;18128;17130;225998;15901;18619;12606;17260;20682;16009;19055;22160;231633;16948;60530;19094;16195;55994;14083;17129;14182;218952;14119;22410;18015;26427;21930;102657;14173;242253;16905;320799;15184"
"CRISPR","KO_vs_WT","GO_BP","GOBP_REGULATION_OF_SYNAPSE_STRUCTURE_OR_ACTIVITY",-1.75307272641254,-0.393285058402374,1.97401489709912e-06,0.000668598845647471,294,84,"Clstn2;Baiap2;Adgrl2;Slitrk5;Fzd1;Adgrl3;Prkca;Epha7;Lrrn3;Ywhaz;Arc;Robo1;Sema4a;Dbnl;Mrtfa;Dbn1;Dock1;Nedd4;Dlg4;Lrrk2;Palm;Dock10;Adgre5;Ntm;Ctnnb1;Ppp1r9b;Wnt5a;Marcks;Exoc7;Sdc2;Srgap3;Sparc;Dock4;Pik3r1;Mef2c;Flrt3;Slitrk6;Lrrtm2;Cntnap1;Iglon5;Etv5;Pdlim5;Ngef;Trim47;Ephb3;Asap1;Nedd9;Ptk2;Bhlhb9;Sparcl1;Lrfn1;Tuba1a;Cask;Il1rap;Frmpd4;Slit2;Fgfr1;Arhgap32;Plppr4;Rbmx;Shank2;Dact1;Lrfn5;App;Cdk5r1;Trem2;Negr1;Ccdc141;Mdga1;Nf1;Senp1;Camkv;Thbs2;Eef2k;Pafah1b1;Pcdh7;Pgrmc1;Dtnbp1;Rtn4;Pdzd11;Phactr1;Ank3;Rhog;Pdxp","64085;108100;99633;75409;14362;319387;18750;13841;16981;22631;11838;19876;20351;13169;223701;56320;330662;17999;13385;66725;18483;210293;26364;235106;12387;217124;22418;17118;53413;15529;259302;20692;238130;18708;17260;71436;239250;107065;53321;210094;104156;56376;53972;217333;13845;13196;18003;14083;70237;13602;80749;22142;12361;16180;333605;20563;14182;330914;229791;19655;210274;59036;238205;11820;12569;83433;320840;545428;74762;18015;223870;235604;21826;13631;18472;54216;53328;94245;68585;72621;218194;11735;56212;57028"
"CRISPR","KO_vs_WT","GO_BP","GOBP_MONONUCLEAR_CELL_MIGRATION",-1.92065350065016,-0.474696846547298,2.44284598165007e-06,0.000696353458584454,133,44,"Ecm1;Cx3cl1;Ripk3;Sirpa;Abr;Flt1;Artn;Enpp1;Pla2g7;Cyp7b1;P4hb;S1pr1;Ano6;Ccl2;Nup85;Ext1;Ccl7;Nbl1;Ccn3;Csf1;Wnt5a;Serpine1;Emilin1;Cd81;Mmp9;Anxa1;Mapk3;Nedd9;Ptk2;Lrp12;Cd99l2;Cd200;Stk39;Slit2;Ripor2;App;C1qbp;Plec;Mcoln2;Cxcl12;Med23;Trem2;Spns2;Gata3","13601;20312;56532;19261;109934;14254;11876;18605;27226;13123;18453;13609;105722;20296;445007;14042;20306;17965;18133;12977;22418;18787;100952;12520;17395;16952;26417;18003;14083;239393;171486;17470;53416;20563;193385;11820;12261;18810;68279;20315;70208;83433;216892;14462"
"CRISPR","KO_vs_WT","GO_BP","GOBP_PROTEOGLYCAN_METABOLIC_PROCESS",-2.07658709222338,-0.558320480862417,2.46715131473677e-06,0.000696353458584454,75,31,"Slc2a10;Adamts12;Ndst3;Chst11;Cant1;Chst10;Ext1;Bmpr1b;Angpt1;Ednra;Hs6st2;Ctnnb1;Hs2st1;Sulf2;Xylt2;Xylt1;Sgsh;Col11a1;Arsb;Chst7;Slc35b2;Chsy1;B4galnt4;Sulf1;Hs3st1;Glce;Hyal1;Extl3;Ndst1;Dse;Ust","170441;239337;83398;58250;76025;98388;14042;12167;11600;13617;50786;12387;23908;72043;217119;233781;27029;12814;11881;60322;73836;269941;330671;240725;15476;93683;15586;54616;15531;212898;338362"
"CRISPR","KO_vs_WT","GO_BP","GOBP_COLLAGEN_FIBRIL_ORGANIZATION",-2.10549526147271,-0.581949717919511,3.00693402730494e-06,0.000727463253605844,64,33,"Col1a2;P4ha3;Adamts12;Adamts2;Ddr2;Loxl3;Zfp469;Ext1;Aebp1;Col6a1;Mkx;Fkbp10;Loxl1;Col1a1;Emilin1;P3h4;Scara3;Serpinh1;Lox;Scx;Col3a1;Selenon;Col11a1;Col5a1;Dpt;Tgfb2;Col4a6;Nf1;Adamts14;Atp7a;Crtap;Anxa2;Col28a1","12843;320452;239337;216725;18214;16950;195209;14042;11568;12833;210719;14230;16949;12842;100952;66180;219151;12406;16948;20289;12825;74777;12814;12831;56429;21808;94216;18015;237360;11977;56693;12306;213945"
"CRISPR","KO_vs_WT","GO_BP","GOBP_ZYMOSTEROL_METABOLIC_PROCESS",-2.1187094244788,-0.826118069325265,2.97716750564283e-06,0.000727463253605844,15,12,"Sqle;Fdft1;Nsdhl;Hmgcs1;Fdps;Pmvk;Mvk;Acat2;Lss;Mvd;Hsd17b7;Hmgcr","20775;14137;18194;208715;110196;68603;17855;110460;16987;192156;15490;15357"
"CRISPR","KO_vs_WT","GO_BP","GOBP_NEGATIVE_REGULATION_OF_CELL_DEVELOPMENT",-1.83482904039815,-0.429175171362652,4.78307712117796e-06,0.00108001881396198,187,58,"Tmem98;Id4;Sox11;Ceacam1;Prdm16;Fgf13;Gata2;Sorl1;Epha7;Lingo1;Lgals1;Loxl3;Dip2b;Ifrd1;Map2;Atf5;Slc4a2;Kctd11;Hlx;Ntm;Ctnnb1;Notch1;Wnt5a;Plxna3;Id1;Pik3r1;Ppp3ca;S1pr3;Nr1d1;Rflnb;Anxa1;Sema5a;Syt4;Igdcc4;Ptk2;Tsc22d1;Ulk2;Runx3;Stat5a;Slit2;Tspo;Thoc5;Trem2;Appl2;Negr1;Cdkn2a;Nf1;Myc;Rnf10;Ryk;Gorasp1;Tnfaip6;Cdkl3;Tob2;Ttpa;Irf1;Socs5;Rtn4","103743;15904;20666;26365;70673;14168;14461;20660;13841;235402;16852;16950;239667;15982;17756;107503;20535;216858;15284;235106;12387;18128;22418;18846;15901;18708;19055;13610;217166;76566;16952;20356;20983;56741;14083;21807;29869;12399;20850;20563;12257;107829;83433;216190;320840;12578;18015;17869;50849;20187;74498;21930;213084;57259;50500;16362;56468;68585"
"CRISPR","KO_vs_WT","GO_BP","GOBP_REGULATION_OF_SPROUTING_ANGIOGENESIS",-2.06993197817414,-0.649110183605392,5.89146040522639e-06,0.00124714852453136,37,15,"Rhoj;Adgrg6;Ceacam1;Flt1;Zfp354c;Sema6a;Epn2;Jmjd8;Tgm2;Glul;Klf4;Jcad;Creb3l1;Fgf2;Itga5","80837;215798;26365;14254;30944;20358;13855;72106;21817;14645;16600;240185;26427;14173;16402"
"CRISPR","KO_vs_WT","GO_BP","GOBP_SYNAPSE_ASSEMBLY",-1.81198159008926,-0.419266678917147,7.83918070756956e-06,0.00156184147391401,205,65,"Gria1;Clstn2;Adgrl2;Slitrk5;Fzd1;Adgrl3;Fgf13;Prkca;Epha7;Lrrn3;Robo1;Sema4a;Dbnl;Arhgef9;Dock1;Pcdhb16;Nptxr;Dlg4;Palm;Dock10;Adgre5;Ntm;Ctnnb1;Plxna1;Ppp1r9b;Wnt5a;Plxnd1;Exoc7;Sdc2;Efnb1;Srgap3;Plxna3;Dock4;Pik3r1;Mef2c;Flrt3;Slitrk6;Lrrtm2;Iglon5;Pdlim5;Trim47;Gap43;Ephb3;Ptk2;Bhlhb9;Lrfn1;Dock7;Il1rap;Pcdh17;Slit2;Fgfr1;Arhgap32;Shank2;Lrfn5;App;Negr1;Ccdc141;Mdga1;Plxnb1;Senp1;Bsn;Thbs2;Plxnb2;Eef2k;Pcdh7","14799;64085;99633;75409;14362;319387;14168;18750;13841;16981;19876;20351;13169;236915;330662;93887;73340;13385;18483;210293;26364;235106;12387;18844;217124;22418;67784;53413;15529;13641;259302;18846;238130;18708;17260;71436;239250;107065;210094;56376;217333;14432;13845;14083;70237;80749;67299;16180;219228;20563;14182;330914;210274;238205;11820;320840;545428;74762;235611;223870;12217;21826;140570;13631;54216"
"CRISPR","KO_vs_WT","GO_BP","GOBP_COLLAGEN_METABOLIC_PROCESS",-1.93118942403318,-0.50279500052212,8.43339435828989e-06,0.00158688370508488,96,36,"Col1a2;Adamts2;Pdgfrb;Rcn3;Mmp19;Ddr2;Ccl2;Mrtfa;Col6a1;Mkx;P3h3;Col1a1;Notch1;Tns2;Serpine1;P2rx7;Id1;Emilin1;P3h4;Cygb;Serpinh1;Scx;Mmp9;Retreg3;Tgfb3;Pepd;Rgcc;Mmp23;Ep300;Col5a1;Adam15;Il6ra;Acvr1b;Adora2b;Mrc2;Creb3l1","12843;216725;18596;52377;58223;18214;20296;223701;12833;210719;14789;12842;18128;209039;18787;18439;15901;100952;66180;114886;12406;20289;17395;67998;21809;18624;66214;26561;328572;12831;11490;16194;11479;11541;17534;26427"
"CRISPR","KO_vs_WT","GO_BP","GOBP_EAR_MORPHOGENESIS",-1.99264312827564,-0.528521485158266,1.34291936184467e-05,0.00239393046240415,82,30,"Itga8;Abr;Cthrc1;Gata2;Enpp1;Gas1;Tbx3;Triobp;Scrib;Fzd2;Ednra;Foxg1;Zeb1;Wnt5a;Sparc;Insig1;Sox9;Slitrk6;Prrx2;Mapk3;Rpl38;Col11a1;Tbx18;Osr1;Fgfr1;Ripor2;Dvl2;Gata3;Myc;Eya4","241226;109934;68588;14461;18605;14451;21386;110253;105782;57265;13617;15228;21417;22418;20692;231070;20682;239250;20204;26417;67671;12814;76365;23967;14182;193385;13543;14462;17869;14051"
"CRISPR","KO_vs_WT","GO_BP","GOBP_REGULATION_OF_BIOMINERAL_TISSUE_DEVELOPMENT",-1.93769862180288,-0.52004462816334,1.43973096226523e-05,0.00243818438459617,76,26,"Ecm1;Adgrg6;Fam20c;Ank;Enpp1;S1pr1;Ddr2;Ano6;Bmpr1b;Slc4a2;Notch1;P2rx7;Mef2c;Ltbp3;Sox9;Twist1;Mgp;Tmem119;Rflnb;Gpm6b;Pkdcc;Notum;Phospho1;Osr1;Fbn2;Wnt10b","13601;215798;80752;11732;18605;13609;18214;105722;12167;20535;18128;18439;17260;16998;20682;22160;17313;231633;76566;14758;106522;77583;237928;23967;14119;22410"
"CRISPR","KO_vs_WT","GO_BP","GOBP_PROTEOGLYCAN_BIOSYNTHETIC_PROCESS",-2.06139366769796,-0.60898457938811,1.68943133102694e-05,0.00270149675921881,47,22,"Slc2a10;Ndst3;Chst11;Cant1;Chst10;Ext1;Bmpr1b;Hs6st2;Ctnnb1;Hs2st1;Xylt2;Xylt1;Chst7;Slc35b2;Chsy1;B4galnt4;Hs3st1;Glce;Extl3;Ndst1;Dse;Ust","170441;83398;58250;76025;98388;14042;12167;50786;12387;23908;217119;233781;60322;73836;269941;330671;15476;93683;54616;15531;212898;338362"
"CRISPR","KO_vs_WT","GO_BP","GOBP_RESPONSE_TO_XENOBIOTIC_STIMULUS",-1.70047901745652,-0.386911717965601,1.7547366017955e-05,0.00270149675921881,249,86,"Gria1;Cyp2j6;Ass1;Ncam1;Slitrk5;Fzd1;Bphl;Ywhaz;Gstm1;Ccl2;Cd38;Guk1;Pde3a;Cyp2d22;Col6a1;Por;Aldh2;Ahr;Col1a1;Gstm7;Rptor;Ctnnb1;Arnt2;Rasa1;Ppp1r9b;Ptprm;Serpine1;P2rx7;Gpr39;Pfas;Pon3;Prkaa1;Mef2c;Bche;Abcd3;Recql5;Hadh;Pnp2;Lox;Mmp9;Gstm2;Oxct1;Rnf149;Gstm4;Becn1;Gna12;Phb1;Nqo1;Ep300;Dpyd;Xbp1;Pemt;Slc1a3;Tspo;Srp68;Shank2;Cyp2s1;Blmh;Srebf1;Pde4a;Mcm7;Cdkn2a;Dnmt3a;Gstm5;Gata3;Myc;Aox1;Vkorc1;Grin2a;Srr;Hdac5;Ccnd1;Tcf3;Dnmt1;Alad;Itga2;Alas1;Abca1;Fos;Ei24;Cpt1a;Acaa1b;Mgst1;Gsta4;Trp53;Prickle1","14799;13110;11898;17967;75409;14362;68021;22631;14862;20296;12494;14923;54611;56448;12833;18984;11669;11622;12842;68312;74370;12387;11864;218397;217124;19274;18787;18439;71111;237823;269823;105787;17260;12038;19299;170472;15107;667034;16948;17395;14863;67041;67702;14865;56208;14673;18673;18104;328572;99586;22433;18618;20512;12257;217337;210274;74134;104184;20787;18577;17220;12578;13435;14866;14462;17869;11761;27973;14811;27364;15184;12443;21423;13433;17025;16398;11655;11303;14281;13663;12894;235674;56615;14860;22059;106042"
"CRISPR","KO_vs_WT","GO_BP","GOBP_NEGATIVE_REGULATION_OF_GLIOGENESIS",-2.05694329937277,-0.645713311761559,2.00432074572835e-05,0.00295158015903561,36,14,"Tmem98;Id4;Sox11;Lingo1;Atf5;Ntm;Ctnnb1;Notch1;Nr1d1;Tspo;Trem2;Negr1;Nf1;Rnf10","103743;15904;20666;235402;107503;235106;12387;18128;217166;12257;83433;320840;18015;50849"
"CRISPR","KO_vs_WT","GO_BP","GOBP_POSITIVE_REGULATION_OF_NERVOUS_SYSTEM_DEVELOPMENT",-1.73887941981125,-0.394913345849,2.1246812920178e-05,0.00299845647336012,252,66,"Serpinf1;Cx3cl1;Clstn2;Baiap2;Adgrl2;Slitrk5;Sox11;Flt1;Adgrl3;Mme;Robo2;Prkca;Xrcc6;Lrrn3;Robo1;Tnik;Sgk1;Sema4a;Dbnl;Dbn1;Lif;Serpine2;Dlg4;Jade2;Adgre5;Foxg1;Ctnnb1;Ace;Notch1;Wnt5a;Plxnd1;Marcks;Pik3r1;Flrt3;Slitrk6;Lrrtm2;Etv5;Aspa;Sema5a;Ephb3;Il6st;Smurf1;Ptk2;Bhlhb9;Cask;Il1rap;Ep300;Tgm2;Enpp2;Xrcc5;Slit2;Arhgap32;Tspo;Nin;Wls;Cxcl12;Smarcd3;Plxnb1;Myc;Atxn1;Thbs2;Cdkl3;Plxnb2;Obsl1;Eef2k;Pafah1b1","20317;20312;64085;108100;99633;75409;20666;14254;319387;17380;268902;18750;14375;16981;19876;665113;20393;20351;13169;56320;16878;20720;13385;76901;26364;15228;12387;11421;18128;22418;67784;17118;18708;71436;239250;107065;104156;11484;20356;13845;16195;75788;14083;70237;12361;16180;328572;21817;18606;22596;20563;330914;12257;18080;68151;20315;66993;235611;17869;20238;21826;213084;140570;98733;13631;18472"
"CRISPR","KO_vs_WT","GO_BP","GOBP_EMBRYONIC_ORGAN_MORPHOGENESIS",-1.74757546853212,-0.404402616254851,2.74538208387489e-05,0.0037194436472337,207,55,"Itga8;Abr;Sox11;Tcf7;Mical2;Chst11;Cthrc1;Gata2;Enpp1;Gas1;Tbx3;Triobp;Rarg;Scrib;Mfap2;Mdfi;Fzd2;Ednra;Foxg1;Hlx;Zeb1;Ctnnb1;Notch1;Foxf1;Wnt5a;Sparc;Insig1;Mef2c;Sox9;Twist1;Slitrk6;Mthfd1l;Prrx2;Eif4a3;Tgfb3;Mapk3;Rpl38;Col11a1;Tbx18;Osr1;Pcgf2;Notch2;Fgfr1;Ripor2;Slc39a1;Tgfb2;Fbn2;Dvl2;Gata3;Myc;Eya4;Hyal1;Ndst1;Tead2;Alx1","241226;109934;20666;21414;320878;58250;68588;14461;18605;14451;21386;110253;19411;105782;17150;17240;57265;13617;15228;15284;21417;12387;18128;15227;22418;20692;231070;17260;20682;22160;239250;270685;20204;192170;21809;26417;67671;12814;76365;23967;22658;18129;14182;193385;30791;21808;14119;13543;14462;17869;14051;15586;15531;21677;216285"
"CRISPR","KO_vs_WT","Hallmark","HALLMARK_EPITHELIAL_MESENCHYMAL_TRANSITION",-2.07029191557993,-0.496521509661276,9.1953383453126e-09,4.50571578920317e-07,165,61,"Ecm1;Crlf1;Timp3;Matn2;Col1a2;Bgn;Pdgfrb;Edil3;Cthrc1;Gas1;Timp1;Lgals1;Igfbp4;Vcan;Emp3;Col16a1;Col6a2;Pdlim4;Serpine2;Dab2;Postn;Pmepa1;Sntb1;Loxl1;Col1a1;Spp1;Ntm;Wnt5a;Fstl1;Pcolce;Serpine1;Sparc;Pmp22;Igfbp3;Mgp;Tpm1;Slit3;Serpinh1;Itgb5;Lox;Capg;Col3a1;Col11a1;Tgm2;Col5a1;Notch2;Slit2;Fermt2;Fbn2;Tgfbi;Cdh11;Cxcl12;Mcm7;Magee1;Gpx7;Col6a3;Fbln5;Ptx3;Thbs2;Fgf2;Itga5","13601;12931;21859;17181;12843;12111;18596;13612;68588;14451;21857;16852;16010;13003;13732;107581;12834;30794;20720;13132;50706;65112;20649;16949;12842;20750;235106;22418;14314;18542;18787;20692;18858;16009;17313;22003;20564;12406;16419;16948;12332;12825;12814;21817;12831;18129;20563;218952;14119;21810;12552;20315;17220;107528;67305;12835;23876;19288;21826;14173;16402"
"CRISPR","KO_vs_WT","Hallmark","HALLMARK_FATTY_ACID_METABOLISM",-1.56034500578639,-0.389717448194731,0.00228156604452785,0.0372655787272881,119,41,"Adh7;Eno3;Bphl;Ncaph2;Lgals1;Bmpr1b;Nsdhl;Acaa2;Acadvl;Hmgcs1;Aco2;Adsl;Etfdh;Ech1;Hadh;Fasn;Decr1;Acat2;Glul;Retsat;Hsd17b7;Cpt2;Mdh1;Gstz1;Rdh11;Alad;Sdha;Eci2;Cpt1a;Mdh2;Reep6;Dlst;Dhcr24;Acox1;D2hgdh;Car2;Metap1;Suclg2;Cryz;Suclg1;Mlycd","11529;13808;68021;52683;16852;12167;18194;52538;11370;208715;11429;11564;66841;51798;15107;14104;67460;110460;14645;67442;15490;12896;17449;14874;17252;17025;66945;23986;12894;17448;70335;78920;74754;11430;98314;12349;75624;20917;12972;56451;56690"
"CRISPR","KO_vs_WT","Hallmark","HALLMARK_XENOBIOTIC_METABOLISM",-1.57644477553412,-0.38818077691242,0.00172255706481738,0.0372655787272881,131,56,"Cyp2j6;Adh7;Bphl;Jup;Igfbp4;Tmbim6;Abcd2;Fetub;Csad;Por;Slc35b1;Aldh2;Atoh8;Tpst1;Aco2;Serpine1;Etfdh;Marchf6;Ech1;Pdlim5;Cyb5a;Gstm4;Tmem97;Nqo1;Nmt1;Pemt;Tgfb2;Cyp2s1;Rap1gap;Il1r1;Blvrb;Retsat;Sar1b;Bcat1;Aox1;Mccc2;Pmm1;Ttpa;Pgrmc1;Xdh;Abhd6;Gch1;Ddah2;Alas1;Dcxr;Fas;Ndrg2;Gss;Mpp2;Acox1;Car2;Adh5;Shmt2;Gclc;Mthfd1;Tnfrsf1a","13110;11529;68021;16480;16010;110213;26874;59083;246277;18984;110172;11669;71093;22021;11429;18787;66841;223455;51798;56376;109672;14865;69071;18104;18107;18618;21808;74134;110351;16177;233016;67442;66397;12035;11761;78038;29858;50500;53328;22436;66082;14528;51793;11655;67880;14102;29811;14854;50997;11430;12349;11532;108037;14629;108156;21937"
"CRISPR","KO_vs_WT","Hallmark","HALLMARK_ANGIOGENESIS",-1.64589117155204,-0.563596580892714,0.00760810083866973,0.0621328235158028,24,11,"S100a4;Timp1;Vcan;Postn;Spp1;Fstl1;Col3a1;Ptk2;Fgfr1;App;Lrpap1","20198;21857;13003;50706;20750;14314;12825;14083;14182;11820;16976"
"CRISPR","KO_vs_WT","Hallmark","HALLMARK_CHOLESTEROL_HOMEOSTASIS",-1.62038993701746,-0.451168395533085,0.00583634905955358,0.0621328235158028,65,27,"Pcyt2;Srebf2;Sqle;Fdft1;Nsdhl;Atf5;Hmgcs1;Fdps;Gstm7;Ctnnb1;Pmvk;Mvk;Ech1;Fasn;Alcam;Cyp51;Acat2;Tmem97;Lss;Actg1;Mvd;Sc5d;Hsd17b7;Hmgcr;Stard4;Ebp;Dhcr7","68671;20788;20775;14137;18194;107503;208715;110196;68312;12387;68603;17855;51798;14104;11658;13121;110460;69071;16987;11465;192156;235293;15490;15357;170459;13595;13360"
"CRISPR","KO_vs_WT","Hallmark","HALLMARK_INFLAMMATORY_RESPONSE",-1.47775523013081,-0.369089525205837,0.00666285194659258,0.0621328235158028,119,44,"Chst2;Cx3cl1;Itgb8;Slc7a2;Has2;Timp1;Ptgir;Emp3;Ccl7;Lif;Ahr;Ifitm1;Csf1;Serpine1;P2rx7;Osmr;Ifngr2;Ripk2;P2ry2;Ndp;Ly6e;Icosl;Sri;Acvr1b;Il1r1;Rgs16;Atp2c1;Scn1b;Adora2b;Atp2b1;Myc;Rnf144b;Tnfaip6;Pcdh7;Itga5;Irf1;Lpar1;Tnfrsf9;Met;Slc11a2;Rhog;Gch1;Il4ra;Abca1","54371;20312;320910;11988;15117;21857;19222;13732;20306;16878;11622;68713;12977;18787;18439;18414;15980;192656;18442;17986;17069;50723;109552;11479;16177;19734;235574;20266;11541;67972;17869;218215;21930;54216;16402;16362;14745;21942;17295;18174;56212;14528;16190;11303"
"CRISPR","KO_vs_WT","Hallmark","HALLMARK_MYOGENESIS",-1.50584953150563,-0.373870542124967,0.00925029734409204,0.0647520814086443,125,42,"Ncam1;Ptp4a3;Eno3;Mapk12;Sspn;Agl;Lsp1;Ak1;Ifrd1;Aebp1;Col6a2;Ablim1;Col1a1;Fdps;Gaa;Notch1;Svil;Gnao1;Sparc;Mef2c;Igfbp3;Ptgis;Itgb5;Nav2;Pfkm;Ephb3;Col3a1;Mras;Myh9;Nqo1;Ryr1;Bhlhe40;App;Cnn3;Col6a3;Itgb4;Plxnb2;Fgf2;Lpin1;Dennd2b;Adcy9;Hdac5","17967;19245;13808;29857;16651;77559;16985;11636;15982;11568;12834;226251;12842;110196;14387;18128;225115;14681;20692;17260;16009;19223;16419;78286;18642;13845;12825;17532;17886;18104;20190;20893;11820;71994;12835;192897;140570;14173;14245;76954;11515;15184"
"CRISPR","KO_vs_WT","Hallmark","HALLMARK_UV_RESPONSE_DN",-1.41440655956396,-0.345706571880107,0.0172760191464599,0.0940583264640595,136,40,"Col1a2;Adgrl2;Plpp3;Pdgfrb;Prkca;Has2;Arhgef9;Dab2;Fzd2;Col1a1;Ptprm;Sdc2;Serpine1;Pmp22;Insig1;Id1;Synj2;Pdlim5;Col3a1;Prkar2b;Spop;Col11a1;Notch2;Bhlhe40;Sri;Atp2c1;Adora2b;Atp2b1;Myc;Fbln5;Atxn1;Celf2;Nipbl;Lpar1;Mta1;Anxa2;Met;Nr3c1;Nrp1;Erbb2","12843;99633;67916;18596;18750;15117;236915;13132;57265;12842;19274;15529;18787;18858;231070;15901;20975;56376;12825;19088;20747;12814;18129;20893;109552;235574;11541;67972;17869;23876;20238;14007;71175;14745;116870;12306;17295;14815;18186;13866"
"CRISPR","KO_vs_WT","Hallmark","HALLMARK_WNT_BETA_CATENIN_SIGNALING",-1.58972169095291,-0.509772854288828,0.0169406332649432,0.0940583264640595,31,12,"Lef1;Tcf7;Fzd1;Axin2;Ctnnb1;Notch1;Csnk1e;Kat2a;Skp2;Dvl2;Myc;Hdac5","16842;21414;14362;12006;12387;18128;27373;14534;27401;13543;17869;15184"
"CRISPR","KO_vs_WT","KEGG","NIKOLSKY_BREAST_CANCER_17Q21_Q25_AMPLICON",-2.92151774632674,-0.675218391505626,1.07304548199832e-35,4.95639708135022e-32,228,164,"Copz2;Baiap2;Axin2;Rps6kb1;Prkca;Abca9;Cant1;H3f3b;Ttyh2;Dus1l;Rsad1;Limd2;Tk1;Cog1;Nup85;Chmp6;Slc38a10;Strada;Slc35b1;Timp2;Foxk2;Gps1;Col1a1;Rptor;Ppp1r9b;Exoc7;Prkar1a;Rfng;Zfp652;Kctd2;Ndufaf8;Atp5mc1;Sap30bp;Snf8;Cenpx;Sox9;Mrpl58;Helz;Tex2;Mrpl12;Alyref;Stxbp4;Recql5;Supt4a;Wdr45b;Fasn;Ankrd40;Birc5;Dnai2;Trim47;Arl16;Ptrh2;Pgs1;Slc25a10;Aspscr1;Ints2;Tbcd;Grb2;Notum;Psmc5;Nt5c;Rpl38;Xylt2;Faap100;Usp36;Nat9;Mrpl27;Csnk1d;Phb1;Atp5pd;Fbf1;Kat7;Spop;Fam117a;Spag9;Arhgdia;Phospho1;Cep131;C1qtnf1;Vcf1;Eme1;Cltc;Coil;Ddx42;Socs3;Ube2z;Ftsj3;Actg1;Srp68;Wbp2;Appbp2;Samd14;Tubd1;Tmem100;Mrps7;Galk1;Bahcc1;Med13;Vmp1;Nol11;Mrpl38;Mif4gd;Tsen54;Itgb4;Fam20a;Ccdc47;Mrc2;B3gntl1;Oxld1;Smarcd2;Mtmr4;Cd300lb;Abca6;Tmc6;Ccdc137;Cdc42ep4;Nploc4;Sp2;Cbx1;Sumo2;Jpt1;Tlk2;Tmem94;Rnft1;Polg2;Heatr6;Tnrc6c;Bcas3;Unk;Nfe2l1;Abca8b;Map3k3;Acsf2;Smurf2;Dcxr;Mettl2;Pctp;Psmd12;Syngr2;Tepsin;Prr11;Ska2;Lrrc59;Sstr2;Hexd;Fdxr;Utp18;Fn3krp;Acox1;Slc25a19;Trim65;Nme1;Metrnl;Caskin2;Map2k6;Hgs;Nme2;Mtnap1;Smg8;Lrrc45;Galr2;Taco1;Ogfod3;Slc39a11","56358;108100;12006;72508;18750;217262;76025;15081;117160;68730;237926;67803;21877;16834;445007;208092;72055;72149;110172;21858;68837;209318;12842;74370;217124;53413;19084;19719;268469;70382;208501;11951;57230;27681;20892;20682;68572;78455;21763;56282;21681;20913;170472;20922;66840;14104;71452;11799;432611;217333;70317;217057;74451;27376;68938;70422;108903;14784;77583;19184;50773;67671;217119;71885;72344;66176;94064;104318;18673;71679;217335;217127;20747;215512;70834;192662;237928;12009;56745;28081;268465;67300;12812;72047;12702;268470;56095;11465;217337;22378;66884;217125;56427;67888;50529;14635;268515;327987;75909;68979;60441;69674;76265;192897;208659;67163;17534;210004;66431;83796;170749;217304;76184;217353;67291;56699;217365;78912;12412;170930;15374;24086;71947;76892;50776;217026;217351;192197;217331;18023;27404;26406;264895;66313;67880;52686;18559;66997;20973;78777;270906;66140;98238;20606;238023;14149;217109;238024;11430;67283;338364;18102;210029;140721;26399;15239;18103;276852;74133;217366;14428;70207;66179;69806"
"CRISPR","KO_vs_WT","KEGG","NIKOLSKY_BREAST_CANCER_8Q23_Q24_AMPLICON",-2.99262397487708,-0.754659776401733,3.53470232219665e-27,8.16339501311315e-24,110,83,"Ptp4a3;Ccn4;Has2;Vps28;Arc;Gpaa1;Fbxl6;Sqle;Tbc1d31;Adck5;Ext1;Ndufb9;Scrib;Cyc1;Exosc4;Sntb1;Eif3h;Med30;Ccn3;Oplah;Taf2;Gsdmd;Recql4;Bop1;Rnf139;Nudcd1;Derl1;Tonsl;Phf20l1;Dscc1;Rad21;Mrpl13;Rpl8;Pycr3;Puf60;Slc52a2;Mtbp;Trappc9;Atad2;Lrrc14;Hsf1;1110038F14Rik;Scx;Gfus;Zfp707;Jrk;Grina;Trps1;Nsmce2;9130401M01Rik;Ptk2;Zfp251;Sharpin;Lratd2;Cpsf1;Zfp647;Them6;Arhgap39;Ly6e;Enpp2;Tyw2;Tmem65;Hgh1;Slc45a4;Chrac1;Fam91a1;Zfp41;C030006K11Rik;Plec;Tatdn1;Eny2;Myc;Utp23;Ebag9;Maf1;Zfp623;Ppp1r16a;Eef1d;Trib1;Zftraf1;Mfsd3;Zfp7;St3gal1","19245;22402;15117;66914;11838;14731;30840;20775;210544;268822;14042;66218;105782;66445;109075;20649;68135;69790;18133;75475;319944;69146;79456;12181;75841;67429;67819;72749;239510;72107;19357;68537;26961;66194;67959;52710;105837;76510;70472;223664;15499;117171;20289;22122;69020;16469;66168;83925;68501;75758;14083;71591;106025;399603;94230;239546;223626;223666;17069;18606;68260;74868;59053;106068;93696;210998;22701;223665;18810;69694;223527;17869;78581;55960;68877;78834;73062;66656;211770;54151;69572;223669;20442"
"CRISPR","KO_vs_WT","KEGG","LASTOWSKA_NEUROBLASTOMA_COPY_NUMBER_UP",-2.61044599695339,-0.629761841394596,2.74175270436053e-20,4.2213852471471e-17,163,103,"Baiap2;Mcrip1;Axin2;Rps6kb1;P4hb;Dus1l;Tk1;Ksr1;Nup85;Mrpl10;Slc38a10;Ctc1;Foxk2;Gps1;Acadvl;Med9;Pmp22;Dhrs7b;Gas7;Dph1;Ndufaf8;Atp5mc1;Mrpl58;Epn2;Mrpl12;Trappc1;Ncor1;Eif4a3;Alyref;Supt4a;Anapc11;Mrps23;Ankrd40;Birc5;Timm22;Etv4;Arl16;Ptrh2;Slc25a10;Ints2;Rnf135;Gosr1;Psmc5;Cdc6;Rpl38;Stat3;Nat9;Mrpl27;Sgsh;Phb1;Atp5pd;Ulk2;Atpaf2;Rpl23;Tmem97;Eme1;Ftsj3;Srp68;Tubd1;Ctdnep1;Mrps7;Top2a;Med13;Gjc1;Nol11;Ncbp3;Mrpl38;Wipf2;Khk;Tsen54;Ccdc47;Dcaf7;Pafah1b1;Srr;Ankfy1;Sumo2;Jpt1;Hexim1;Polg2;Pitpna;Heatr6;Pigl;Gosr2;Neurl4;Phf23;Brca1;Smurf2;Ndel1;Sco1;Prr11;Lrrc59;Ube2o;Akap1;Utp18;Map2k4;Slc25a19;Sec14l1;Nme1;Crk;Nme2;Kif18b;Tmem220;Smg8","108100;192173;12006;72508;18453;68730;21877;16706;445007;107732;72055;68964;68837;209318;11370;192191;18858;216820;14457;116905;208501;11951;68572;13855;56282;245828;20185;192170;21681;20922;66156;64656;71452;11799;56322;18612;70317;217057;27376;70422;71956;53334;19184;23834;67671;20848;66176;94064;27029;18673;71679;29869;246782;65019;69071;268465;56095;217337;56427;67181;50529;21973;327987;14615;68979;66874;60441;68524;16548;76265;67163;71833;18472;27364;11736;170930;15374;192231;50776;18738;217026;327942;56494;216860;78246;12189;66313;83431;52892;270906;98238;217342;11640;217109;26398;67283;74136;18102;12928;18103;70218;338369;74133"
"CRISPR","KO_vs_WT","KEGG","LIU_PROSTATE_CANCER_DN",-2.16429737686027,-0.482544777011587,1.13208622019409e-15,1.30727656276912e-12,334,122,"Ank2;Csrp2;Serpinf1;Chst2;Itga8;Unc5b;Mxra7;S100a4;Rhoj;Timp3;Cx3cl1;Epas1;Ncam1;Col1a2;Id4;Plpp3;Mme;Sspn;Tmem35a;Prex2;Fchsd2;Syngr1;Clmp;Epha7;H3f3b;Chn1;Robo1;Lgals1;Cd248;Ddr2;Bend5;Ksr1;Tns1;Arhgef40;Rbp1;Pdgfc;Aebp1;Nbl1;Col16a1;Klhl29;Col6a1;Pdlim4;Aldh2;Timp2;Acaa2;P3h3;Tpst1;Crabp1;Ehd2;Sh3pxd2b;Tgfb1i1;Foxf1;Kitl;Svil;Sparc;Pmp22;Adcy4;Id1;Layn;Penk;Nhsl2;Pik3r1;Rab34;Flrt3;Prss23;Itga1;Tpm1;Msrb3;Gpm6b;Eva1c;Nav2;Fez1;Gypc;Gstm2;Synpo2;Capg;Vamp5;Tgfb3;Chrdl1;Otulin;Mras;Slc14a1;Asb3;Angptl2;Tuba1a;Lama4;C1qtnf1;Col5a1;Adgra2;Akap12;Fgfr1;Per3;Fermt2;Tmem100;Dpt;Tgfb2;Pde4a;Gjc1;Col4a6;Fbxo17;Echdc1;Gstm5;Gata3;Eya4;Fbln5;Inava;Mrc2;Galnt10;Dse;Fhod3;Eef2k;Kank2;Pcdh7;Dennd2b;Adcy9;Ttc28;Lpar1;Laptm4b;Rasl12;Anxa2;Met;Fzd7","109676;13008;20317;54371;241226;107449;67622;20198;80837;21859;20312;13819;17967;12843;15904;67916;17380;16651;67564;109294;207278;20972;71566;13841;15081;108699;19876;16852;70445;18214;67621;16706;21961;268739;19659;54635;11568;17965;107581;208439;12833;30794;11669;21858;52538;14789;22021;12903;259300;268396;21804;15227;17311;225115;20692;18858;104110;15901;244864;18619;100042480;18708;19376;71436;76453;109700;22003;320183;14758;70967;78286;235180;71683;14863;118449;12332;53620;21809;83453;432940;17532;108052;65257;26360;22142;16775;56745;12831;78560;83397;14182;18628;218952;67888;56429;21808;18577;14615;94216;50760;52665;14866;14462;14051;23876;67313;17534;171212;212898;225288;13631;235041;54216;76954;11515;209683;14745;114128;70784;12306;17295;14369"
"CRISPR","KO_vs_WT","KEGG","BOQUEST_STEM_CELL_UP",-2.37938742253669,-0.56598319528739,5.59923046687616e-15,5.17256910530019e-12,180,75,"Ank2;Serpinf1;Itga8;S100a4;Slc2a10;Col1a2;Ltbp2;Mme;Rcn3;Sspn;Gas1;Robo1;Gfpt2;Agl;Timp1;Pid1;Gstm1;Ddr2;Vcan;Aebp1;Emp3;Col16a1;Col6a2;Col6a1;Lif;Serpine2;Angpt1;Mfap2;Islr;Tmed3;Olfml3;Col1a1;Wnt5a;Sdc2;Pcolce;Gas7;9530068E07Rik;Sox9;Igfbp3;Twist1;Scara3;Ptgis;Mgp;Aspa;Slit3;Slc5a3;Fez1;Lox;Chrdl1;Col3a1;Igfbp6;Mxra8;Col5a1;Colec12;Notch2;Slit2;Dpt;Tgfb2;Cdh11;Syne3;Cxcl12;Cd302;Gstm5;Col6a3;Fbln5;Mrc2;Aox1;Crip1;Dse;Ptx3;Thbs2;Tnfaip6;Celf2;Ust;Abca6","109676;20317;241226;20198;170441;12843;16997;17380;52377;16651;14451;19876;14584;77559;21857;98496;14862;18214;13003;11568;13732;107581;12834;12833;16878;20720;11600;17150;26968;66111;99543;12842;22418;15529;18542;14457;213673;20682;16009;22160;219151;19223;17313;11484;20564;53881;235180;16948;83453;12825;16012;74761;12831;140792;18129;20563;56429;21808;12552;212073;20315;66205;14866;12835;23876;17534;11761;12925;212898;19288;21826;21930;14007;338362;76184"
"CRISPR","KO_vs_WT","KEGG","BERENJENO_TRANSFORMED_BY_RHOA_DN",-2.10156413570023,-0.463848779449244,1.26933133630986e-14,9.77173573735873e-12,373,145,"Csrp2;Myo10;Timp3;Cx3cl1;Copz2;Matn2;Id3;Col1a2;Sardh;Id4;Plpp3;Fzd1;Pdgfrb;Ebf1;Bphl;Sspn;Slc25a17;Emb;Pla2g7;Dap;Gas1;Vps28;Ssbp2;Nacc2;Gstm1;Dnm1;Glod4;Sqstm1;Mrtfa;Tcf4;Synpo;Aebp1;Cdk14;Col6a2;Serpine2;Lmo7;Myo1d;Islr;Postn;Atf5;Fkbp10;Tmed3;Ablim1;Hmgcs1;Col1a1;Gaa;Thra;Ndufa6;Foxf1;Ptprm;Marcks;Smad6;Atp6v0a1;Pcolce;Nab2;Il11ra1;Pmp22;Osmr;Pik3r1;Ech1;Ppp3ca;Twist1;Kazald1;Prrx2;Mgp;Maged1;Pnp2;Wdr6;Lox;Tcea3;Kdelr3;Gstm2;Tle5;St13;Oxct1;Cyb5a;Decr1;Il6st;Shc1;Grina;Cyp51;Hebp1;Gas2;Sparcl1;Stat3;Trappc12;Cxxc5;Tmem205;Slc38a2;Cask;Naxe;Ptov1;Lama4;Lss;Snapin;Col5a1;Arsa;Arfgap3;Akap12;Fgfr1;Sec22b;Bhlhe40;Cnpy2;Wls;Gamt;Cnn3;Cxcl12;Pck2;Mvd;Gstm5;Col6a3;Trio;Psap;Mrc2;Ptx3;Thbs2;Maged2;Vkorc1;Cd276;Celf2;Lpin1;Lamtor2;Lpar1;Cpq;St3gal5;Xdh;Sec31a;Ank3;Gstz1;Ssbp4;Pkd2;Fam8a1;Dhcr7;Tmem45a;Tcf7l1;S100a13;Nucb2;Cpt1a;Gpc4;Cav1;Rara;Ndfip1;Sptbn1;Arhgef25;Lima1","13008;17909;21859;20312;56358;17181;15903;12843;192166;15904;67916;14362;18596;13591;68021;16651;20524;13723;27226;223453;14451;66914;66970;67991;14862;13429;67201;18412;223701;21413;104027;11568;18647;12834;20720;380928;338367;26968;50706;107503;14230;66111;226251;208715;12842;14387;21833;67130;15227;19274;17118;17130;11975;18542;17937;16157;18858;18414;18708;51798;19055;22160;107250;20204;17313;94275;667034;83669;16948;21401;105785;14863;14797;70356;67041;109672;67460;16195;20416;66168;13121;15199;14453;13602;20848;217449;67393;235043;67760;12361;246703;84113;16775;16987;20615;12831;11883;66251;83397;14182;20333;20893;56530;68151;14431;71994;20315;74551;192156;14866;12835;223435;19156;17534;19288;21826;80884;27973;102657;14007;14245;83409;14745;54381;20454;22436;69162;11735;14874;76900;18764;97863;13360;56277;21415;20196;53322;12894;14735;12389;19401;65113;20742;52666;65970"
"CRISPR","KO_vs_WT","KEGG","ONDER_CDH1_TARGETS_2_UP",-2.28978249644676,-0.536352747031231,6.19049870677804e-14,4.08484478951539e-11,208,86,"Serpinf1;Cytip;Chst2;Col1a2;Eml1;Ltbp2;Slc7a2;Bgn;Plpp3;Slitrk5;Mme;Mical2;Prkca;Nrep;Enpp1;Has2;Chn1;Pid1;Mmp19;Ddr2;Igfbp4;Arhgef40;Armcx2;Vcan;Col6a2;Col6a1;Dab2;Mfap2;Glrb;Postn;Olfml3;Fzd2;Dock10;Col1a1;Zeb1;Lmcd1;Wnt5a;Zcchc24;Marcks;Sdc2;Pcolce;Serpine1;Sparc;Pmp22;Dock4;Igfbp3;Twist1;Tpm1;Maged1;Nav2;Lox;Gypc;Kdelr3;Sema5a;Sv2a;Col3a1;Enpp2;Col5a1;Fgfr1;Fermt2;Cdh11;Blmh;Klf4;Glrx;Col6a3;Fbln5;Aox1;Enox1;Galnt10;Sned1;Ptx3;Creb3l1;Tnfaip6;Maged2;Ppm1h;Kank2;Srr;Praf2;Lpar1;Mlph;Dnajb4;Cilk1;Jam3;Nrp1;Mitf;Fat4","20317;227929;54371;12843;68519;16997;11988;12111;67916;75409;17380;320878;18750;27528;18605;15117;108699;98496;58223;18214;16010;268739;67416;13003;12834;12833;13132;17150;14658;50706;99543;57265;210293;12842;21417;30937;22418;71918;17118;15529;18542;18787;20692;18858;238130;16009;22160;22003;94275;78286;16948;71683;105785;20356;64051;12825;18606;12831;14182;218952;12552;104184;16600;93692;12835;23876;11761;239188;171212;208777;19288;26427;21930;80884;319468;235041;27364;54637;14745;171531;67035;56542;83964;18186;17342;329628"
"CRISPR","KO_vs_WT","KEGG","GENGQIU_LUAD_CAF_MARKER_GENES",-2.25617934154074,-0.536390304703194,5.52968178112428e-13,3.19270001837663e-10,185,77,"Csrp2;Serpinf1;Ecm1;Tmem98;Timp3;Cyb5r3;Id3;Col1a2;Ltbp2;Id4;Bgn;Pdgfrb;Rcn3;Selenop;Cthrc1;Chn1;P4hb;Timp1;Lgals1;Igfbp4;Tcf4;Rbp1;Vcan;Aebp1;Nbl1;Col6a2;Col6a1;Mfap2;Timp2;Islr;Postn;Pmepa1;Fkbp10;Loxl1;Col1a1;Cavin3;Tgfb1i1;Fstl1;Marcks;Sdc2;Pcolce;Svil;Sparc;Pmp22;Col18a1;Id1;Emilin1;Rab34;Igfbp3;Prss23;Mgp;Tpm1;Msrb3;Serpinh1;Emp2;Itgb5;Ptms;Col3a1;Igfbp6;Myh9;Sparcl1;Tspan4;Uaca;Mmp23;Col11a1;Fam114a1;Mxra8;Lama4;Antxr1;Col5a1;Pls3;Sulf1;Dpt;Cdh11;App;Cnn3;Rgs16","13008;20317;13601;103743;21859;109754;15903;12843;16997;15904;12111;18596;52377;20363;68588;108699;18453;21857;16852;16010;21413;19659;13003;11568;17965;12834;12833;17150;21858;26968;50706;65112;14230;16949;12842;109042;21804;14314;17118;15529;18542;225115;20692;18858;12822;15901;100952;19376;16009;76453;17313;22003;320183;12406;13731;16419;69202;12825;16012;17886;13602;64540;72565;26561;12814;68303;74761;16775;69538;12831;102866;240725;56429;12552;11820;71994;19734"
"CRISPR","KO_vs_WT","KEGG","CUI_TCF21_TARGETS_2_UP",-2.02237216435473,-0.449747172010103,1.36382987472043e-12,6.99947799037075e-10,344,112,"Serpinf1;Ecm1;Fyb1;Matn2;Ncam1;Lhfpl2;Clstn2;Adamts2;Slc7a2;Sox11;Sall2;Ccn4;Rcn3;Ncaph2;Cthrc1;Cyp7b1;Lsp1;Lgals1;Tk1;Cd38;Guk1;Rbp1;Vcan;Kcnt2;Ar;Cbx5;Dcakd;Col6a2;Fndc4;Col6a1;Pdlim4;Sertad4;Mfap2;Glrb;Islr;Vps72;Postn;Fkbp10;Palm;Col1a1;Ednra;Hs6st2;Timeless;Abhd16a;C1qtnf12;B4galt2;Dscc1;Penk;Pycr3;Cenpx;Ipo13;Mgp;Etv5;Spc24;Iqgap3;Slc4a3;Rnf227;Kcnk5;Rfc3;Pimreg;Dipk1b;Tgfb3;Ankrd54;Igdcc4;Asap1;Col3a1;Sumo3;Plch1;Kntc1;Patz1;Tmem97;Arsb;Tgm2;Arhgap39;Lama4;Hmmr;Antxr1;Fcgrt;Xrcc1;Slit2;Cxxc4;Pold2;Skp2;Tgfbi;Dtymk;Galk1;Cenpv;Exosc5;Mcm7;Elp5;Thop1;Nt5dc2;Aldh16a1;Espl1;Rcc2;Echdc2;Fbln5;Timm13;Tead2;Tnfaip6;Syce2;Cd276;Selenoh;Vps37d;Tbrg4;Nr2f2;Apbb1;Selenow;Trappc6a;Zfpm2;Phactr1;Dgcr6","20317;13601;23880;17181;17967;218454;64085;216725;11988;20666;50524;22402;52377;52683;68588;13123;16985;16852;21877;12494;14923;19659;13003;240776;11835;12419;68087;12834;64339;12833;30794;214791;17150;14658;26968;21427;50706;14230;18483;12842;13617;50786;21853;193742;67389;53418;72107;18619;66194;20892;230673;17313;104156;67629;404710;20536;80515;16529;69263;109212;56279;21809;223690;56741;13196;12825;20610;269437;208628;56218;69071;11881;21817;223666;16775;15366;69538;14132;22594;20563;319478;18972;27401;21810;21915;14635;73139;27998;17220;54351;50492;70021;69748;105988;108911;52430;23876;30055;21677;21930;71846;102657;72657;194309;21379;11819;11785;20364;67091;22762;218194;13353"
"CRISPR","KO_vs_WT","KEGG","GAUSSMANN_MLL_AF4_FUSION_TARGETS_F_UP",-2.23363063352618,-0.5452395720986,4.92744595066747e-11,2.06907934964846e-08,147,53,"Auts2;Ecm1;Cx3cl1;Matn2;Ptp4a3;Ltbp2;Adamts2;Slc7a2;Adgrg6;Adgrl3;Mme;Mapk12;Selenop;Prex2;Gas1;Gjb3;Adamtsl4;Fam43a;Synpo;Col6a2;Csad;Col6a1;Dab2;Lmo7;Emilin2;Mfap2;Ahr;Ablim1;Olfml3;Hs6st2;Arhgef3;Osmr;Zfp36l1;Snta1;Scara3;Rrad;Fez1;Lox;Gstm2;Decr1;Tgfb3;Col3a1;Ctsh;Entrep3;Bhlhe22;Arsb;Ly6e;Slc1a3;Osr1;C1qtnf1;Fcgrt;Arfgap3;Pir","319974;13601;20312;17181;19245;16997;216725;11988;215798;319387;17380;29857;20363;109294;14451;14620;229595;224093;104027;12834;246277;12833;13132;380928;246707;17150;11622;226251;99543;50786;71704;18414;12192;20648;219151;56437;235180;16948;14863;67460;21809;12825;13036;68521;59058;11881;17069;20512;23967;56745;14132;66251;69656"
"CRISPR","KO_vs_WT","KEGG","SCHUETZ_BREAST_CANCER_DUCTAL_INVASIVE_UP",-2.05221499732027,-0.471975531842147,4.75242737864923e-11,2.06907934964846e-08,249,96,"Serpinf1;Mxra7;S100a4;Timp3;Copz2;Col1a2;Eml1;Ldb2;Bgn;Pdgfrb;Ccn4;Mme;Mical2;Sspn;Nrep;Gas1;Robo1;Gfpt2;Sgk1;Lgals1;Arhgef40;Tcf4;Vcan;Aebp1;Emp3;Nbl1;Col16a1;Col6a2;Col6a1;Serpine2;Dab2;Mfap2;Islr;Postn;Pmepa1;Loxl1;Olfml3;Fzd2;Col1a1;Ednra;Zeb1;Cavin3;Lmcd1;Tgfb1i1;Fstl1;Ptprm;Sdc2;Sparc;Mef2c;Dpy19l1;Igfbp3;Twist1;Kctd12;Arl4c;Etv5;Lpxn;Serpinh1;Fkbp11;Lox;Slc2a3;Anxa1;Col3a1;Heg1;Sparcl1;Xylt1;Angptl2;Rgcc;Col11a1;Mxra8;Tgm2;Dpyd;Lama4;Adam19;Col5a1;Pls3;Colec12;Sulf1;Fermt2;Dact1;Fbn2;Tgfbi;Cdh11;Il1r1;Smco4;Glrx;Gpx7;Col6a3;Plscr4;Jcad;Mrc2;Evi2a;Dse;Thbs2;Tnfaip6;Celf2;Rcbtb2","20317;67622;20198;21859;56358;12843;68519;16826;12111;18596;22402;17380;320878;16651;27528;14451;19876;14584;20393;16852;268739;21413;13003;11568;13732;17965;107581;12834;12833;20720;13132;17150;26968;50706;65112;16949;99543;57265;12842;13617;21417;109042;30937;21804;14314;19274;15529;20692;17260;244745;16009;22160;239217;320982;104156;107321;12406;66120;16948;20527;16952;12825;77446;13602;233781;26360;66214;12814;74761;21817;99586;16775;11492;12831;102866;140792;240725;218952;59036;14119;21810;12552;16177;170748;93692;67305;12835;235527;240185;17534;14017;212898;21826;21930;14007;105670"
"CRISPR","KO_vs_WT","KEGG","NIKOLSKY_BREAST_CANCER_17Q11_Q21_AMPLICON",-2.35628114268645,-0.63000034502437,2.27604905974411e-10,8.76089217246504e-08,78,43,"Tmem98;Igfbp4;Ccl2;Myo1d;Smarce1;Thra;Stac2;Rab34;Nr1d1;Acaca;Psmd3;Gosr1;Cdc6;Tada2a;Psmb3;Rpl23;Taok1;Cacnb1;Casc3;Ankrd13b;Pcgf2;Med24;Nsrp1;Med1;Supt6;Rpl19;Spag5;Pip4k2b;Top2a;Blmh;Mllt6;Mrpl45;Wipf2;Fbxo47;Dhrs13;Ddx52;Phf12;Fam222b;Erbb2;Msl1;Bltp2;Sdf2;Ormdl3","103743;16010;20296;338367;57376;21833;217154;19376;217166;107476;22123;53334;23834;217031;26446;65019;216965;12295;192160;268445;22658;23989;237859;19014;20926;19921;54141;108083;21973;104184;246198;67036;68524;72973;70451;78394;268448;216971;13866;74026;72503;20316;66612"
"CRISPR","KO_vs_WT","KEGG","CUI_TCF21_TARGETS_UP",-2.42319963232245,-0.834186087040652,6.62225297376448e-10,2.35293742198601e-07,23,14,"Serpinf1;Ncam1;Lhfpl2;Sox11;Cyp7b1;Rbp1;Vcan;Col6a2;Col6a1;Islr;Penk;Igdcc4;Col3a1;Hmmr","20317;17967;218454;20666;13123;19659;13003;12834;12833;26968;18619;56741;12825;15366"
"CRISPR","KO_vs_WT","KEGG","SERVITJA_ISLET_HNF1A_TARGETS_UP",-2.22448443425536,-0.558725900031464,8.64792681398094e-10,2.85319813955557e-07,114,52,"Ass1;Id4;Bgn;Ccn4;Fgf13;Ctsc;Slc6a15;Zfp521;Lgals1;Dnm1;Ccl2;Egr3;Aebp1;Col6a1;Serpine2;Hcn1;Timp2;Postn;Ifitm1;Arhgdib;Oplah;Ntm;Csf1;Plxnd1;Prkg2;Pcolce;Pmp22;Col18a1;Scara3;Grm7;Serpinh1;Gap43;Tnfaip2;Anxa1;Capg;Tgfb3;Col3a1;Nol3;Sparcl1;Tgm2;Notch2;Akap12;Rab38;Dpt;Tgfb2;Cdh11;Galk1;Cxcl12;Blvrb;Rhoc;Thbs2;Mical1","11898;15904;12111;22402;14168;13032;103098;225207;16852;13429;20296;13655;11568;12833;20720;15165;21858;50706;68713;11857;75475;235106;12977;67784;19092;18542;18858;12822;219151;108073;12406;14432;21928;16952;12332;21809;12825;78688;13602;21817;18129;83397;72433;56429;21808;12552;14635;20315;233016;11853;21826;171580"
"CRISPR","KO_vs_WT","KEGG","LIM_MAMMARY_STEM_CELL_UP",-1.8890562157767,-0.420472546974528,1.20898213018693e-09,3.72285897288895e-07,341,103,"Csrp2;Serpinf1;Itm2a;Crlf1;Mxra7;Rhoj;Timp3;Epas1;Matn2;Adamts2;Tenm3;Id4;Plpp3;Sox11;Mme;Mical2;Rcn3;Col23a1;Pla2g7;Has2;Clmp;Arc;Ssbp2;Ttyh2;Pknox2;Lgals1;Gpr176;Pcdh18;Tns1;Igfbp4;Tcf4;Phlda3;Ext1;Vcan;Egr3;Aebp1;Nbl1;Col16a1;Klhl29;Pdlim4;Inka1;Postn;Tpst1;Dock10;Tgfb1i1;C1qtnf12;Pcolce;Efnb1;Bmal1;Col18a1;Stac2;Mef2c;Rab34;Igfbp3;Cygb;Rflnb;Itga1;Stxbp4;Msrb3;Slit3;Serpinh1;Cpne8;Fez1;Slc4a3;Slc2a3;Gypc;Evc;Sema5a;Il6st;Igfbp6;Slc27a3;Spred1;Yaf2;Heg1;Elovl4;Angptl2;Dlk2;Slc1a3;Enpp2;Osr1;Antxr1;Col5a1;Pls3;Adgra2;Chst7;Slit2;Sulf1;Fermt2;Gjc1;Csdc2;Elp5;Fgfrl1;Lrch2;Pcdhgc3;Cnp;Myc;Itgb4;Clip3;Tshz3;Fhod3;Bag3;Dchs1;Sec24d","13008;20317;16431;12931;67622;80837;21859;13819;17181;216725;23965;15904;67916;20666;17380;320878;52377;237759;27226;15117;71566;11838;66970;117160;208076;16852;381413;73173;21961;16010;21413;27280;14042;13003;13655;11568;17965;107581;208439;30794;68176;50706;22021;210293;21804;67389;18542;13641;11865;12822;217154;17260;19376;16009;114886;76566;109700;20913;320183;20564;12406;66871;235180;20536;20527;71683;59056;20356;16195;16012;26568;114715;67057;77446;83603;26360;106565;20512;18606;23967;69538;12831;102866;78560;60322;20563;240725;218952;14615;105859;54351;116701;210297;93706;12799;17869;192897;76686;243931;225288;29810;233651;69608"
"CRISPR","KO_vs_WT","KEGG","REN_ALVEOLAR_RHABDOMYOSARCOMA_DN",-1.82261032409555,-0.401312761898463,1.6630582329748e-09,4.80104123631913e-07,394,143,"Ecm1;Mxra7;Epas1;Copz2;Id3;Adamts2;Rab32;Plpp3;Fzd1;Pdgfrb;Rcn3;Edil3;Prkca;P4hb;Timp1;Gpr176;Cd248;Osbpl3;Ext1;Vcan;Pdgfc;Col6a2;Col6a1;Serpine2;Dab2;Timp2;Fkbp10;Loxl1;Acadvl;Tmed3;P3h3;Tpst1;Atox1;Fzd2;Col1a1;Arsj;Bace1;Tgfb1i1;Fstl1;Abhd5;Endod1;Pcolce;Rai14;Osmr;Igfbp3;Twist1;Scara3;Sec24a;Prrx2;Arl4c;Pdlim5;Rab5c;Fkbp11;Fez1;Rhbdf1;Lox;Cd81;Kdelr3;Anxa1;Capg;Rab1a;Asap1;Ell2;Igfbp6;Dok1;Myh9;Gfpt1;Xylt1;Tspan4;Cltb;Nqo1;Spag9;Arhgdia;Stk39;Lama4;Ly6e;Slc25a32;Col5a1;Pls3;Arf1;Plscr3;Tspo;Tgfbi;Wls;Slc25a1;Prr13;Irak1;Reep5;Ykt6;Glrx;Pdxk;Fbln5;Atp10a;Mrc2;Rhoc;Ndst1;Ptx3;Creb3l1;Thbs2;Tmem184b;Bag3;Vkorc1;Cttn;Sec24d;Fgf2;Pgrmc1;Itga5;Praf2;Ccnd1;Lpar1;Cemip;Sh3bgrl3;Fxyd5;Pitpna;Anxa2;Myo1b;Slc35a2;Nrp1;Actn1;Cavin1;Pkd2;Ebp;Ftsj1;Tmem45a;S100a13;Yipf5;Smurf2;Dram1;Ndel1;Nucb2;Actn4;Cav1;Ammecr1;Ap2s1;Lrrc59;Lima1;Ppic;Elk3;Sqor;Calu;Ift20;Fn1;Actr2","13601;67622;13819;56358;15903;216725;67844;67916;14362;18596;52377;13612;18750;18453;21857;381413;70445;71720;14042;13003;54635;12834;12833;20720;13132;21858;14230;16949;11370;66111;14789;22021;11927;57265;12842;271970;23821;21804;14314;67469;71946;18542;75646;18414;16009;22160;219151;77371;20204;320982;56376;19345;66120;235180;13650;16948;12520;105785;16952;12332;19324;13196;192657;16012;13448;17886;14583;233781;64540;74325;18104;70834;192662;53416;16775;17069;69906;12831;102866;11840;70310;12257;21810;68151;13358;66151;16179;13476;56418;93692;216134;23876;11982;17534;11853;15531;19288;26427;21826;223693;29810;27973;13043;69608;14173;53328;16402;54637;12443;14745;80982;73723;18301;18738;12306;17912;22232;18186;109711;19285;18764;13595;54632;56277;20196;67180;66313;71712;83431;53322;60595;12389;56068;232910;98238;65970;19038;13713;59010;12321;55978;14268;66713"
"CRISPR","KO_vs_WT","KEGG","SCHAEFFER_PROSTATE_DEVELOPMENT_48HR_DN",-1.93598214560274,-0.443022982018782,2.45098102834816e-09,6.65945962937655e-07,262,92,"Gria1;Serpinf1;Rhoj;Lhpp;Matn2;Id4;Ldb2;Pdgfrb;Adgrl3;Robo2;Edil3;Eya2;Enpp1;Gas1;Epha7;Klf10;Zfp521;Cd248;Pcdh18;Ddr2;Igfbp4;Arhgap42;Tcf4;Armcx2;Ar;Dab2;Mfap2;Kif26b;Pmepa1;Loxl1;Ahr;Crabp1;P4ha2;Ednra;Zeb1;Sh3pxd2b;Tgfb1i1;Sdc2;Enpp3;Zfp36l1;Pde1b;Arl4c;Fnbp1l;Wasf1;Gpm6b;Elovl6;Lhfpl3;Scx;Gypc;Mcur1;Synpo2;Oxct1;Tgfb3;Tril;Igdcc4;Camkk2;Nedd9;Zswim6;Slc14a1;Sparcl1;Elac2;Slc1a3;Antxr1;Smad5;Slit2;Sulf1;Lrfn5;Tgfbi;Pip4k2b;Larp1;Srebf1;Il1r1;Fibin;Negr1;Atp2b1;Bcat1;Def6;Camkv;Slc1a4;Lmna;Aqp1;Irf1;Laptm4b;Phactr1;Sh3kbp1;Ctps2;Pkd2;Fam8a1;St3gal4;Ptchd4;Pcdh19;Adgrb2","14799;20317;80837;76429;17181;15904;16826;18596;319387;268902;13612;14049;18605;14451;13841;21847;225207;70445;73173;18214;16010;71544;21413;67416;11835;13132;17150;269152;65112;16949;11622;12903;18452;13617;21417;268396;21804;15529;209558;12192;18574;320982;214459;83767;14758;170439;269629;20289;71683;76137;118449;67041;21809;66873;56741;207565;18003;67263;108052;13602;68626;20512;69538;17129;20563;240725;238205;21810;108083;73158;20787;16177;67606;320840;67972;12035;23853;235604;55963;16905;11826;16362;114128;218194;58194;55936;18764;97863;20443;627626;279653;230775"
"CRISPR","KO_vs_WT","KEGG","PICCALUGA_ANGIOIMMUNOBLASTIC_LYMPHOMA_UP",-2.11112849240394,-0.516628607968103,9.54162492569413e-09,2.44848697398784e-06,144,51,"Ank2;Csrp2;Col1a2;Plpp3;Ccn4;Cthrc1;Ctsc;Clmp;Gprc5b;Ddr2;Tns1;Arhgap42;Ccl2;Col6a1;Dab2;Loxl1;Atox1;Col1a1;Gask1b;Fstl1;Marcks;Pcolce;Rai14;Sparc;Pmp22;Dhrs7b;Emilin1;Osmr;Dock4;Kctd12;S1pr3;Pdlim5;Tpm1;Serpinh1;Trim47;Mmp9;Col3a1;Spred1;Rspo3;Sparcl1;Fam114a1;Lama4;Slc1a3;Enpp2;Antxr1;Sulf1;Fermt2;Wls;Cdh11;Cxcl12;Gjc1","109676;13008;12843;67916;22402;68588;13032;71566;64297;18214;21961;71544;20296;12833;13132;16949;11927;12842;68659;14314;17118;18542;75646;20692;18858;216820;100952;18414;238130;239217;13610;56376;22003;12406;217333;17395;12825;114715;72780;13602;68303;16775;20512;18606;69538;240725;218952;68151;12552;20315;14615"
"CRISPR","KO_vs_WT","KEGG","REACTOME_EXTRACELLULAR_MATRIX_ORGANIZATION",-1.97877693788172,-0.464875950793502,1.01794001975571e-08,2.47466576381664e-06,202,75,"Itga8;Ncam1;Col1a2;P4ha3;Itgb8;Ltbp2;Adamts2;Bgn;Ceacam1;Col23a1;Sspn;Prkca;P4hb;Timp1;Mmp19;Ddr2;Loxl3;Vcan;Col16a1;Col6a2;Col6a1;Emilin2;Mfap2;Timp2;Sntb1;Loxl1;P3h3;Col1a1;P4ha2;Spp1;Sdc2;Pcolce;Serpine1;Sparc;Col18a1;Emilin1;Ltbp3;Snta1;Itga1;Serpinh1;Itgb5;Lox;Mmp9;Col25a1;Tgfb3;Col3a1;Cask;Col11a1;Capns1;Lama4;Adam19;Col5a1;Actg1;Tgfb2;Fbn2;App;Adam15;Plec;Col4a6;Col6a3;Adamts14;Itgb4;Fbln5;Fgf2;Mfap3;Itga5;Adam8;Ddr1;Crtap;Col28a1;Jam3;Actn1;Col12a1;Itga11;Itga2","241226;17967;12843;320452;320910;16997;216725;12111;26365;237759;16651;18750;18453;21857;58223;18214;16950;13003;107581;12834;12833;246707;17150;21858;20649;16949;14789;12842;18452;20750;15529;18542;18787;20692;12822;100952;16998;20648;109700;12406;16419;16948;17395;77018;21809;12825;12361;12814;12336;16775;11492;12831;11465;21808;14119;11820;11490;18810;94216;12835;237360;192897;23876;14173;216760;16402;11501;12305;56693;213945;83964;109711;12816;319480;16398"
"CRISPR","KO_vs_WT","KEGG","DURAND_STROMA_S_UP",-1.93597415167555,-0.445566187247792,2.61767862875568e-08,6.04552879311124e-06,244,87,"Serpinf1;Chst2;Itm2a;Fyb1;Matn2;Ncam1;Col1a2;Ltbp2;Adamts12;Adamts2;Adgrl2;Plpp3;Nes;Lgalsl;Fzd1;Pdgfrb;Selenop;Emb;Arc;S1pr1;Jup;Cd248;Tmem117;Galnt13;Ccl7;Col6a2;Pdlim4;Myo1d;Postn;Loxl1;Ahr;Morc4;Crabp1;Btbd2;Fam110b;Col1a1;Spp1;Slc39a8;Pmvk;St6gal1;Kitl;Plxnd1;Marcks;Gnao1;Pmp22;Rorb;Sox5;Osmr;Pde1b;Lpar4;Adcy3;Tvp23a;Inf2;Rtn4rl1;Sulf2;Hykk;Col3a1;Ell2;Slc27a3;Cdyl2;Gas2;Angptl4;Ctsh;Mmp23;Phospho1;Slc1a3;Adam19;Akap6;Tram1l1;Pbxip1;Tgfbi;Mid2;Wnt10b;Il1r1;Cxcl12;Scn1b;Col4a6;Glrx;Cdk18;Gata3;Eya4;Fam20a;Atp10a;Ptx3;Creb3l1;B4galnt1;Maged2","20317;54371;16431;23880;17181;17967;12843;16997;239337;216725;99633;67916;18008;216551;14362;18596;20363;13723;11838;13609;16480;70445;320709;271786;20306;12834;30794;338367;50706;16949;11622;75746;12903;208198;242297;12842;20750;67547;68603;20440;17311;67784;17118;14681;18858;225998;20678;18414;18574;78134;104111;383103;70435;237847;72043;235386;12825;192657;26568;75796;14453;57875;13036;26561;237928;20512;11492;238161;229801;229534;21810;23947;22410;16177;20315;20266;94216;93692;18557;14462;14051;208659;11982;19288;26427;14421;80884"
"CRISPR","KO_vs_WT","KEGG","NABA_CORE_MATRISOME",-2.10756303839269,-0.521637997520287,2.97937460904275e-08,6.55320539008021e-06,130,54,"Ecm1;Matn2;Col1a2;Ltbp2;Bgn;Ccn4;Col23a1;Edil3;Cthrc1;Igfbp4;Creld2;Vcan;Aebp1;Col16a1;Col6a2;Col6a1;Emilin2;Mfap2;Postn;Ccn3;Col1a1;Spp1;Pcolce;Sparc;Col18a1;Emilin1;Podnl1;Ltbp3;Igfbp3;Mgp;Slit3;Col25a1;Col3a1;Igfbp6;Rspo3;Sparcl1;Col11a1;Ntn3;Lama4;Hmcn1;Col5a1;Slit2;Dpt;Fbn2;Tgfbi;Col4a6;Thsd4;Thbs3;Col6a3;Fbln5;Sned1;Thbs2;Tnfaip6;Mfap3","13601;17181;12843;16997;12111;22402;237759;13612;68588;16010;76737;13003;11568;107581;12834;12833;246707;17150;50706;18133;12842;20750;18542;20692;12822;100952;244550;16998;16009;17313;20564;77018;12825;16012;72780;13602;12814;18209;16775;545370;12831;20563;56429;14119;21810;94216;207596;21827;12835;23876;208777;21826;21930;216760"
"CRISPR","KO_vs_WT","KEGG","AGUIRRE_PANCREATIC_CANCER_COPY_NUMBER_UP",-1.91298559854233,-0.43796662773577,3.75522871052042e-08,7.88427336995174e-06,259,115,"G6pc3;Rcn3;Has2;Vps28;Gpaa1;Rsad1;Tbc1d31;Scrib;Slc35b1;Coa3;Cyc1;Psmc3ip;Exosc4;Acly;Oplah;Smarce1;Nsf;Taf2;Gsdmd;Ehd2;Micall2;Rnf139;Atp6v0a1;Derl1;Zfp652;Dgat1;Pon3;Id1;Dock4;Ttf2;Mrpl13;Atp5mc1;Snf8;Slc52a2;Stat5b;Rab5c;Ankrd40;Gfus;Retreg3;Smurf1;Ap4s1;Ptk2;Becn1;Xylt2;Phb1;Sharpin;Kdelr1;Cpsf1;Kat7;Spop;Them6;Nmt1;Fam117a;Spag9;Cdc27;Hgh1;Adgra2;Mad1l1;Ube2z;Mrps12;Sars2;Pon2;Nosip;Cdkn2a;Fbxo17;Napa;Myc;Psme3;Gys1;Tsen34;Cbx1;Zfp623;Tmem94;Eif3k;Mtap;Bax;Zftraf1;Sdha;Zbtb1;Acsf2;Lig1;Nkiras2;Pctp;Ap2s1;Snrnp70;Arpc1a;Zfp580;Lrrc59;Utp18;Plod3;Rpl27;Mpp2;Nme1;Caskin2;Ruvbl2;Zfp146;Nme2;Zc3h3;Nubpl;Exoc3;Gper1;Dbp;Prmt1;Cox11;Npepps;Crcp;Tpm2;Cnot3;Fis1;Hnrnpl;Washc5;Dld;Mlx;Scfd1;Gpatch8","68401;52377;15117;66914;14731;237926;210544;105782;110172;52469;66445;19183;109075;104112;75475;57376;18195;319944;69146;259300;231830;75841;11975;67819;268469;13350;269823;15901;238130;74044;68537;11951;27681;52710;20851;19345;71452;22122;67998;75788;11782;14083;56208;217119;18673;106025;68137;94230;217127;20747;223626;18107;215512;70834;217232;59053;78560;17120;268470;24030;71984;330260;66394;12578;50760;108124;17869;19192;14936;66078;12412;78834;71947;73830;66902;12028;54151;66945;268564;264895;16881;71966;18559;232910;20637;56443;68992;98238;217109;26433;19942;50997;18102;140721;20174;26465;18103;223642;76826;211446;76854;13170;15469;69802;19155;12909;22004;232791;66437;15388;223593;13382;21428;76983;237943"
"CRISPR","KO_vs_WT","KEGG","DAVICIONI_MOLECULAR_ARMS_VS_ERMS_DN",-2.03562528104571,-0.498652755944218,4.64312040731248e-08,9.32459702668537e-06,146,68,"Itm2a;Rab32;Plpp3;Gpaa1;Lhx6;Cd248;Arhgef40;Ext1;Emp3;Mfap2;Dennd2a;Islr;Exosc4;P3h3;Olfml3;Psd3;Fam110b;Adgre5;Oplah;Bop1;Pmp22;Emilin1;P3h4;Slc52a2;Trib2;Scara3;Kctd12;Kazald1;Trappc9;Serpinh1;Fkbp11;Rhbdf1;Gstm2;Ephb3;Gfus;Tril;Dok1;Trps1;Gas2;Ctdspl;Ly6e;Slc1a3;Adgra2;Colec12;Fbn2;Wls;Smco4;Tssc4;Creb3l1;Obsl1;Pgrmc1;Cdc42ep4;Ccnd1;Lpar1;Crtap;Fzd7;Rhog;Erbb2;Fat4;Tmem45a;Gpc4;Adgrl1;Rgs10;Sdc1;Ltbp4;Col5a2;Tsku;Sema3b","16431;67844;67916;14731;16874;70445;268739;14042;13732;17150;209773;26968;109075;14789;99543;234353;242297;26364;75475;12181;18858;100952;66180;52710;217410;219151;239217;107250;76510;12406;66120;13650;14863;13845;22122;66873;13448;83925;14453;69274;17069;20512;78560;140792;14119;68151;170748;56844;26427;98733;53328;56699;12443;14745;56693;14369;56212;13866;329628;56277;14735;330814;67865;20969;108075;12832;244152;20347"
"CRISPR","KO_vs_WT","KEGG","KIM_GLIS2_TARGETS_UP",-2.25023802558745,-0.63031018114919,8.13095155731952e-08,1.56486938513579e-05,58,24,"S100a4;Cx3cl1;Matn2;Col1a2;Ltbp2;Adamts2;Lsp1;Ccl2;Mfap2;Postn;Col1a1;Serpine1;Sparc;Col18a1;Osmr;Mgp;Col3a1;Sparcl1;Tsc22d1;Angptl4;Socs3;Dpt;Tgfbi;Cxcl12","20198;20312;17181;12843;16997;216725;16985;20296;17150;50706;12842;18787;20692;12822;18414;17313;12825;13602;21807;57875;12702;56429;21810;20315"
"CRISPR","KO_vs_WT","KEGG","BROWNE_HCMV_INFECTION_48HR_DN",-1.76604646835376,-0.393433615510068,9.74407047494638e-08,1.75178797094728e-05,346,108,"Csrp2;Epas1;Matn2;Ltbp2;Adamts2;Tbc1d9b;Ceacam1;Mical2;Sspn;Fgf13;Selenop;Enpp1;Mtmr11;Has2;Ddr2;Igfbp4;Ptgir;Emp3;Ar;Col16a1;Col6a2;Ank1;Col6a1;Lmo7;Postn;Map2;Acadvl;Btbd2;Fzd2;Pdia5;Spp1;Ndufa6;Tgfb1i1;Sdc2;Rai14;Osmr;Prkaa1;Igfbp3;Ppp6r2;Bche;Hspb6;Serpinh1;Lox;Bckdk;Cby1;Mapk11;Tbcd;Igfbp6;Dok1;Arhgap6;Xylt1;Olfml2a;Cpsf1;Rpl23;Col11a1;Pcsk7;Capns1;Pemt;Ly6e;Enpp2;Frmpd4;Pcgf2;Fgfr1;Socs3;Pir;Sulf1;Bscl2;Actg1;Samd14;Sri;Mpg;Tgfbi;Gamt;Cxcl12;Gjc1;Lyrm9;Atp2c1;Reep5;Mvd;Thbs3;Trio;Rnf10;Jcad;Fbln5;Hyal1;Aox1;Sned1;Thbs2;Celf2;Lpin1;Abca6;Dennd2b;Zhx3;Praf2;Ccnd1;Limk2;Mta1;Trappc6a;Tcf3;Dgcr6;Nit1;Anxa2;Tspan31;Erbb2;Cavin1;Tdrd3;Pbx1;S100a13","13008;13819;17181;16997;216725;76795;26365;320878;16651;14168;20363;18605;194126;15117;18214;16010;19222;13732;11835;107581;12834;11733;12833;380928;50706;17756;11370;208198;57265;72599;20750;67130;21804;15529;75646;18414;105787;16009;71474;12038;243912;12406;16948;12041;73739;19094;108903;16012;13448;11856;233781;241327;94230;65019;12814;18554;12336;18618;17069;18606;333605;22658;14182;12702;69656;240725;14705;11465;217125;109552;268395;21810;14431;20315;14615;66274;235574;13476;192156;21827;223435;50849;240185;23876;15586;11761;208777;21826;14007;14245;76184;76954;320799;54637;12443;16886;116870;67091;21423;13353;27045;12306;67125;13866;19285;219249;18514;20196"
"CRISPR","KO_vs_WT","Reactome","REACTOME_EXTRACELLULAR_MATRIX_ORGANIZATION",-1.97856356997997,-0.478348906221841,1.21433384902649e-07,8.22104015790931e-05,166,64,"Itga8;Col1a2;Itgb8;Ltbp2;Adamts2;Bgn;Ceacam1;Col23a1;Sspn;P4hb;Timp1;Mmp19;Ddr2;Loxl3;Vcan;Col16a1;Col6a2;Col6a1;Emilin2;Mfap2;Timp2;Sntb1;Loxl1;P3h3;Spp1;Sdc2;Pcolce;Serpine1;Col18a1;Emilin1;Ltbp3;Snta1;Itga1;Serpinh1;Lox;Mmp9;Col25a1;Tgfb3;Col3a1;Col11a1;Capns1;Lama4;Adam19;Col5a1;Actg1;Tgfb2;Fbn2;App;Adam15;Col4a6;Col6a3;Adamts14;Itgb4;Fbln5;Fgf2;Itga5;Adam8;Ddr1;Crtap;Col28a1;Jam3;Col12a1;Itga11;Itga2","241226;12843;320910;16997;216725;12111;26365;237759;16651;18453;21857;58223;18214;16950;13003;107581;12834;12833;246707;17150;21858;20649;16949;14789;20750;15529;18542;18787;12822;100952;16998;20648;109700;12406;16948;17395;77018;21809;12825;12814;12336;16775;11492;12831;11465;21808;14119;11820;11490;94216;12835;237360;192897;23876;14173;16402;11501;12305;56693;213945;83964;12816;319480;16398"
"CRISPR","KO_vs_WT","Reactome","REACTOME_COLLAGEN_BIOSYNTHESIS_AND_MODIFYING_ENZYMES",-2.16163317954083,-0.648269674427822,7.4818845845188e-06,0.00253261793185961,41,24,"Col1a2;Adamts2;Col23a1;P4hb;Col16a1;Col6a2;Col6a1;P3h3;Pcolce;Col18a1;Serpinh1;Col25a1;Col3a1;Col11a1;Col5a1;Col4a6;Col6a3;Adamts14;Crtap;Col28a1;Col12a1;Pcolce2;Plod3;Col5a2","12843;216725;237759;18453;107581;12834;12833;14789;18542;12822;12406;77018;12825;12814;12831;94216;12835;237360;56693;213945;12816;76477;26433;12832"
"CRISPR","KO_vs_WT","Reactome","REACTOME_COLLAGEN_FORMATION",-2.01087048904685,-0.576928202972847,3.2889344345785e-05,0.00742202870736548,52,29,"Col1a2;Adamts2;Col23a1;P4hb;Loxl3;Col16a1;Col6a2;Col6a1;Loxl1;P3h3;Pcolce;Col18a1;Serpinh1;Lox;Mmp9;Col25a1;Col3a1;Col11a1;Col5a1;Col4a6;Col6a3;Adamts14;Crtap;Col28a1;Col12a1;Pcolce2;Plod3;Ctsl;Col5a2","12843;216725;237759;18453;16950;107581;12834;12833;16949;14789;18542;12822;12406;16948;17395;77018;12825;12814;12831;94216;12835;237360;56693;213945;12816;76477;26433;13039;12832"
"CRISPR","KO_vs_WT","Reactome","REACTOME_GLYCOSAMINOGLYCAN_METABOLISM",-1.76756619328233,-0.462622567804171,0.000114171742319389,0.0193235673875566,94,42,"Chst2;Bgn;Ndst3;Chst11;Has2;Ext1;Vcan;Hs6st2;B4galt2;Sdc2;Hs2st1;Chst15;Xylt2;Xylt1;Sgsh;St3gal3;Arsb;Hmmr;Chst7;Slc35b2;Chsy1;Hs3st1;Hyal1;Extl3;Ndst1;Dse;Ust;Slc26a11;Cemip;B4galt6;Galns;St3gal4;Pxylp1;St3gal1;Gpc4;Gpc1;Cspg4;Hpse;Sdc1;Extl2;Ctsl;Gusb","54371;12111;83398;58250;15117;14042;13003;50786;53418;15529;23908;77590;217119;233781;27029;20441;11881;15366;60322;73836;269941;15476;15586;54616;15531;212898;338362;268512;80982;56386;50917;20443;235534;20442;14735;14733;121021;15442;20969;58193;13039;110006"
"CRISPR","KO_vs_WT","Reactome","REACTOME_TRANSPORT_TO_THE_GOLGI_AND_SUBSEQUENT_MODIFICATION",-1.69217896680653,-0.412599495616674,0.000210667843504426,0.0285244260104993,150,50,"Gria1;Copz2;Sec16b;Mgat3;Ctsc;Cog1;Chst10;Ank1;Copz1;Tubb2b;Tmed3;Tubb2a;Nsf;St6gal1;Ankrd28;B4galt2;Trappc9;Sec24a;Trappc1;Kdelr3;Arf3;Rab1a;Lman2l;Gosr1;Csnk1d;Tuba1a;Kdelr1;Arf1;Arfgap3;Cog7;Dctn5;Man2a2;Ykt6;Kdelr2;Napa;Sar1b;Gorasp1;Sec24d;Man1a2;Trappc6a;Mgat4b;Sec31a;B4galt6;Gosr2;St3gal4;Trappc10;Preb;Tuba8;Copb1;Sptbn1","14799;56358;89867;17309;13032;16834;98388;11733;56447;73710;66111;22151;18195;20440;105522;53418;76510;77371;245828;105785;11842;19324;214895;53334;104318;22142;68137;11840;66251;233824;59288;140481;56418;66913;108124;66397;74498;69608;17156;67091;103534;69162;56386;56494;20443;216131;50907;53857;70349;20742"
"CRISPR","KO_vs_WT","Reactome","REACTOME_COLLAGEN_CHAIN_TRIMERIZATION",-1.93022108957978,-0.682531930120036,0.000278445327558101,0.0314179144594724,20,12,"Col23a1;Col16a1;Col6a2;Col6a1;Col18a1;Col25a1;Col3a1;Col11a1;Col5a1;Col6a3;Col28a1;Col12a1","237759;107581;12834;12833;12822;77018;12825;12814;12831;12835;213945;12816"
"CRISPR","KO_vs_WT","Reactome","REACTOME_ASPARAGINE_N_LINKED_GLYCOSYLATION",-1.59337704495391,-0.367770241680221,0.000396697175589108,0.0335704984842283,222,84,"Gria1;Copz2;Sec16b;Mgat3;Ctsc;Gfpt2;Cog1;Chst10;Mpdu1;Ank1;Copz1;Tubb2b;Tmed3;Tubb2a;Nsf;St6gal1;Ankrd28;B4galt2;Derl1;Alg12;Trappc9;Sec24a;Trappc1;Kdelr3;Arf3;Gfus;Rab1a;Lman2l;Gosr1;Gfpt1;Canx;Csnk1d;Tuba1a;St3gal3;Kdelr1;Dpagt1;Alg9;Arf1;Arfgap3;Cog7;Dctn5;Ubb;Mvd;Man2a2;Ykt6;Kdelr2;Napa;Sar1b;Gorasp1;Sec24d;Pmm1;St3gal5;Man1a2;Trappc6a;Mgat4b;Sec31a;B4galt6;Gosr2;Fpgt;St3gal4;St3gal1;Trappc10;Preb;Tuba8;Copb1;Sptbn1;Npl;F8;Lman2;Dpm3;Gne;Alg3;Copb2;Sec22a;Dctn2;Tmed10;St6galnac2;Gmppa;St6galnac6;Alg8;Tuba1b;Copa;Arcn1;Trappc6b","14799;56358;89867;17309;13032;14584;16834;98388;24070;11733;56447;73710;66111;22151;18195;20440;105522;53418;67819;223774;76510;77371;245828;105785;11842;22122;19324;214895;53334;14583;12330;104318;22142;20441;68137;13478;102580;11840;66251;233824;59288;22187;192156;140481;56418;66913;108124;66397;74498;69608;29858;20454;17156;67091;103534;69162;56386;56494;75540;20443;20442;216131;50907;53857;70349;20742;74091;14069;66890;68563;50798;208624;50797;317717;69654;68581;20446;69080;50935;381903;22143;12847;213827;78232"
"CRISPR","KO_vs_WT","Reactome","REACTOME_CHOLESTEROL_BIOSYNTHESIS",-1.92573403130478,-0.643467510412757,0.000381422600451246,0.0335704984842283,26,18,"Srebf2;Sqle;Fdft1;Nsdhl;Hmgcs1;Fdps;Pmvk;Mvk;Cyp51;Acat2;Lss;Srebf1;Mvd;Sc5d;Hsd17b7;Hmgcr;Ebp;Dhcr7","20788;20775;14137;18194;208715;110196;68603;17855;13121;110460;16987;20787;192156;235293;15490;15357;13595;13360"
"CRISPR","KO_vs_WT","Reactome","REACTOME_BIOLOGICAL_OXIDATIONS",-1.73634373345597,-0.461240379706582,0.000505469448602517,0.0380225351893227,87,35,"Cyp2j6;Cyb5r3;Adh7;Bphl;Cyp7b1;Gstm1;Cyp2d22;Ugt1a7c;Aldh2;Ahr;Tpst1;Oplah;Gstm7;Arnt2;Ggct;Ptgis;Gstm2;Acy3;Gstm4;Cyp51;Mgst2;Cyp2s1;Gstm5;Gstz1;Mtrr;Rxra;Mgst1;Fdxr;Gss;Akr7a5;Akr1a1;Adh5;Ggt7;Gclc;Ugp2","13110;109754;11529;68021;13123;14862;56448;394432;11669;11622;22021;75475;68312;11864;110175;19223;14863;71670;14865;13121;211666;74134;14866;14874;210009;20181;56615;14149;14854;110198;58810;11532;207182;14629;216558"
"CRISPR","KO_vs_WT","Reactome","REACTOME_ER_TO_GOLGI_ANTEROGRADE_TRANSPORT",-1.65685566649285,-0.412838219849623,0.000610177997633553,0.0413090504397916,128,51,"Gria1;Copz2;Sec16b;Ctsc;Cog1;Ank1;Copz1;Tubb2b;Tmed3;Tubb2a;Nsf;Ankrd28;Trappc9;Sec24a;Trappc1;Kdelr3;Arf3;Rab1a;Lman2l;Gosr1;Csnk1d;Tuba1a;Kdelr1;Arf1;Arfgap3;Cog7;Dctn5;Ykt6;Kdelr2;Napa;Sar1b;Gorasp1;Sec24d;Trappc6a;Sec31a;Gosr2;Trappc10;Preb;Tuba8;Copb1;Sptbn1;F8;Lman2;Copb2;Sec22a;Dctn2;Tmed10;Tuba1b;Copa;Arcn1;Trappc6b","14799;56358;89867;13032;16834;11733;56447;73710;66111;22151;18195;105522;76510;77371;245828;105785;11842;19324;214895;53334;104318;22142;68137;11840;66251;233824;59288;56418;66913;108124;66397;74498;69608;67091;69162;56494;216131;50907;53857;70349;20742;14069;66890;50797;317717;69654;68581;22143;12847;213827;78232"
"CRISPR","KO_vs_WT","Reactome","REACTOME_METABOLISM_OF_CARBOHYDRATES_AND_CARBOHYDRATE_DERIVATIVES",-1.56126076284618,-0.36537965788457,0.00099535559706516,0.0612596126557376,203,66,"Chst2;Bgn;Ndst3;Eno3;G6pc3;Chst11;Aaas;Has2;Agl;Nup85;Ext1;Vcan;Gaa;Hs6st2;Nup155;B3galt1;B4galt2;Sdc2;Hs2st1;Gnpda2;Calm3;Chst15;Pfkm;Xylt2;Xylt1;Sgsh;St3gal3;Ndc1;Akr1e1;Arsb;Hmmr;Chst7;Slc35b2;Chsy1;Hs3st1;Galk1;Nup107;Pck2;Nup50;Khk;Hyal1;Taldo1;Extl3;Ndst1;Dse;G6pdx;Gys1;Ust;Slc26a11;Cemip;B4galt6;Galns;St3gal4;Pxylp1;Nup42;St3gal1;Dcxr;Gpc4;Gpc1;Cspg4;Hpse;Man2c1;Sdc1;Extl2;Ctsl;Gusb","54371;12111;83398;13808;68401;58250;223921;15117;77559;445007;14042;13003;14387;50786;170762;26877;53418;15529;23908;67980;12315;77590;18642;217119;233781;27029;20441;72787;56043;11881;15366;60322;73836;269941;15476;14635;103468;74551;18141;16548;15586;21351;54616;15531;212898;14381;14936;338362;268512;80982;56386;50917;20443;235534;231042;20442;67880;14735;14733;121021;15442;73744;20969;58193;13039;110006"
"CRISPR","KO_vs_WT","Reactome","REACTOME_MITF_M_REGULATED_MELANOCYTE_DEVELOPMENT",-1.79939579083426,-0.541947077981098,0.00135917821410205,0.0766803042455909,40,20,"Lef1;Tcf7;Tbx3;Ctnnb1;Csf1;Kitl;Mapk3;Hint1;Ep300;Mlph;Iars1;Mitf;Aimp1;Tcf7l1;Sytl2;Rars1;Mars1;Gsk3b;Sin3a;Aimp2","16842;21414;21386;12387;12977;17311;26417;15254;328572;171531;105148;17342;13722;21415;83671;104458;216443;56637;20466;231872"
