"experiment","ensembl_gene_id","gene_symbol","sample","normalized_count","sample_label","condition","reference_condition","reference_mean","percent_of_reference","remaining_fraction","loss_fraction"
"CRISPR","ENSMUSG00000037487","Ubr5","sample.WT_1",9862.08637703542,"WT 1","WT","WT",8358.19612011415,117.993000347313,1.17993000347313,-0.179930003473134
"CRISPR","ENSMUSG00000037487","Ubr5","sample.WT_2",7592.90895137964,"WT 2","WT","WT",8358.19612011415,90.8438715993654,0.908438715993655,0.0915612840063454
"CRISPR","ENSMUSG00000037487","Ubr5","sample.WT_3",7619.59303192738,"WT 3","WT","WT",8358.19612011415,91.1631280533211,0.911631280533211,0.0883687194667887
"CRISPR","ENSMUSG00000037487","Ubr5","sample.pos.neg_1",4180.75084944277,"Het 1","Het","WT",8358.19612011415,50.0197744748023,0.500197744748023,0.499802255251977
"CRISPR","ENSMUSG00000037487","Ubr5","sample.pos.neg_2",4039.41644310619,"Het 2","Het","WT",8358.19612011415,48.3288066594329,0.483288066594329,0.516711933405671
"CRISPR","ENSMUSG00000037487","Ubr5","sample.pos.neg_3",3907.08472309955,"Het 3","Het","WT",8358.19612011415,46.745549720915,0.46745549720915,0.53254450279085
"CRISPR","ENSMUSG00000037487","Ubr5","sample.neg.neg_1",3792.30207370686,"KO 1","KO","WT",8358.19612011415,45.372255199667,0.45372255199667,0.54627744800333
"CRISPR","ENSMUSG00000037487","Ubr5","sample.neg.neg_2",3198.56738958032,"KO 2","KO","WT",8358.19612011415,38.2686328917661,0.38268632891766,0.61731367108234
"CRISPR","ENSMUSG00000037487","Ubr5","sample.neg.neg_3",1804.81578895265,"KO 3","KO","WT",8358.19612011415,21.5933649200852,0.215933649200852,0.784066350799148
