"comparison","database","pathway_key","pathway_name","filter_mode_used","fdr_cutoff_used","direction_class","delta_NES","abs_delta_NES","NES_x","NES_y","padj_x","padj_y","leading_edge_x","leading_edge_y","pathway_id_mouse_KD","pathway_id_mouse_KO","pathway_id_mouse_het","pathway_name_mouse_KD","pathway_name_mouse_KO","pathway_name_mouse_het","NES_mouse_het","padj_mouse_het","signed_log10padj_mouse_KD","signed_log10padj_mouse_KO","signed_log10padj_mouse_het","significant_mouse_KD","significant_mouse_KO","significant_mouse_het","leading_edge_mouse_het","delta_NES_KO_minus_het","delta_NES_KD_minus_het","delta_NES_KO_minus_KD","abs_delta_NES_KO_minus_het","abs_delta_NES_KD_minus_het","abs_delta_NES_KO_minus_KD","direction_pattern"
"mouse KO vs WT vs mouse KD vs control","Reactome","R-MMU-1474244","Extracellular matrix organization","either",0.05,"opposite direction",-4.3480055420902,4.3480055420902,2.2833353024561,-2.0646702396341,9.7e-08,5.29313319062718e-06,"11475/14119/16775/12843/14789/12111/20750/23876/58859/12826/14118/12833/16423/12834/17150/11603/56693/21923/17385/58223/21857/107581/16949/18542/17387/17384/12380/11492/241226/12832/12825/12827/16950/234407/16419/12333/210530/216725/268977/13528/16998/15529/16403/13038/12816/18822/14268/17392/16948/56213/18214/12837/108075/69675/19035/13039/11461/11820/18073/24052/26432/14115/17386/12338/94352/16997/12339/23794/268935","11490/11820/192897/14119/268935/12336/94216/12305/23876/12816/94352/213945/12814/11465/11492/21808/12406/16998/12831/77018/16948/18542/16775/15529/17395/16419/109700/12825/18214/100952/18453/16950/14789/16997/20649/12822/20750/246707/12833/21857/16949/18750/12834/12111/107581/16651/58223/26365/12843/320910/17150/216725/241226/237759","R-MMU-1474244","R-MMU-1474244","R-MMU-1474244","Extracellular matrix organization","Extracellular matrix organization","Extracellular matrix organization",-1.76917472725639,0.0118107858346578,7.01322826573375,-5.27628717775884,-1.92772120549389,TRUE,TRUE,TRUE,"16398/12816/268935/11490/14118/50817/11465/77018/21803/53867/192897/16399/16421/24051/11492/72947/100952/20750/18542/16775/16949/109700/17150/12841/21857/12822/18453/18073/83964/14119/18214/15529/12111/58223/12825/12831/94216/16950/237759/12814/12833/14268/213945/16948/20649/12305/16651/12834/17395/107581/94352/320910/18750/241226/26365/12843/216725/16997/246707",-0.29549551237771,4.05251002971249,-4.3480055420902,0.29549551237771,4.05251002971249,4.3480055420902,"mixed or incomplete"
"mouse KO vs WT vs mouse KD vs control","Reactome","R-MMU-1650814","Collagen biosynthesis and modifying enzymes","either",0.05,"opposite direction",-4.1177198288087,4.1177198288087,1.93894623571067,-2.17877359309803,0.00545034000170317,0.00110601297398558,"12843/14789/12826/12833/12834/56693/107581/18542/12832/12825/12827/234407/210530/216725/12816/18822","94216/12816/213945/12814/12406/12831/77018/18542/12825/18453/14789/12822/12833/12834/107581/12843/216725/237759","R-MMU-1650814","R-MMU-1650814","R-MMU-1650814","Collagen biosynthesis and modifying enzymes","Collagen biosynthesis and modifying enzymes","Collagen biosynthesis and modifying enzymes",-1.75677461913028,0.123593119421993,2.26357640483203,-2.95623977854913,-0.908005706271778,TRUE,TRUE,FALSE,"18822/12826/12406/12836/76477/12827/14789/12816/77018/53867/18542/12841/12822/18453/12825/12831/94216/237759/12814/12833/213945/12834/107581/12843/216725",-0.42199897396775,3.69572085484095,-4.1177198288087,0.42199897396775,3.69572085484095,4.1177198288087,"mixed or incomplete"
"mouse KO vs WT vs mouse KD vs control","Reactome","R-MMU-1474290","Collagen formation","either",0.05,"opposite direction",-4.10170946695987,4.10170946695987,2.00461998208852,-2.09708948487135,0.00105920190021089,0.00162402969262075,"12843/14789/12826/12833/12834/56693/107581/16949/18542/12832/12825/12827/16950/234407/210530/216725/12816/18822/17392/16948/12837/69675/19035/13039/26432/17386/94352","94216/12816/94352/213945/12814/12406/12831/77018/16948/18542/17395/12825/18453/16950/14789/12822/12833/16949/12834/107581/12843/216725/237759","R-MMU-1474290","R-MMU-1474290","R-MMU-1474290","Collagen formation","Collagen formation","Collagen formation",-1.79696806740604,0.0580392622928482,2.97502124877828,-2.78940603468631,-1.23627811629256,TRUE,TRUE,FALSE,"18542/16949/12841/12822/18453/12825/12831/94216/16950/237759/12814/12833/213945/16948/12834/17395/107581/94352/12843/216725",-0.30012141746531,3.80158804949456,-4.10170946695987,0.30012141746531,3.80158804949456,4.10170946695987,"mixed or incomplete"
"mouse KO vs WT vs mouse KD vs control","Reactome","R-MMU-1566948","Elastic fibre formation","either",0.05,"opposite direction",-3.76452231289185,3.76452231289185,1.97001094127151,-1.79451137162034,0.0063066155120564,0.101731123038774,"14119/23876/58859/14118/17150/16949/241226/16950/16419/268977/16998/14268/16948/108075/14115/94352/16997","16402/14119/23876/94352/21808/16998/16948/16419/100952/16950/16997/246707/16949/320910/17150/241226","R-MMU-1566948","R-MMU-1566948","R-MMU-1566948","Elastic fibre formation","Elastic fibre formation","Elastic fibre formation",-1.56369100900449,0.31831327362539,2.2002036453159,-0.992546161175598,-0.497145250973508,TRUE,FALSE,FALSE,"100952/16949/17150/14119/16950/14268/16948/94352/320910/241226/16997/246707",-0.23082036261585,3.533701950276,-3.76452231289185,0.23082036261585,3.533701950276,3.76452231289185,"mixed or incomplete"
"mouse KO vs WT vs mouse KD vs control","Reactome","R-MMU-2129379","Molecules associated with elastic fibres","either",0.05,"opposite direction",-3.7487101184609,3.7487101184609,1.89431685116762,-1.85439326729328,0.0218067804694193,0.129100013794171,"14119/23876/58859/14118/17150/241226/16419/268977/16998/14268/108075/14115/16997","14119/23876/21808/16998/16419/100952/16997/246707/320910/17150/241226","R-MMU-2129379","R-MMU-2129379","R-MMU-2129379","Molecules associated with elastic fibres","Molecules associated with elastic fibres","Molecules associated with elastic fibres",-1.54349325215512,0.321857099914036,1.661408448478,-0.889073711329769,-0.49233690623525,TRUE,FALSE,FALSE,"14118/21803/100952/17150/14119/14268/320910/241226/16997/246707",-0.31090001513816,3.43781010332274,-3.7487101184609,0.31090001513816,3.43781010332274,3.7487101184609,"mixed or incomplete"
"mouse KO vs WT vs mouse KD vs control","Reactome","R-MMU-77387","Insulin receptor recycling","either",0.05,"opposite direction",3.70146342077483,3.70146342077483,-2.20361113973236,1.49785228104247,0.000461233988630515,0.501343265029717,"21871/11975/11974/108664/66144/11984/19246/11973/114143/11966/11964/66335/13033/73834/11972","66144/16337/11966/27060/11972/11974/114143/108664/11973","R-MMU-77387","R-MMU-77387","R-MMU-77387","Insulin receptor recycling","Insulin receptor recycling","Insulin receptor recycling",0.938728409743844,0.91042855269198,-3.33607869675724,0.299864814930372,0.0407541304721579,TRUE,FALSE,FALSE,"11964/16337/108664/66144/11966/66290/11974/11973/114143/11972/54411",0.559123871298626,-3.1423395494762,3.70146342077483,0.559123871298626,3.1423395494762,3.70146342077483,"KD opposite"
"mouse KO vs WT vs mouse KD vs control","Reactome","R-MMU-1222556","ROS and RNS production in phagocytes","either",0.05,"opposite direction",3.68725017217677,3.68725017217677,-2.18448453964609,1.50276563253068,0.000629127851932323,0.564222646462236,"21871/11975/17969/74096/11974/108664/66144/11984/11973/114143/11966/11964/66335/73834/11972","66144/11966/27060/11972/11974/114143/108664/11973/66290","R-MMU-1222556","R-MMU-1222556","R-MMU-1222556","ROS and RNS production in phagocytes","ROS and RNS production in phagocytes","ROS and RNS production in phagocytes",0.834712127447024,0.967682949411155,-3.20126108786734,0.248549486354704,0.0142669111581368,TRUE,FALSE,FALSE,"11964/108664/66144/11966/66290/11974",0.668053505083656,-3.01919666709311,3.68725017217677,0.668053505083656,3.01919666709311,3.68725017217677,"KD opposite"
"mouse KO vs WT vs mouse KD vs control","Reactome","R-MMU-1474228","Degradation of the extracellular matrix","either",0.05,"opposite direction",-3.64138661211328,3.64138661211328,2.05980959607518,-1.5815770160381,0.000421210500235661,0.21135673059398,"14119/20750/12826/14118/12833/12834/17385/58223/21857/17387/17384/12380/12832/12825/12827/12333/13038/12816/14268/17392/56213/12837/13039/18073/17386/12338/12339/23794/268935/12336/12337/53867/12814/11490","11490/14119/268935/12336/94216/12816/12814/12831/77018/17395/12825/12822/20750/12833/21857/12834/58223","R-MMU-1474228","R-MMU-1474228","R-MMU-1474228","Degradation of the extracellular matrix","Degradation of the extracellular matrix","Degradation of the extracellular matrix",-1.45514729710857,0.415287589125459,3.37550081094912,-0.674983917632535,-0.381651047591946,TRUE,FALSE,FALSE,"12816/268935/11490/14118/50817/77018/53867/72947/20750/21857/12822/18073/14119/58223/12825/12831/94216/12814/12833/14268/12834/17395",-0.12642971892953,3.51495689318375,-3.64138661211328,0.12642971892953,3.51495689318375,3.64138661211328,"mixed or incomplete"
"mouse KO vs WT vs mouse KD vs control","Reactome","R-MMU-419037","NCAM1 interactions","either",0.05,"opposite direction",-3.62154870319365,3.62154870319365,1.8564007146857,-1.76514798850795,0.0231770015780794,0.210126437296097,"12826/12833/12834/12832/12825/12827","12831/12825/12833/12834/17967","R-MMU-419037","R-MMU-419037","R-MMU-419037","NCAM1 interactions","NCAM1 interactions","NCAM1 interactions",-1.73914531971528,0.151385241191451,1.63494274966336,-0.677519302903435,-0.819916462891078,TRUE,FALSE,FALSE,"53867/12841/12825/12831/12833/17967/12834",-0.02600266879267,3.59554603440098,-3.62154870319365,0.02600266879267,3.59554603440098,3.62154870319365,"mixed or incomplete"
"mouse KO vs WT vs mouse KD vs control","Reactome","R-MMU-216083","Integrin cell surface interactions","either",0.05,"opposite direction",-3.60173464613078,3.60173464613078,2.00226904080482,-1.59946560532596,0.00209237134542873,0.257425181954474,"20750/12826/14118/12833/16423/12834/21923/107581/241226/12832/12825/12827/16419/16403/14268","12831/16419/109700/12825/12822/20750/12833/12834/107581/320910/241226","R-MMU-216083","R-MMU-216083","R-MMU-216083","Integrin cell surface interactions","Integrin cell surface interactions","Integrin cell surface interactions",-1.4983217939706,0.270038509415553,2.67936123617251,-0.589348971616005,-0.568574297936909,TRUE,FALSE,FALSE,"16398/14118/53867/16399/16421/20750/109700/12841/12822/83964/12825/12831/94216/12833/14268/12834/107581/320910/241226",-0.10114381135536,3.50059083477542,-3.60173464613078,0.10114381135536,3.50059083477542,3.60173464613078,"mixed or incomplete"
"mouse KO vs WT vs mouse KD vs control","Reactome","R-MMU-3000178","ECM proteoglycans","either",0.05,"opposite direction",-3.56367053000639,3.56367053000639,1.88427372020344,-1.67939680980295,0.024198253453371,0.297927627247405,"12111/12833/12834/11603/21923/241226/12832/12825/16419/14268","12841/16416/16399/12832/14268/16398/11820/12831/16419/12825/12833/12834/12111/241226","R-MMU-3000178","R-MMU-3000178","R-MMU-3000178","ECM proteoglycans","ECM proteoglycans","ECM proteoglycans",-1.68147184960827,0.174966728697905,1.616215978769,-0.525889222180161,-0.757044527980367,TRUE,FALSE,FALSE,"16398/53867/16399/12841/12111/12825/12831/12833/14268/12834/241226",0.00207503980531998,3.56574556981171,-3.56367053000639,0.00207503980531998,3.56574556981171,3.56367053000639,"mixed or incomplete"
"mouse KO vs WT vs mouse KD vs control","Reactome","R-MMU-211859","Biological oxidations","either",0.05,"opposite direction",-3.42688946610236,3.42688946610236,1.68630143188797,-1.74058803421439,0.0188996970627219,0.0503674171102055,"232087/14873/11529/11864/69065/14874/19224/211666/14870/67768/228608/11532/18113/68312/75475/269378/22021/14629/109754/68021/14854/13123/109652/110198/14630/18105/13078/19223/14863/13479/22017/68044/67674/67883/22235/14865/22022/56448/13885/238505/110175","74134/211666/14865/13121/71670/19223/110175/22021/14863/11864/68312/11669/75475/394432/14862/11622/13123/68021/56448/109754/11529/13110","R-MMU-211859","R-MMU-211859","R-MMU-211859","Biological oxidations","Biological oxidations","Biological oxidations",-1.92016852289219,0.00744027035541931,1.72354515694012,-1.29785031961174,-2.12841128330714,TRUE,FALSE,TRUE,"14629/110198/74134/211666/71670/68021/216558/14149/14854/22021/108645/20181/14863/68312/228608/75475/207182/110175/394432/11864/11622/13110/11669/56448/109754/11529/14862/13123/19223",0.1795804886778,3.60646995478016,-3.42688946610236,0.1795804886778,3.60646995478016,3.42688946610236,"mixed or incomplete"
"mouse KO vs WT vs mouse KD vs control","Reactome","R-MMU-3000171","Non-integrin membrane-ECM interactions","either",0.05,"opposite direction",-3.37840726405226,3.37840726405226,1.72095654146035,-1.65745072259191,0.0431886103455045,0.21135673059398,"11475/16775/12826/11603/12832/12825/12827/16419/13528/15529/16403/14268/18214/11461/24052/53867/12814/11465/16416/94216/14173/12831/21803/20392","20969/16416/12832/14268/14173/16398/192897/94216/12305/12814/11465/12831/16775/15529/16419/12825/18214/20649/18750/16651","R-MMU-3000171","R-MMU-3000171","R-MMU-3000171","Non-integrin membrane-ECM interactions","Non-integrin membrane-ECM interactions","Non-integrin membrane-ECM interactions",-1.67078455396509,0.13921524293494,1.36463076976562,-0.674983917632535,-0.856313210414354,TRUE,FALSE,FALSE,"11465/21803/53867/192897/24051/16775/18214/15529/12825/12831/94216/12814/14268/20649/12305/16651/18750",0.0133338313731801,3.39174109542544,-3.37840726405226,0.0133338313731801,3.39174109542544,3.37840726405226,"mixed or incomplete"
"mouse KO vs WT vs mouse KD vs control","Reactome","R-MMU-156590","Glutathione conjugation","either",0.05,"opposite direction",-3.34342597497871,3.34342597497871,1.88440994222982,-1.45901603274889,0.0231770015780794,0.532505988820868,"14873/69065/14874/211666/14870/68312/75475/14629/14854/14630/14863/68044/14865/13885/110175","14629/58810/14854/207182/14874/56615/14866/211666/14865/110175/14863/68312/75475/14862","R-MMU-156590","R-MMU-156590","R-MMU-156590","Glutathione conjugation","Glutathione conjugation","Glutathione conjugation",-1.52187968792392,0.334299897342615,1.63494274966336,-0.273675503575177,-0.475863756771304,TRUE,FALSE,FALSE,"13885/56615/14629/211666/14854/14863/68312/75475/207182/110175/14862",0.0628636551750301,3.40628963015374,-3.34342597497871,0.0628636551750301,3.40628963015374,3.34342597497871,"mixed or incomplete"
"mouse KO vs WT vs mouse KD vs control","Reactome","R-MMU-381426","Regulation of Insulin-like Growth Factor (IGF) transport and uptake by Insulin-like Growth Factor Binding Proteins (IGFBPs)","either",0.05,"opposite direction",-3.33369137812408,3.33369137812408,1.97263048669993,-1.36106089142415,0.000620527189247212,0.514760511273179,"29817/12870/74761/12266/20750/16010/71898/14118/56453/19672/66940/14314/21923/21857/16009/20856/223672/208659/22393/268977/15529/382014/14268/18491/12977/20254","105348/11820/208659/75761/74761/77583/83453/16012/12266/18619/13602/15529/16009/12977/16852/76453/18453/20750/21857/14314/16010/80752","R-MMU-381426","R-MMU-381426","R-MMU-381426","Regulation of Insulin-like Growth Factor (IGF) transport and uptake by Insulin-like Growth Factor Binding Proteins (IGFBPs)","Regulation of Insulin-like Growth Factor (IGF) transport and uptake by Insulin-like Growth Factor Binding Proteins (IGFBPs)","Regulation of Insulin-like Growth Factor (IGF) transport and uptake by Insulin-like Growth Factor Binding Proteins (IGFBPs)",-1.07717225773086,0.823628017047758,3.20723918454183,-0.288394776441196,-0.0842688885689565,TRUE,FALSE,FALSE,"21857/18453/15529/13602/208659/75761/105348/16852/76453/14268/16012/16010/80752/16009",-0.28388863369329,3.04980274443079,-3.33369137812408,0.28388863369329,3.04980274443079,3.33369137812408,"mixed or incomplete"
"mouse KO vs WT vs mouse KD vs control","Reactome","R-MMU-156580","Phase II - Conjugation of compounds","either",0.05,"opposite direction",-3.29092254064991,3.29092254064991,1.88549634183508,-1.40542619881483,0.00658275982132337,0.564222646462236,"232087/14873/69065/14874/211666/14870/67768/18113/68312/75475/269378/22021/14629/14854/14630/14863/22017/68044/67674/67883/22235/14865/22022/13885/238505/110175","14874/210009/56615/14866/211666/14865/110175/22021/14863/68312/75475/394432/14862","R-MMU-156580","R-MMU-156580","R-MMU-156580","Phase II - Conjugation of compounds","Phase II - Conjugation of compounds","Phase II - Conjugation of compounds",-1.32068184700278,0.561900033101622,2.18159199029404,-0.248549486354704,-0.250340942320741,TRUE,FALSE,FALSE,"14629/211666/216558/14854/22021/108645/14863/68312/75475/207182/110175/394432/14862",-0.0847443518120501,3.20617818883786,-3.29092254064991,0.0847443518120501,3.20617818883786,3.29092254064991,"mixed or incomplete"
"mouse KO vs WT vs mouse KD vs control","Reactome","R-MMU-8957275","Post-translational protein phosphorylation","either",0.05,"opposite direction",-3.28244691446039,3.28244691446039,1.97988389541629,-1.3025630190441,0.000523746783169583,0.582,"29817/12870/74761/12266/20750/16010/71898/14118/56453/19672/66940/14314/21923/21857/16009/20856/223672/208659/22393/268977/15529/382014/14268/12977/20254/80752/83453/12268","105348/11820/208659/75761/74761/77583/83453/12266/18619/13602/15529/16009/12977/16852/76453/18453/20750/21857/14314/16010/80752","R-MMU-8957275","R-MMU-8957275","R-MMU-8957275","Post-translational protein phosphorylation","Post-translational protein phosphorylation","Post-translational protein phosphorylation",-1.02590060949466,0.872127872127872,3.28087863143565,-0.235077015350112,-0.059419833773749,TRUE,FALSE,FALSE,"21857/18453/15529/13602/208659/75761/105348/16852/76453/14268/16010/80752/16009",-0.27666240954944,3.00578450491095,-3.28244691446039,0.27666240954944,3.00578450491095,3.28244691446039,"mixed or incomplete"
"mouse KO vs WT vs mouse KD vs control","Reactome","R-MMU-8948216","Collagen chain trimerization","either",0.05,"opposite direction",-3.27965674246481,3.27965674246481,1.19868271722678,-2.08097402523803,0.629621552010635,0.00571033907505963,"12833/12834/107581/12832/12825/12816/12837","12816/213945/12814/12831/77018/12825/12822/12833/12834/107581/237759","R-MMU-8948216","R-MMU-8948216","R-MMU-8948216","Collagen chain trimerization","Collagen chain trimerization","Collagen chain trimerization",-1.82789948772713,0.0974304341139589,0.200920414449666,-2.24333810295289,-1.01130536239038,FALSE,TRUE,FALSE,"12816/77018/53867/12841/12822/12825/12831/237759/12814/12833/213945/12834/107581",-0.2530745375109,3.02658220495391,-3.27965674246481,0.2530745375109,3.02658220495391,3.27965674246481,"mixed or incomplete"
"mouse KO vs WT vs mouse KD vs control","Reactome","R-MMU-190861","Gap junction assembly","either",0.05,"opposite direction",-3.27365153559973,3.27365153559973,1.87574388491157,-1.39790765068816,0.0223778755942561,0.63846903949293,"14609/22142/67951/22143/227613/22146/22152","22143/14621/53857/14615/22142/22151/73710/14620","R-MMU-190861","R-MMU-190861","R-MMU-190861","Gap junction assembly","Gap junction assembly","Gap junction assembly",-1.15000501299365,0.816922364302458,1.65018114486236,-0.194860157607116,-0.0878192144065265,TRUE,FALSE,FALSE,"22142/22151/73710/14620",-0.24790263769451,3.02574889790522,-3.27365153559973,0.24790263769451,3.02574889790522,3.27365153559973,"mixed or incomplete"
"mouse KO vs WT vs mouse KD vs control","Reactome","R-MMU-70263","Gluconeogenesis","either",0.05,"opposite direction",-3.26104162899249,3.26104162899249,1.79756550572888,-1.46347612326361,0.0429840204022832,0.564222646462236,"74551/68401/14751/11674/14433/13808/21991","74551/68401/13808","R-MMU-70263","R-MMU-70263","R-MMU-70263","Gluconeogenesis","Gluconeogenesis","Gluconeogenesis",-0.828413271846346,0.967682949411155,1.36669296630227,-0.248549486354704,-0.0142669111581368,TRUE,FALSE,FALSE,"68401/13808",-0.635062851417264,2.62597877757523,-3.26104162899249,0.635062851417264,2.62597877757523,3.26104162899249,"mixed or incomplete"
"mouse KO vs WT vs mouse KD vs control","Reactome","R-MMU-917977","Transferrin endocytosis and recycling","either",0.05,"opposite direction",3.21971654116564,3.21971654116564,-2.06916644858182,1.15055009258382,0.00353840220398715,0.936978031192353,"21871/11975/94178/11974/68428/108664/66144/11984/11973/114143/11966/11964/66335/73834/11972","66144/11966/27060/11972/11974/114143/108664/11973","R-MMU-917977","R-MMU-917977","R-MMU-917977","Transferrin endocytosis and recycling","Transferrin endocytosis and recycling","Transferrin endocytosis and recycling",-0.853422060867858,0.967682949411155,-2.45119280312659,0.0282705916562822,-0.0142669111581368,TRUE,FALSE,FALSE,"66335/11975/68428",2.00397215345168,-1.21574438771396,3.21971654116564,2.00397215345168,1.21574438771396,3.21971654116564,"mixed or incomplete"
"mouse KO vs WT vs mouse KD vs control","Reactome","R-MMU-9639288","Amino acids regulate mTORC1","either",0.05,"opposite direction",3.21226077175623,3.21226077175623,-1.90523437119928,1.30702640055695,0.00798655001263218,0.649866007008864,"56032/11984/11973/80909/54170/114143/329679/11966/11964/66335/56692/73834/11972/52187","66144/101148/11966/27060/11972/11974/114143/108664/11973/140742/66290/268933/54170/268706/68441/11964/56032/329679/11984/230784","R-MMU-9639288","R-MMU-9639288","R-MMU-9639288","Amino acids regulate mTORC1","Amino acids regulate mTORC1","Amino acids regulate mTORC1",0.721457853664692,0.998359939772835,-2.09764078439639,0.187176179380944,0.000712853828169644,TRUE,FALSE,FALSE,"11964/101148/329679/108664/66144/11966/66290/98402/68441/11974/56692/140742/11973/114143/19744/54170/11972",0.585568546892258,-2.62669222486397,3.21226077175623,0.585568546892258,2.62669222486397,3.21226077175623,"KD opposite"
"mouse KO vs WT vs mouse KD vs control","Reactome","R-MMU-9711097","Cellular response to starvation","either",0.05,"opposite direction",3.21226077175623,3.21226077175623,-1.90523437119928,1.30702640055695,0.00798655001263218,0.649866007008864,"56032/11984/11973/80909/54170/114143/329679/11966/11964/66335/56692/73834/11972/52187","66144/101148/11966/27060/11972/11974/114143/108664/11973/140742/66290/268933/54170/268706/68441/11964/56032/329679/11984/230784","R-MMU-9711097","R-MMU-9711097","R-MMU-9711097","Cellular response to starvation","Cellular response to starvation","Cellular response to starvation",0.721457853664692,0.998359939772835,-2.09764078439639,0.187176179380944,0.000712853828169644,TRUE,FALSE,FALSE,"11964/101148/329679/108664/66144/11966/66290/98402/68441/11974/56692/140742/11973/114143/19744/54170/11972",0.585568546892258,-2.62669222486397,3.21226077175623,0.585568546892258,2.62669222486397,3.21226077175623,"KD opposite"
"mouse KO vs WT vs mouse KD vs control","Reactome","R-MMU-15869","Metabolism of nucleotides","either",0.05,"opposite direction",-3.17286660977892,3.17286660977892,1.86286026157614,-1.31000634820278,0.00353840220398715,0.613461434953442,"22436/20135/11566/56520/320685/14782/23918/15452/229949/108147/12499/14923/11639/55936/50773/22166/69719/66588/382985/27369/50493/53893/381101/22271/76952/22171/14450/80914/68556/23959/67054/109674/11717/12497/75894/103850/231327/93692/237823/11534/51797/54369/75686/11821/56749/23917/11486/66355/74167/21877/105446/110074","76654/22171/18102/67725/12496/74167/27369/17766/382985/55936/21915/22436/50773/93692/667034/99586/103850/237823/11565/11564/14923/66355/21877/14544/229949/11636","R-MMU-15869","R-MMU-15869","R-MMU-15869","Metabolism of nucleotides","Metabolism of nucleotides","Metabolism of nucleotides",-1.02265834061596,0.886384404508072,2.45119280312659,-0.212212733855234,-0.0523778937434328,TRUE,FALSE,FALSE,"74167/67725/17766/382985/18102/66358/99586/21915/22436/12496/22171/14544/21877/103850/18103/237823/11564/667034/50773/14923/66355",-0.28734800758682,2.8855186021921,-3.17286660977892,0.28734800758682,2.8855186021921,3.17286660977892,"mixed or incomplete"
"mouse KO vs WT vs mouse KD vs control","Reactome","R-MMU-425407","SLC-mediated transmembrane transport","either",0.05,"opposite direction",-3.15046722494015,3.15046722494015,1.72612957885795,-1.4243376460822,0.00658275982132337,0.297927627247405,"26570/12870/20539/14664/20512/11815/13358/109552/11739/20525/94249/331004/67863/56636/242126/19729/17254/24060/63959/11987/11740/71279/56327/67760/26569/20516/338365/106947/239606/72621/108052/107566/53881/28253","63959/72621/229782/55963/268512/109552/67760/30791/13358/73836/20512/338365/27376/20527/110895/20536/20535/19729/331004/67547/242126/72472/53881/108052/67863/69354/103098/13723/100434/170441","R-MMU-425407","R-MMU-425407","R-MMU-425407","SLC-mediated transmembrane transport","SLC-mediated transmembrane transport","SLC-mediated transmembrane transport",-1.15767401912478,0.734725703146756,2.18159199029404,-0.525889222180161,-0.133874766825629,TRUE,FALSE,FALSE,"107723/20536/215113/20520/108652/18174/14664/77031/24059/338365/71279/83429/57138/55963/20512/13521/63959/27376/67760/268512/20535/67863/110895/331004/100434/20527/108052/215335/69354/170441/13723",-0.26666362695742,2.88380359798273,-3.15046722494015,0.26666362695742,2.88380359798273,3.15046722494015,"mixed or incomplete"
"mouse KO vs WT vs mouse KD vs control","Reactome","R-MMU-499943","Interconversion of nucleotide di- and triphosphates","either",0.05,"opposite direction",-3.14880962232242,3.14880962232242,1.85687536681425,-1.29193425550817,0.0258301124952132,0.770242437777612,"20135/56520/320685/14782/229949/14923/11639/55936/22166/66588/382985/50493","18103/22171/18102/67725/382985/55936/21915/93692/14923/229949/11636","R-MMU-499943","R-MMU-499943","R-MMU-499943","Interconversion of nucleotide di- and triphosphates","Interconversion of nucleotide di- and triphosphates","Interconversion of nucleotide di- and triphosphates",-0.786446906474126,0.984455536513687,1.5878737023848,-0.11337255688324,-0.00680389423670546,TRUE,FALSE,FALSE,"55936/67725/382985/18102/21915/22171/18103/14923",-0.505487349034044,2.64332227328838,-3.14880962232242,0.505487349034044,2.64332227328838,3.14880962232242,"mixed or incomplete"
"mouse KO vs WT vs mouse KD vs control","Reactome","R-MMU-190840","Microtubule-dependent trafficking of connexons from Golgi to the plasma membrane","either",0.05,"opposite direction",-3.14040744681573,3.14040744681573,1.98607271075239,-1.15433473606334,0.00363018354294996,0.936978031192353,"14609/22142/67951/22143/227613/22146/22152","53857/22142/22151/73710","R-MMU-190840","R-MMU-190840","R-MMU-190840","Microtubule-dependent trafficking of connexons from Golgi to the plasma membrane","Microtubule-dependent trafficking of connexons from Golgi to the plasma membrane","Microtubule-dependent trafficking of connexons from Golgi to the plasma membrane",-0.923834942765474,0.913961126366231,2.44007141637568,-0.0282705916562822,-0.0390722757800279,TRUE,FALSE,FALSE,"22142/22151/73710",-0.230499793297866,2.90990765351786,-3.14040744681573,0.230499793297866,2.90990765351786,3.14040744681573,"mixed or incomplete"
"mouse KO vs WT vs mouse KD vs control","Reactome","R-MMU-190872","Transport of connexons to the plasma membrane","either",0.05,"opposite direction",-3.14040744681573,3.14040744681573,1.98607271075239,-1.15433473606334,0.00363018354294996,0.936978031192353,"14609/22142/67951/22143/227613/22146/22152","53857/22142/22151/73710","R-MMU-190872","R-MMU-190872","R-MMU-190872","Transport of connexons to the plasma membrane","Transport of connexons to the plasma membrane","Transport of connexons to the plasma membrane",-0.923834942765474,0.913961126366231,2.44007141637568,-0.0282705916562822,-0.0390722757800279,TRUE,FALSE,FALSE,"22142/22151/73710",-0.230499793297866,2.90990765351786,-3.14040744681573,0.230499793297866,2.90990765351786,3.14040744681573,"mixed or incomplete"
"mouse KO vs WT vs mouse KD vs control","Reactome","R-MMU-71387","Metabolism of carbohydrates and carbohydrate derivatives","either",0.05,"opposite direction",-3.07574950295708,3.07574950295708,1.52811306230731,-1.54763644064977,0.0177876920002175,0.092597455118376,"74551/18641/12111/66171/14635/68401/11603/14381/110208/53418/54371/20525/14936/14751/234356/83398/102093/19895/52120/20443/15529/11674/80982/72787/225913/195646/20444/77590/14043/27029/14733/72141/72157/13039/20442/215015/27419/76898/232449/73744/17160/50917/14433/13808/15442/110006/21351/110379/15931/56043/18295/72136/66646/16548/117592/66679/21991/100910/11881/23888/15476/73836/319901/74185/68631/14345/14042/67980/233781/70484/14387/71805/12091/50786/54563/59031/110094/67883","110006/74637/14735/73744/231042/50917/110173/121021/20443/14733/14381/56386/67880/20442/268512/15442/212898/15531/21351/14936/235534/15586/103468/269941/18141/338362/16548/60322/20441/73836/11881/15476/74551/14635/217119/72787/56043/27029/15366/233781/18642/53418/23908/67980/170762/14387/15529/445007/77559/77590/14042/50786/26877/223921/80982/68401/12111/13808/58250/83398/15117/54371","R-MMU-71387","R-MMU-71387","R-MMU-71387","Metabolism of carbohydrates and carbohydrate derivatives","Metabolism of carbohydrates and carbohydrate derivatives","Metabolism of carbohydrates and carbohydrate derivatives",-1.12906413049909,0.71711706043351,1.74988039911089,-1.03340094899014,-0.144409945377243,TRUE,FALSE,FALSE,"212898/100910/56012/338362/74551/14430/59031/72787/108652/18141/20442/80982/21351/50917/14733/56043/15586/227699/74241/27419/53418/16548/74637/15442/19069/15531/15366/216558/13521/233781/14042/268512/15117/77590/77559/83398/15529/12111/14635/170762/50935/18642/14387/217119/27029/445007/58250/68401/223921/67980/13808/26877/54371/50786",-0.41857231015068,2.6571771928064,-3.07574950295708,0.41857231015068,2.6571771928064,3.07574950295708,"mixed or incomplete"
"mouse KO vs WT vs mouse KD vs control","Reactome","R-MMU-9675108","Nervous system development","either",0.05,"opposite direction",-3.0245613377068,3.0245613377068,1.47522262800795,-1.54933870969885,0.0389753152414979,0.092597455118376,"20563/20564/14432/213498/12826/12833/26396/18846/12834/11853/22142/20346/18186/20361/22240/11867/67951/11733/22359/12832/12568/12825/22143/12827/68089/58194/13848/67771/227613/15529/13429/19165/218397/18643/110596/13866/22323/59287/14026/22146/20315/22152/17698/14733/26395/15461/215798/11461/14585/20416/11876/13639/13846/227377/26417/19164/13640/330662/14586/18706/20779/235611/11350/74117/53867/12540/18709","58234/26396/18643/14733/13866/18645/58194/53857/223435/18186/13639/22187/13638/11853/71770/16402/67300/14182/14784/110351/12569/20416/20563/11465/14083/26417/235611/13448/22142/53972/12831/20418/18749/83433/13845/18708/18846/18844/218397/13641/20564/15529/17395/67784/14432/12825/330662/623279/22151/11733/20315/13429/12833/73710/20351/18750/13841/12834/14586/11876/19876/17967/215798","R-MMU-9675108","R-MMU-9675108","R-MMU-9675108","Nervous system development","Nervous system development","Nervous system development",-1.3916797617543,0.194973221809798,1.40921036344921,-1.03340094899014,-0.710025031810951,TRUE,FALSE,FALSE,"18643/20563/14733/66713/13643/26396/13448/227377/20739/216963/26394/11465/18708/53867/11771/16399/13866/78294/22142/235611/14784/22187/13637/13841/13838/12841/12569/330662/18844/20315/22151/223435/23939/15529/11733/20418/623279/73710/71770/20346/20564/12825/12831/18846/11876/20351/14182/12833/13845/17967/20742/14432/67784/19876/12834/17395/13649/110351/67300/18750/215798/107448/13429/14586",-0.15765894794455,2.86690238976225,-3.0245613377068,0.15765894794455,2.86690238976225,3.0245613377068,"mixed or incomplete"
"mouse KO vs WT vs mouse KD vs control","Reactome","R-MMU-5173105","O-linked glycosylation","either",0.05,"opposite direction",-3.00988462885367,3.00988462885367,1.63404855340338,-1.37583607545029,0.0389753152414979,0.502851218247797,"269959/243853/207596/218476/68273/381694/216725/24060/20443/97440/74653/217734/97884/20444/21826/239337/100689/20442/73068/14426/231050/23794/216395","20443/56386/108153/20442/75847/210004/21826/171212/218476/20441/207596/66548/216395/224697/20440/269959/98388/271786/229595/239337/216725","R-MMU-5173105","R-MMU-5173105","R-MMU-5173105","O-linked glycosylation","O-linked glycosylation","O-linked glycosylation",-1.15826367572305,0.71711706043351,1.40921036344921,-0.298560493377639,-0.144409945377243,TRUE,FALSE,FALSE,"210004/207596/98388/66548/20446/100689/78754/171212/229595/271786/224697/218476/239337/230145/216725",-0.21757239972724,2.79231222912643,-3.00988462885367,0.21757239972724,2.79231222912643,3.00988462885367,"mixed or incomplete"
"mouse KO vs WT vs mouse KD vs control","Reactome","R-MMU-422475","Axon guidance","either",0.05,"opposite direction",-2.98472976224169,2.98472976224169,1.47158605606561,-1.51314370617608,0.0417302074146141,0.151666861634974,"20563/20564/14432/213498/12826/12833/26396/18846/12834/11853/22142/20346/18186/20361/22240/11867/67951/11733/22359/12832/12568/12825/22143/12827/68089/58194/13848/67771/227613/15529/13429/19165/218397/18643/110596/13866/22323/59287/14026/22146/20315/22152/17698/14733/26395/15461/11461/14585/20416/11876/13639/13846/227377/26417/19164/13640/330662/14586/18706/20779/235611/11350/74117/53867/12540/18709","58234/26396/18643/14733/13866/18645/58194/53857/223435/18186/13639/22187/13638/11853/71770/16402/67300/14182/14784/110351/12569/20416/20563/11465/14083/26417/235611/13448/22142/53972/12831/20418/18749/83433/13845/18708/18846/18844/218397/13641/20564/15529/17395/67784/14432/12825/330662/623279/22151/11733/20315/13429/12833/73710/20351/18750/13841/12834/14586/11876/19876/17967","R-MMU-422475","R-MMU-422475","R-MMU-422475","Axon guidance","Axon guidance","Axon guidance",-1.38474370639167,0.297921559942384,1.37954945667821,-0.81910929977504,-0.525898066690307,TRUE,FALSE,FALSE,"18643/20563/14733/66713/13643/26396/13448/227377/20739/216963/26394/11465/18708/53867/11771/16399/13866/78294/22142/235611/14784/22187/13637/13841/13838/12841/12569/330662/18844/20315/22151/223435/23939/15529/11733/20418/623279/73710/71770/20346/20564/12825/12831/18846/11876/20351/14182/12833/13845/17967/20742/14432/67784/19876/12834/17395/13649/110351/67300/18750/107448/13429/14586",-0.12839999978441,2.85632976245728,-2.98472976224169,0.12839999978441,2.85632976245728,2.98472976224169,"mixed or incomplete"
"mouse KO vs WT vs mouse KD vs control","Reactome","R-MMU-191273","Cholesterol biosynthesis","either",0.05,"opposite direction",-2.9689195598728,2.9689195598728,0.991738613867884,-1.97718094600492,0.82300197181091,0.0170324194965145,"20787/18194/110196/17855/14137/74411/68865/74754/14593/13595/98386","74754/13360/13595/235293/15490/15357/192156/20787/16987/13121/110460/17855/14137/68603/110196/20788/208715/18194/20775","R-MMU-191273","R-MMU-191273","R-MMU-191273","Cholesterol biosynthesis","Cholesterol biosynthesis","Cholesterol biosynthesis",-1.22664479969546,0.71711706043351,0.0845991242706321,-1.76872365507033,-0.144409945377243,FALSE,TRUE,FALSE,"16987/13595/13121/192156/208715/13360/17855/18194/110460/14137/20775/20787/20788",-0.75053614630946,2.21838341356334,-2.9689195598728,0.75053614630946,2.21838341356334,2.9689195598728,"mixed or incomplete"
"mouse KO vs WT vs mouse KD vs control","Reactome","R-MMU-74752","Signaling by Insulin receptor","either",0.05,"opposite direction",2.95312170423288,2.95312170423288,-1.87691243437132,1.07620926986156,0.00545034000170317,0.943121050072922,"18607/14171/11984/19246/11973/114143/14388/74769/384783/16367/11966/11964/66335/13033/73834/11972","66144/14183/16337/11966/27060/14165/11972/11974/114143/384783/108664/11973/20662/66290/16367/67112","R-MMU-74752","R-MMU-74752","R-MMU-74752","Signaling by Insulin receptor","Signaling by Insulin receptor","Signaling by Insulin receptor",0.816549153667516,0.985501041464915,-2.26357640483203,0.0254325617644978,0.00634291242743327,TRUE,FALSE,FALSE,"14165/18706/11964/16337/384783/26413/108664/66144/11966",0.259660116194044,-2.69346158803884,2.95312170423288,0.259660116194044,2.69346158803884,2.95312170423288,"KD opposite"
"mouse KO vs WT vs mouse KD vs control","Reactome","R-MMU-8978868","Fatty acid metabolism","either",0.05,"opposite direction",-2.94806425650698,2.94806425650698,1.72165378064758,-1.2264104758594,0.00501523604919284,0.645575114540632,"56348/106529/74114/76267/11409/17250/330260/19224/19225/67460/66904/75778/104112/231086/14104/107476/257633/56473/171210/93747/11370/16922/56360/23986/26897/68041/433256/234309/66775/26378/52538/17117/17850/269823/110821/11690/625249/11666/20524/70316/26922/18783/15107/93732/13078/19223/50790/223722/111175/329910/57279/14775/13479/12896","57279/20181/23986/12896/264895/12894/66904/74522/11666/11690/330260/257633/15107/16993/67460/107476/223722/19223/17117/170439/269823/26922/14104/52538/11370/104112/216739/105387/68041/20524/13110","R-MMU-8978868","R-MMU-8978868","R-MMU-8978868","Fatty acid metabolism","Fatty acid metabolism","Fatty acid metabolism",-1.37626087332941,0.434899569583931,2.29970862147719,-0.190053219032555,-0.361611022151671,TRUE,FALSE,FALSE,"329910/71985/23986/96979/110959/72482/66904/20280/74522/15488/97212/20520/100705/73724/80911/74205/11671/264895/13177/223722/12896/170789/16993/11430/108099/57279/68041/11666/104112/11690/26922/20181/107476/67460/14104/12894/17117/216739/11370/330260/52538/20524/105387/13110/19223/269823",0.14985039747001,3.09791465397699,-2.94806425650698,0.14985039747001,3.09791465397699,2.94806425650698,"mixed or incomplete"
"mouse KO vs WT vs mouse KD vs control","Reactome","R-MMU-9837999","Mitochondrial protein degradation","either",0.05,"opposite direction",-2.89642341987031,2.89642341987031,1.83831562165218,-1.05810779821813,0.00623976343435865,0.957855194348325,"56454/228026/20917/381314/14194/108037/51798/14661/66885/66904/11740/74142/13171/53895/171210/64704/110446/26897/269951/234847/11820/18597/107029/15510/68646/56282/15107/381760/66865/118451","13382/20917/269951/18293/17705/108037/14151/17448/66948/11655/66904/11820/71679/15107/67041/56282/22272/69029/11429/51798/11669","R-MMU-9837999","R-MMU-9837999","R-MMU-9837999","Mitochondrial protein degradation","Mitochondrial protein degradation","Mitochondrial protein degradation",-0.915227213626207,0.942141106580983,2.20483187523748,-0.0187001412856127,-0.025884047079633,TRUE,FALSE,FALSE,"14151/18293/56282/69029/11429/71679/22272/11669",-0.142880584591923,2.75354283527839,-2.89642341987031,0.142880584591923,2.75354283527839,2.89642341987031,"mixed or incomplete"
"mouse KO vs WT vs mouse KD vs control","Reactome","R-MMU-77289","Mitochondrial Fatty Acid Beta-Oxidation","either",0.05,"opposite direction",-2.89010089984538,2.89010089984538,1.78897766175698,-1.1011232380884,0.035581101042316,0.94766484042757,"11409/67460/66904/75778/231086/171210/93747/11370/56360/26897/52538/17850/110821/70316/26922/15107/223722/329910","264895/66904/15107/67460/223722/26922/52538/11370","R-MMU-77289","R-MMU-77289","R-MMU-77289","Mitochondrial Fatty Acid Beta-Oxidation","Mitochondrial Fatty Acid Beta-Oxidation","Mitochondrial Fatty Acid Beta-Oxidation",-1.30936086177456,0.575149900066622,1.44878061698274,-0.023345231954644,-0.240218951332113,TRUE,FALSE,FALSE,"329910/71985/72482/66904/97212/73724/264895/13177/223722/26922/67460/11370/52538",0.20823762368616,3.09833852353154,-2.89010089984538,0.20823762368616,3.09833852353154,2.89010089984538,"mixed or incomplete"
"mouse KO vs WT vs mouse KD vs control","Reactome","R-MMU-2024096","HS-GAG degradation","either",0.05,"opposite direction",-2.85488537490108,2.85488537490108,1.83977573331426,-1.01510964158682,0.0330584230156803,1,"11603/52120/15529/27029/14733/13039/27419/15442/15931/23888","20971/27419/13039/20969/14735/14733/15442/27029/15529","R-MMU-2024096","R-MMU-2024096","R-MMU-2024096","HS-GAG degradation","HS-GAG degradation","HS-GAG degradation",-0.87374006614308,0.943532119478987,1.48071786739866,0,-0.0252433111057764,TRUE,FALSE,FALSE,"14733/27419/15442/15529/27029",-0.14136957544374,2.71351579945734,-2.85488537490108,0.14136957544374,2.71351579945734,2.85488537490108,"mixed or incomplete"
"mouse KO vs WT vs mouse KD vs control","Reactome","R-MMU-447115","Interleukin-12 family signaling","either",0.05,"opposite direction",-2.84889988695885,2.84889988695885,0.916953137719472,-1.93194674923938,0.899352061149903,0.0413573406583092,"12931/16452/54721/20848/18453","16161/12330/16195/20848/18453/12931","R-MMU-447115","R-MMU-447115","R-MMU-447115","Interleukin-12 family signaling","Interleukin-12 family signaling","Interleukin-12 family signaling",-1.58703492403553,0.292920504494945,0.0460702656817271,-1.38344739483078,-0.533250226552181,FALSE,TRUE,FALSE,"54721/12330/16161/20848/18453/12931",-0.34491182520385,2.503988061755,-2.84889988695885,0.34491182520385,2.503988061755,2.84889988695885,"mixed or incomplete"
"mouse KO vs WT vs mouse KD vs control","Reactome","R-MMU-71291","Metabolism of amino acids and derivatives","either",0.05,"opposite direction",-2.83204692598301,2.83204692598301,1.62226986422942,-1.20977706175359,0.0160976196444126,0.674489352455454,"107869/20539/108682/56454/100678/12041/192166/26943/66811/110695/18263/26444/14874/14661/76238/12035/17254/11898/66885/236539/27053/107272/14431/228608/59029/13171/20810/93747/78038","78920/69077/19173/72947/68346/12036/18247/66997/66948/50880/78038/67824/59010/14874/12389/66902/210009/27364/20425/12411/22117/242669/12035/26446/19175/14431/19184/107869/15473/12041/14645/22123/18242/27376/246221/18104/66514/66194/11484/235386/56551/54375/100434/19125/11898/192166","R-MMU-71291","R-MMU-71291","R-MMU-71291","Metabolism of amino acids and derivatives","Metabolism of amino acids and derivatives","Metabolism of amino acids and derivatives",-1.1365777972168,0.71711706043351,1.79323833836101,-0.171024901746474,-0.144409945377243,TRUE,FALSE,FALSE,"209692/54375/66902/14645/27364/12411/72947/15473/66997/22123/27376/20425/235386/18293/56551/26446/228608/11898/19184/246221/22117/66194/100434/19175/110695/11484/18104/19125/192166",-0.0731992645367898,2.75884766144622,-2.83204692598301,0.0731992645367898,2.75884766144622,2.83204692598301,"mixed or incomplete"
"mouse KO vs WT vs mouse KD vs control","Reactome","R-MMU-211935","Fatty acids","either",0.05,"opposite direction",-2.78413640217919,2.78413640217919,1.18335536788994,-1.60078103428925,0.654733424470267,0.012379438725724,"11529","56448/11529/13110","R-MMU-211935","R-MMU-211935","R-MMU-211935","Fatty acids","Fatty acids","Fatty acids",-1.63145642104506,0.0274608683252631,0.183935487560568,-1.90729904544892,-1.56128573429125,FALSE,TRUE,TRUE,"13110/56448/11529",0.03067538675581,2.814811788935,-2.78413640217919,0.03067538675581,2.814811788935,2.78413640217919,"mixed or incomplete"
"mouse KO vs WT vs mouse KD vs control","Reactome","R-MMU-196854","Metabolism of vitamins and cofactors","either",0.05,"opposite direction",-2.77269026452033,2.77269026452033,1.69028538324702,-1.08240488127331,0.0138657046302696,0.936978031192353,"270685/192185/17768/11603/14873/77697/226518/108037/71883/20525/52710/107747/216188/17250/20509/67914/11651/66904/15529/246703/67096/15926/14104/107476/71743/78038/16971/18113/14733/72621/69568/69225/109754/108156/230027/66812/17850/69372/110821/19286/105663/239393/68646/20425/14287/73132/319945/23888","110821/107885/268566/26363/108037/217707/67096/68591/71883/108156/20969/67283/56738/71743/77697/14735/12850/73132/17252/14733/78038/50500/72621/210009/20425/216188/66904/27973/216134/230027/14528/246703/69906/239393/11761/109672/270685/20527/107476/107747/52710/14104/15529/74080/68087/105387/12494/19659/18605/109754","R-MMU-196854","R-MMU-196854","R-MMU-196854","Metabolism of vitamins and cofactors","Metabolism of vitamins and cofactors","Metabolism of vitamins and cofactors",-1.07604643801909,0.820663298996302,1.85805805545777,-0.0282705916562822,-0.0858349882896661,TRUE,FALSE,FALSE,"12850/66904/320415/68591/18113/16971/108037/230125/103711/52710/11428/107885/14733/100705/27973/18605/216188/67861/71743/270685/69906/217707/52466/56738/11761/20425/107476/26363/67283/15529/74080/14104/107747/20527/12494/14528/109672/105387/216134/109754/19659/68087",-0.00635844325422008,2.76633182126611,-2.77269026452033,0.00635844325422008,2.76633182126611,2.77269026452033,"mixed or incomplete"
"mouse KO vs WT vs mouse KD vs control","Reactome","R-MMU-72766","Translation","either",0.05,"opposite direction",-2.76067862901965,2.76067862901965,1.91565806715594,-0.845020561863712,2.06415807312743e-06,1,"13627/27397/74776/224045/13685/27207/27979/26444/27050/27370/13629/54709/20091/13681/69089/66855/67768/68028/18458/26961/20085/67427/20103/68537/59029/67707/235606/66047/27367/55949/19934/16898/67895/73830/68836/66407/69956/268449/75452/67840/76808/27398/16341/270106/216080/108067/56040/14852/67115/269261/67160/64659/16785/208643/20813/20102/67281/19181/67871/77987/19981/67891/11837/67673/100043813/121022/65111/56282/55944/20090/19944/70316/68052/20116/66085/211253/19982/20104/19167/67097/100502825/107732/94062/66242/67212/71745/66661/118451/239555/19173/22121/67089/66656/19943/67270/353242/69163/67674/20084/100503670/98221/75617/67025/17463/66480/66230/75705/19935/66448/56550/66105/27395/19942/53356/50529/18100/66258/22384/56284/22123/19988/20115/76846/94066/54127/20005/26441/57294/19170/70247/78294/67204/213753","17705/66407/19941/69077/24067/17711/65111/19173/66047/67707/19943/218506/66997/73830/320806/209354/235606/66656/13681/27397/108067/53356/22187/216767/65019/60441/19921/68463/66242/67671/66163/67036/26446/19175/94064/24030/50529/75452/217337/19184/239555/64660/56438/22123/66258/26961/64656/16341/74776/68572/68537/56282/68135/67212/121022/55944/75705/223691/107732","R-MMU-72766","R-MMU-72766","R-MMU-72766","Translation","Translation","Translation",-0.890725331063278,0.974358175716188,5.68525704752046,0,-0.0112813663835205,TRUE,FALSE,FALSE,"67840/69077/17705/57837/69089/13667/27398/19173/66407/68836/235606/239555/99045/66845/13681/67036/78294/211253/66258/102060/24030/56438/66163/64656/17711/22187/79044/65019/66997/24067/55944/68463/22123/50529/217337/68537/56282/19941/26446/19942/19921/67671/223691/216767/107732/19184/75705/16341/67212/68135/26961/94064/60441/68572/75452/19175/64660",0.045704769199566,2.80638339821922,-2.76067862901965,0.045704769199566,2.80638339821922,2.76067862901965,"mixed or incomplete"
"mouse KO vs WT vs mouse KD vs control","Reactome","R-MMU-913531","Interferon Signaling","either",0.05,"opposite direction",-2.74270948198527,2.74270948198527,1.75552651498341,-0.987182967001859,0.00363018354294996,1,"99899/24110/100038882/230073/14469/16391/74153/22142/22059/67951/17999/22143/18148/13681/19106/227613/13690/230861/14272/217069/22146/22152/56791/26987/12702/72775/231655/14088/67030/208643/108058/26417/100040608","230861/56469/22143/14229/22059/69928/72775/12323/26399/13681/53857/22187/19052/12325/56208/26417/71885/22142/192170/21357/67030/20848/17999/15980/108058/20892/15979/12702/22151/73710","R-MMU-913531","R-MMU-913531","R-MMU-913531","Interferon Signaling","Interferon Signaling","Interferon Signaling",-0.867538337782798,0.967682949411155,2.44007141637568,0,-0.0142669111581368,TRUE,FALSE,FALSE,"16211/12323/14229/12702/67030/12703/18753/69928/54721/56469/60534/217069/20698/13681/78294/26399/22142/21357/104806/22187/19052/15979/20892/20848/22059/22151/192170/56208/73710/71885",-0.119644629219061,2.62306485276621,-2.74270948198527,0.119644629219061,2.62306485276621,2.74270948198527,"mixed or incomplete"
"mouse KO vs WT vs mouse KD vs control","Reactome","R-MMU-196849","Metabolism of water-soluble vitamins and cofactors","either",0.05,"opposite direction",-2.71604760465375,2.71604760465375,1.70706383469114,-1.00898376996261,0.0126546713352531,1,"270685/192185/17768/14873/77697/226518/108037/20525/52710/107747/216188/17250/20509/66904/246703/67096/14104/107476/71743/78038/18113/72621/69225/109754/108156/66812/17850/69372/110821/105663/68646/20425/14287/73132/319945/23959/230125/110948/29807/69906/74450/109129/12494/52466/17769","110821/107885/268566/26363/108037/67096/68591/108156/67283/56738/71743/77697/73132/78038/72621/210009/20425/216188/66904/216134/246703/69906/11761/109672/270685/20527/107476/107747/52710/14104/74080/68087/12494/18605/109754","R-MMU-196849","R-MMU-196849","R-MMU-196849","Metabolism of water-soluble vitamins and cofactors","Metabolism of water-soluble vitamins and cofactors","Metabolism of water-soluble vitamins and cofactors",-1.08684484430814,0.805960454836859,1.89774912977396,0,-0.0936862667153387,TRUE,FALSE,FALSE,"66904/68591/18113/108037/230125/103711/52710/107885/100705/18605/216188/71743/270685/69906/52466/56738/11761/20425/107476/26363/67283/74080/14104/107747/20527/12494/109672/216134/109754/68087",0.0778610743455299,2.79390867899928,-2.71604760465375,0.0778610743455299,2.79390867899928,2.71604760465375,"mixed or incomplete"
"mouse KO vs WT vs mouse KD vs control","Reactome","R-MMU-1169410","Antimicrobial mechanism of IFN-stimulated genes","either",0.05,"opposite direction",-2.64099254094034,2.64099254094034,1.79225118943806,-0.848741351502285,0.0076649032426815,1,"24110/100038882/230073/14469/74153/22142/22059/67951/17999/22143/18148/13681/19106/227613/13690/230861/14272/217069/22146/22152/56791/26987/72775/231655/14088/67030/208643/26417/100040608","56208/26417/71885/22142/192170/21357/67030/20848/17999/20892/22151/73710","R-MMU-1169410","R-MMU-1169410","R-MMU-1169410","Antimicrobial mechanism of IFN-stimulated genes","Antimicrobial mechanism of IFN-stimulated genes","Antimicrobial mechanism of IFN-stimulated genes",-0.853281771491786,0.9680465816183,2.1154933230581,0,-0.0141037442896962,TRUE,FALSE,FALSE,"69928/60534/217069/20698/13681/26399/22142/21357/104806/19052/20892/20848/22059/22151/192170/56208/73710/71885",0.00454041998950094,2.64553296092985,-2.64099254094034,0.00454041998950094,2.64553296092985,2.64099254094034,"mixed or incomplete"
"mouse KO vs WT vs mouse KD vs control","Reactome","R-MMU-983712","Ion channel transport","either",0.05,"opposite direction",2.59325370610435,2.59325370610435,-1.57719516587239,1.01605854023196,0.04790827197662,1,"101772/56407/12723/26373/21871/11975/22186/50770/94178/11974/246788/14605/108664/66144/252972/11979/22063/22190/22368/105722/11977/11984/11973/114143/14628/13830/212989/11931/11966/12724/11964/66335/73834/11972/12728","13830/170755/101772/50770/66144/74568/27219/65973/320940/241633/11966/27060/11972/58800/11974/24115/114143/252972/108664/12723/11973/22063/76295/66290/382014/22186/170759","R-MMU-983712","R-MMU-983712","R-MMU-983712","Ion channel transport","Ion channel transport","Ion channel transport",1.10069091358883,0.785003811154921,-1.31958949360758,0,0.105128234771265,TRUE,FALSE,FALSE,"101772/74568/22063/11931/76295/65973/50770/11964/13830/320940/382014/108664/66144/12728/22186/11966/66290/11933/170755/11974/27219/107568/12724/11928/110157/102566",-0.0846323733568701,-2.67788607946122,2.59325370610435,0.0846323733568701,2.67788607946122,2.59325370610435,"KD opposite"
"mouse KO vs WT vs mouse KD vs control","Reactome","R-MMU-72689","Formation of a pool of free 40S subunits","either",0.05,"shared positive",-1.58359492812772,1.58359492812772,2.29461817552681,0.711023247399087,1.68820583081066e-06,1,"27207/27979/27050/27370/54709/20091/68028/26961/20085/67427/20103/27367/19934/16898/73830/268449/76808/16341/270106/56040/67115/269261/16785/20102/67281/19981/67891/11837/100043813/55944/20090/19944/68052/20116/66085/19982/20104/67097/100502825/22121/19943/20084/100503670/98221/75617/67025/66480/19942/53356/19988/20115/76846/54127/20005/57294","269261/270106/14109/66481/98221/20088/76808/13669/100503670/78655/20044/16898/66480/20005/22186/20042/67427/100042807/20084","R-MMU-72689","R-MMU-72689","R-MMU-72689","Formation of a pool of free 40S subunits","Formation of a pool of free 40S subunits","Formation of a pool of free 40S subunits",1.45078642672217,0.194561383788137,5.7725746040755,0,0.710943353543179,TRUE,FALSE,FALSE,"14109/20042/20088/67427/76808/57294/22121/67248/20085/20103/20091/20115/100503670/270106/75617/22186/68028/66475/16898/13669/27050/20102/66481/269261/20090/20005/19981/19989/16785/66480/54127/19934/267019/19933/110954/19982/19988/67115/67891/66235/100043813",-0.739763179323083,0.84383174880464,-1.58359492812772,0.739763179323083,0.84383174880464,1.58359492812772,"all positive"
"mouse KO vs WT vs mouse KD vs control","Reactome","R-MMU-156827","L13a-mediated translational silencing of Ceruloplasmin expression","either",0.05,"shared positive",-1.50953332979125,1.50953332979125,2.23374854729427,0.724215217503021,1.8706741154016e-06,1,"27207/27979/27050/27370/54709/20091/13681/68028/18458/26961/20085/67427/20103/27367/19934/16898/73830/268449/76808/16341/270106/56040/67115/269261/16785/208643/20102/67281/19981/67891/11837/100043813/55944/20090/19944/68052/20116/66085/19982/20104/67097/100502825/22121/19943/20084/100503670/98221/75617/67025/66480/75705/19942/53356/22384/19988/20115/76846/54127/20005/57294/67204/110954/19989","269261/270106/14109/67204/66481/98221/13682/20088/76808/13669/100503670/78655/20044/16898/66480/20005/22186/20042/67427/100042807/20084","R-MMU-156827","R-MMU-156827","R-MMU-156827","L13a-mediated translational silencing of Ceruloplasmin expression","L13a-mediated translational silencing of Ceruloplasmin expression","L13a-mediated translational silencing of Ceruloplasmin expression",1.5270098474531,0.129813793602864,5.72800186306646,0,0.886679158326612,TRUE,FALSE,FALSE,"13682/14109/20042/20088/67427/76808/57294/22121/67248/20085/20103/208643/20091/20115/100503670/270106/75617/22186/68028/66475/16898/13669/27050/20102/66481/269261/20090/20005/26905/67204/19981/19989/16785/66480/54127/19934/267019/19933/110954/19982/19988/67115/67891/13684/66235/100043813",-0.802794629950079,0.70673869984117,-1.50953332979125,0.802794629950079,0.70673869984117,1.50953332979125,"all positive"
"mouse KO vs WT vs mouse KD vs control","Reactome","R-MMU-72706","GTP hydrolysis and joining of the 60S ribosomal subunit","either",0.05,"shared positive",-1.42483314495181,1.42483314495181,2.20531255106869,0.780479406116878,2.31127495886896e-06,1,"27207/27979/27050/27370/54709/20091/13681/68028/26961/20085/67427/20103/27367/19934/16898/73830/268449/76808/16341/270106/56040/67115/269261/16785/208643/20102/67281/19981/67891/11837/100043813/55944/20090/19944/68052/20116/66085/19982/20104/67097/100502825/22121/19943/20084/100503670/98221/75617/67025/66480/75705/19942/53356/22384/19988/20115/76846/54127/20005/57294/67204/110954/19989","269261/270106/14109/67204/66481/98221/13682/20088/76808/13669/100503670/78655/20044/16898/217869/66480/20005/22186/20042/67427/100042807/20084","R-MMU-72706","R-MMU-72706","R-MMU-72706","GTP hydrolysis and joining of the 60S ribosomal subunit","GTP hydrolysis and joining of the 60S ribosomal subunit","GTP hydrolysis and joining of the 60S ribosomal subunit",1.57040538034575,0.129813793602864,5.63614838597207,0,0.886679158326612,TRUE,FALSE,FALSE,"13682/14109/20042/217869/20088/67427/76808/57294/22121/67248/20085/20103/208643/20091/20115/100503670/270106/75617/22186/68028/66475/16898/13669/27050/20102/66481/269261/20090/20005/26905/67204/19981/19989/16785/66480/54127/19934/267019/19933/110954/19982/19988/67115/67891/13684/66235/100043813",-0.789925974228872,0.63490717072294,-1.42483314495181,0.789925974228872,0.63490717072294,1.42483314495181,"all positive"
"mouse KO vs WT vs mouse KD vs control","Reactome","R-MMU-72613","Eukaryotic Translation Initiation","either",0.05,"shared positive",-1.41554475957883,1.41554475957883,2.09320881846113,0.677664058882296,1.27127299961892e-05,1,"224045/13685/27207/27979/27050/27370/54709/20091/13681/68028/18458/26961/20085/67427/20103/27367/19934/16898/73830/268449/76808/16341/270106/108067/56040/67115/269261/16785/208643/20102/67281/19981/67891/11837/100043813/55944/20090/19944/68052/20116/66085/19982/20104/67097/100502825/22121/19943/20084/100503670/98221/75617/67025/66480/75705/19942/53356/22384/19988/20115/76846/54127/20005/57294/67204/110954/19989","269261/270106/14109/67204/66481/98221/13682/20088/76808/13669/100503670/78655/20044/16898/217869/66480/20005/22186/20042/67427/100042807/20084","R-MMU-72613","R-MMU-72613","R-MMU-72613","Eukaryotic Translation Initiation","Eukaryotic Translation Initiation","Eukaryotic Translation Initiation",1.59226569991573,0.123593119421993,4.89576117682851,0,0.908005706271778,TRUE,FALSE,FALSE,"13682/14109/20042/217869/224045/20088/67427/76808/57294/22121/67248/20085/20103/208643/20091/20115/100503670/270106/75617/22186/68028/66475/16898/13669/27050/20102/66481/269261/20090/20005/26905/67204/19981/19989/16785/66480/54127/19934/267019/19933/110954/19982/19988/67115/67891/13684/217715/66235/100043813",-0.914601641033434,0.5009431185454,-1.41554475957883,0.914601641033434,0.5009431185454,1.41554475957883,"all positive"
"mouse KO vs WT vs mouse KD vs control","Reactome","R-MMU-72737","Cap-dependent Translation Initiation","either",0.05,"shared positive",-1.41554475957883,1.41554475957883,2.09320881846113,0.677664058882296,1.27127299961892e-05,1,"224045/13685/27207/27979/27050/27370/54709/20091/13681/68028/18458/26961/20085/67427/20103/27367/19934/16898/73830/268449/76808/16341/270106/108067/56040/67115/269261/16785/208643/20102/67281/19981/67891/11837/100043813/55944/20090/19944/68052/20116/66085/19982/20104/67097/100502825/22121/19943/20084/100503670/98221/75617/67025/66480/75705/19942/53356/22384/19988/20115/76846/54127/20005/57294/67204/110954/19989","269261/270106/14109/67204/66481/98221/13682/20088/76808/13669/100503670/78655/20044/16898/217869/66480/20005/22186/20042/67427/100042807/20084","R-MMU-72737","R-MMU-72737","R-MMU-72737","Cap-dependent Translation Initiation","Cap-dependent Translation Initiation","Cap-dependent Translation Initiation",1.59226569991573,0.123593119421993,4.89576117682851,0,0.908005706271778,TRUE,FALSE,FALSE,"13682/14109/20042/217869/224045/20088/67427/76808/57294/22121/67248/20085/20103/208643/20091/20115/100503670/270106/75617/22186/68028/66475/16898/13669/27050/20102/66481/269261/20090/20005/26905/67204/19981/19989/16785/66480/54127/19934/267019/19933/110954/19982/19988/67115/67891/13684/217715/66235/100043813",-0.914601641033434,0.5009431185454,-1.41554475957883,0.914601641033434,0.5009431185454,1.41554475957883,"all positive"
"mouse KO vs WT vs mouse KD vs control","Reactome","R-MMU-9954716","ZNF598 and the Ribosome-associated Quality Trigger (RQT) complex dissociate a ribosome stalled on a no-go mRNA","either",0.05,"shared positive",-1.3215441169341,1.3215441169341,2.23918810771417,0.917643990780074,9.85389539086018e-06,1,"27207/27050/27370/20091/68028/26961/20085/67427/20103/27367/19934/16898/268449/75452/76808/270106/216080/56040/67115/269261/16785/20102/67281/77987/19981/67891/11837/100043813/20090/19944/68052/20116/19982/20104/67097/100502825/22121/19943/20084/100503670/75617/67025/66480/56550/66105/19942/19988/20115/76846/54127/20005/57294/78294/213753/110954/19989","269261/270106/14109/66481/20088/76808/100503670/20044/16898/66480/20005/22186/20042/67427/20084/77987/67097/19989/67025/20104/75617/267019/54127/67248/20115/19988/19981/213753/56550/100043813/19934/68028/68193/27050/16785/57294/66475","R-MMU-9954716","R-MMU-9954716","R-MMU-9954716","ZNF598 and the Ribosome-associated Quality Trigger (RQT) complex dissociate a ribosome stalled on a no-go mRNA","ZNF598 and the Ribosome-associated Quality Trigger (RQT) complex dissociate a ribosome stalled on a no-go mRNA","ZNF598 and the Ribosome-associated Quality Trigger (RQT) complex dissociate a ribosome stalled on a no-go mRNA",1.60465651102087,0.170771797673564,5.00639205251507,0,0.76758384984173,TRUE,FALSE,FALSE,"14109/20042/20088/67427/76808/57294/22121/67248/66105/20085/20103/20091/20115/100503670/270106/75617/22186/68028/66475/16898/27050/20102/66481/269261/20090/20005/19981/19989/16785/66480/54127/19934/267019/19933/110954/19982/19988/67115/67891/100043813/20054/216080/20068/20104/20055/76846/68193/20044",-0.687012520240796,0.6345315966933,-1.3215441169341,0.687012520240796,0.6345315966933,1.3215441169341,"all positive"
"mouse KO vs WT vs mouse KD vs control","Reactome","R-MMU-1169408","ISG15 antiviral mechanism","either",0.05,"shared positive",-1.3095049501728,1.3095049501728,1.95592877347535,0.646423823302548,0.0112087040176715,1,"24110/100038882/230073/74153/17999/13681/19106/13690/230861/217069/56791/26987/208643/26417","19106/286940/13682/56791/19043/18803/24110/230073/100038882","R-MMU-1169408","R-MMU-1169408","R-MMU-1169408","ISG15 antiviral mechanism","ISG15 antiviral mechanism","ISG15 antiviral mechanism",1.23527440298632,0.705234732031575,1.950444598869,0,0.15166630732249,TRUE,FALSE,FALSE,"13682/13690/208643/19043/66892/23806/286940/56791/54131/26987/13684/22194/24110",-0.588850579683772,0.72065437048903,-1.3095049501728,0.588850579683772,0.72065437048903,1.3095049501728,"all positive"
"mouse KO vs WT vs mouse KD vs control","Reactome","R-MMU-1799339","SRP-dependent cotranslational protein targeting to membrane","either",0.05,"shared positive",-1.26669423938074,1.26669423938074,2.21778539622941,0.951091156848674,2.6527642845892e-05,1,"27207/27050/27370/20091/68028/26961/20085/67427/20103/27367/19934/16898/268449/76808/270106/56040/67115/269261/16785/20813/20102/67281/19981/67891/11837/100043813/20090/19944/68052/20116/19982/20104/67097/100502825/66661/22121/19943/20084/100503670/75617/67025/66480/19942/19988/20115/76846/54127/20005/57294/110954/19989","269261/270106/14109/66481/20088/76808/20813/100503670/20044/16898/66480/20005/22186/20042/67427/20084/27058/67097/19989/67025/20104/75617/267019/54127/67248/20115/19988/19981/100043813/19934/68028/68193/27050/16785/57294/66475","R-MMU-1799339","R-MMU-1799339","R-MMU-1799339","SRP-dependent cotranslational protein targeting to membrane","SRP-dependent cotranslational protein targeting to membrane","SRP-dependent cotranslational protein targeting to membrane",1.64839142774761,0.129813793602864,4.57630133820093,0,0.886679158326612,TRUE,FALSE,FALSE,"14109/20042/20088/67427/76808/57294/22121/67248/20085/20103/20091/20115/100503670/270106/75617/22186/68028/66475/16898/27050/20102/66481/269261/20090/20005/19981/19989/16785/66480/54127/19934/267019/19933/110954/19982/19988/67115/67891",-0.697300270898936,0.5693939684818,-1.26669423938074,0.697300270898936,0.5693939684818,1.26669423938074,"all positive"
"mouse KO vs WT vs mouse KD vs control","Reactome","R-MMU-6791226","Major pathway of rRNA processing in the nucleolus and cytosol","either",0.05,"shared positive",-1.2484532303698,1.2484532303698,1.84266637777755,0.594213147407746,0.000253224367426817,1,"27207/213773/12181/27050/27370/20091/68028/57315/225348/26961/20085/67427/20103/57750/72515/27367/19934/16898/73674/53414/268449/76808/229504/59028/270106/67134/56040/67115/269261/27966/66138/16785/20102/67281/19981/67891/216156/215193/11837/100043813/20090/19944/17975/56200/68052/269470/20116/102462/19982/20104/67097/100502825/208366/74778/22121/74035/75273/19943/110816/66249/20084/100503670/56095/75617/67025/24128/104662/30877/66480/208144/104318/19942/55989/19988/20115/76846/54127/14791/20005/57294/100608/110954/67053/57316/19989/76130/230082/67941/67248/64934","269261/270106/14109/24128/68533/59028/208366/66164/66481/67276/20088/76808/54364/18572/100503670/20044/16898/21771/66480/20005/22186/20042/67427/20084/234374/30877/67134/67097/67619/67045/14791/19989","R-MMU-6791226","R-MMU-6791226","R-MMU-6791226","Major pathway of rRNA processing in the nucleolus and cytosol","Major pathway of rRNA processing in the nucleolus and cytosol","Major pathway of rRNA processing in the nucleolus and cytosol",1.19157374990543,0.57156560465913,3.59649450509302,0,0.24293391381422,TRUE,FALSE,FALSE,"68533/14109/20042/20088/67427/76808/57294/22121/59028/66164/67248/20085/20103/20091/20115/100503670/270106/21771/75617/22186/68028/66475/16898/54364/14791/27050/20102/66481/269261/20090/229504/30877/20005/24128/19981/19989/67619/16785/66480/54127/18572/19934/267019/19933/102462/67276/110954/19982/19988/67115/67891/100043813/67045/55989/215193/20054/20068/234374/67134/105372/20104/74035/20055/76846/68193/67676/52705/20044",-0.597360602497684,0.65109262787212,-1.2484532303698,0.597360602497684,0.65109262787212,1.2484532303698,"all positive"
"mouse KO vs WT vs mouse KD vs control","Reactome","R-MMU-72312","rRNA processing","either",0.05,"shared positive",-1.2484532303698,1.2484532303698,1.84266637777755,0.594213147407746,0.000253224367426817,1,"27207/213773/12181/27050/27370/20091/68028/57315/225348/26961/20085/67427/20103/57750/72515/27367/19934/16898/73674/53414/268449/76808/229504/59028/270106/67134/56040/67115/269261/27966/66138/16785/20102/67281/19981/67891/216156/215193/11837/100043813/20090/19944/17975/56200/68052/269470/20116/102462/19982/20104/67097/100502825/208366/74778/22121/74035/75273/19943/110816/66249/20084/100503670/56095/75617/67025/24128/104662/30877/66480/208144/104318/19942/55989/19988/20115/76846/54127/14791/20005/57294/100608/110954/67053/57316/19989/76130/230082/67941/67248/64934","269261/270106/14109/24128/68533/59028/208366/66164/66481/67276/20088/76808/54364/18572/100503670/20044/16898/21771/66480/20005/22186/20042/67427/20084/234374/30877/67134/67097/67619/67045/14791/19989","R-MMU-72312","R-MMU-72312","R-MMU-72312","rRNA processing","rRNA processing","rRNA processing",1.19157374990543,0.57156560465913,3.59649450509302,0,0.24293391381422,TRUE,FALSE,FALSE,"68533/14109/20042/20088/67427/76808/57294/22121/59028/66164/67248/20085/20103/20091/20115/100503670/270106/21771/75617/22186/68028/66475/16898/54364/14791/27050/20102/66481/269261/20090/229504/30877/20005/24128/19981/19989/67619/16785/66480/54127/18572/19934/267019/19933/102462/67276/110954/19982/19988/67115/67891/100043813/67045/55989/215193/20054/20068/234374/67134/105372/20104/74035/20055/76846/68193/67676/52705/20044",-0.597360602497684,0.65109262787212,-1.2484532303698,0.597360602497684,0.65109262787212,1.2484532303698,"all positive"
"mouse KO vs WT vs mouse KD vs control","Reactome","R-MMU-8868773","rRNA processing in the nucleus and cytosol","either",0.05,"shared positive",-1.2484532303698,1.2484532303698,1.84266637777755,0.594213147407746,0.000253224367426817,1,"27207/213773/12181/27050/27370/20091/68028/57315/225348/26961/20085/67427/20103/57750/72515/27367/19934/16898/73674/53414/268449/76808/229504/59028/270106/67134/56040/67115/269261/27966/66138/16785/20102/67281/19981/67891/216156/215193/11837/100043813/20090/19944/17975/56200/68052/269470/20116/102462/19982/20104/67097/100502825/208366/74778/22121/74035/75273/19943/110816/66249/20084/100503670/56095/75617/67025/24128/104662/30877/66480/208144/104318/19942/55989/19988/20115/76846/54127/14791/20005/57294/100608/110954/67053/57316/19989/76130/230082/67941/67248/64934","269261/270106/14109/24128/68533/59028/208366/66164/66481/67276/20088/76808/54364/18572/100503670/20044/16898/21771/66480/20005/22186/20042/67427/20084/234374/30877/67134/67097/67619/67045/14791/19989","R-MMU-8868773","R-MMU-8868773","R-MMU-8868773","rRNA processing in the nucleus and cytosol","rRNA processing in the nucleus and cytosol","rRNA processing in the nucleus and cytosol",1.19157374990543,0.57156560465913,3.59649450509302,0,0.24293391381422,TRUE,FALSE,FALSE,"68533/14109/20042/20088/67427/76808/57294/22121/59028/66164/67248/20085/20103/20091/20115/100503670/270106/21771/75617/22186/68028/66475/16898/54364/14791/27050/20102/66481/269261/20090/229504/30877/20005/24128/19981/19989/67619/16785/66480/54127/18572/19934/267019/19933/102462/67276/110954/19982/19988/67115/67891/100043813/67045/55989/215193/20054/20068/234374/67134/105372/20104/74035/20055/76846/68193/67676/52705/20044",-0.597360602497684,0.65109262787212,-1.2484532303698,0.597360602497684,0.65109262787212,1.2484532303698,"all positive"
"mouse KO vs WT vs mouse KD vs control","Reactome","R-MMU-72649","Translation initiation complex formation","either",0.05,"shared positive",-1.23939714105813,1.23939714105813,1.98748418898882,0.748087047930686,0.00232260284671479,1,"27207/27979/27050/27370/54709/20091/13681/18458/20085/67427/20103/16898/73830/16341/16785/208643/20102/100043813/55944/20090/68052/20116/66085/20104/67097/20084/98221/75617/75705/53356/22384/20115/76846/54127/57294/67204","14109/67204/66481/98221/13682/20088/13669/78655/20044/16898/22186/20042/67427/100042807/20084","R-MMU-72649","R-MMU-72649","R-MMU-72649","Translation initiation complex formation","Translation initiation complex formation","Translation initiation complex formation",1.63941651010752,0.13921524293494,2.63402504600094,0,0.856313210414354,TRUE,FALSE,FALSE,"13682/14109/20042/20088/67427/57294/20085/20103/208643/20091/20115/75617/22186/66475/16898/13669/27050/20102/66481/20090/26905/67204/16785/54127",-0.891329462176834,0.3480676788813,-1.23939714105813,0.891329462176834,0.3480676788813,1.23939714105813,"all positive"
"mouse KO vs WT vs mouse KD vs control","Reactome","R-MMU-72662","Activation of the mRNA upon binding of the cap-binding complex and eIFs, and subsequent binding to 43S","either",0.05,"shared positive",-1.23765922317718,1.23765922317718,2.00496230671976,0.767303083542585,0.000620527189247212,1,"13685/27207/27979/27050/27370/54709/20091/13681/18458/20085/67427/20103/16898/73830/16341/16785/208643/20102/100043813/55944/20090/68052/20116/66085/20104/67097/20084/98221/75617/75705/53356/22384/20115/76846/54127/57294/67204","14109/67204/66481/98221/13682/20088/13669/78655/20044/16898/22186/20042/67427/100042807/20084/67097/13685/66235/20104/75617/267019/54127","R-MMU-72662","R-MMU-72662","R-MMU-72662","Activation of the mRNA upon binding of the cap-binding complex and eIFs, and subsequent binding to 43S","Activation of the mRNA upon binding of the cap-binding complex and eIFs, and subsequent binding to 43S","Activation of the mRNA upon binding of the cap-binding complex and eIFs, and subsequent binding to 43S",1.66483979701683,0.160833027495611,3.20723918454183,0,0.793624762887073,TRUE,FALSE,FALSE,"13682/14109/20042/20088/67427/57294/20085/20103/208643/20091/20115/75617/22186/66475/16898/13669/27050/20102/66481/20090/26905/67204/16785/54127",-0.897536713474245,0.34012250970293,-1.23765922317718,0.897536713474245,0.34012250970293,1.23765922317718,"all positive"
"mouse KO vs WT vs mouse KD vs control","Reactome","R-MMU-72163","mRNA Splicing - Major Pathway","either",0.05,"shared negative",1.16795659786667,1.16795659786667,-1.79504435120284,-0.627087753336175,0.000178724730524946,1,"28035/53317/66070/69833/56194/67958/101943/21681/69241/108121/20630/28000/70052/66354/64340/68592/66101/69192/433702/66642/67480/83486/67285/227707/68816/60321/320632/209416/192160/67039/19826/53379/94315/71713/27967/69757/69207/67465/212880/20220/18949/237859/13204/76479/56258/54723/24010/98758/192159/209003/330361/193116/67332/19205/98053/67418/66801/231329/60365/74255/67678/545085/67710/66877/51796/72198/20641/238831/17149/208768/108160/70767/27366/68879/68183","68816/66585/67050/66810/60365/72886/107686/66177/68092/66094/67684/18949/72198/76522/67418/24010/20020/67480/72459/51796/71713/74326/108014/192159/53317/75062/66801/20382/15388/66354/209416/53607/66983/66420/67332/67465/20630/66070/66125/77644/69920/20637/69878/236732/66491/193116/68988/54633/107701/59013/217207/17749/72047/74351/237859/20624/192160/19655/18521/20826/53817/192170/68479/67959/545085/21681/69833/15382","R-MMU-72163","R-MMU-72163","R-MMU-72163","mRNA Splicing - Major Pathway","mRNA Splicing - Major Pathway","mRNA Splicing - Major Pathway",-0.96183879772794,0.91042855269198,-3.74781534907576,0,-0.0407541304721579,TRUE,FALSE,FALSE,"74351/72047/69192/68479/66125/66983/18521/67465/20382/15382/67480/59013/20630/545085/17749/69833/192170/20020/237859/20624/21681/192160/217207/67959/193116/192159",0.334751044391765,-0.8332055534749,1.16795659786667,0.334751044391765,0.8332055534749,1.16795659786667,"all negative"
"mouse KO vs WT vs mouse KD vs control","Reactome","R-MMU-72702","Ribosomal scanning and start codon recognition","either",0.05,"shared positive",-1.13973569846474,1.13973569846474,1.9539634720197,0.814227773554964,0.00363018354294996,1,"27207/27979/27050/27370/54709/20091/13681/20085/67427/20103/16898/73830/16341/16785/208643/20102/100043813/55944/20090/68052/20116/66085/20104/67097/20084/98221/75617/75705/53356/22384/20115/76846/54127/57294/67204","14109/67204/66481/98221/13682/20088/13669/78655/20044/16898/217869/22186/20042/67427/100042807/20084","R-MMU-72702","R-MMU-72702","R-MMU-72702","Ribosomal scanning and start codon recognition","Ribosomal scanning and start codon recognition","Ribosomal scanning and start codon recognition",1.70088903610191,0.123593119421993,2.44007141637568,0,0.908005706271778,TRUE,FALSE,FALSE,"13682/14109/20042/217869/20088/67427/57294/20085/20103/208643/20091/20115/75617/22186/66475/16898/13669/27050/20102/66481/20090/26905/67204/16785/54127",-0.886661262546946,0.25307443591779,-1.13973569846474,0.886661262546946,0.25307443591779,1.13973569846474,"all positive"
"mouse KO vs WT vs mouse KD vs control","Reactome","R-MMU-72695","Formation of the ternary complex, and subsequently, the 43S complex","either",0.05,"shared positive",-1.12884237935716,1.12884237935716,1.98505539277577,0.856213013418606,0.00185398964331947,1,"27207/27979/27050/27370/54709/20091/20085/67427/20103/16898/73830/16341/16785/20102/100043813/55944/20090/68052/20116/66085/20104/67097/20084/98221/75617/53356/20115/76846/54127/57294/67204","14109/67204/66481/98221/20088/13669/78655/20044/16898/22186/20042/67427/100042807/20084/67097/66235/20104/75617/267019/54127","R-MMU-72695","R-MMU-72695","R-MMU-72695","Formation of the ternary complex, and subsequently, the 43S complex","Formation of the ternary complex, and subsequently, the 43S complex","Formation of the ternary complex, and subsequently, the 43S complex",1.62546056637082,0.138772169590518,2.73189269622268,0,0.85769762181455,TRUE,FALSE,FALSE,"14109/20042/20088/67427/57294/20085/20103/20091/20115/75617/22186/66475/16898/13669/27050/20102/66481/20090/26905/67204/16785/54127",-0.769247552952214,0.35959482640495,-1.12884237935716,0.769247552952214,0.35959482640495,1.12884237935716,"all positive"
"mouse KO vs WT vs mouse KD vs control","Reactome","R-MMU-9954714","PELO:HBS1L and ABCE1 dissociate a ribosome on a non-stop mRNA","either",0.05,"shared positive",-1.11449649260136,1.11449649260136,2.18363062788743,1.06913413528607,3.61302941783365e-05,0.936978031192353,"27207/27050/27370/20091/68028/26961/20085/67427/20103/27367/19934/16898/268449/76808/270106/56040/67115/269261/16785/20102/67281/19981/67891/11837/100043813/20090/19944/68052/20116/19982/20104/67097/100502825/22121/19943/20084/100503670/75617/67025/66480/19942/19988/20115/76846/54127/20005/57294/110954/19989","269261/270106/14109/66481/24015/20088/76808/100503670/20044/16898/66480/20005/22186/20042/67427/20084/67097/19989/67025/20104/75617/267019/54127/67248/20115/19988/19981/100043813/19934/68028/68193/27050/16785/57294/66475","R-MMU-9954714","R-MMU-9954714","R-MMU-9954714","PELO:HBS1L and ABCE1 dissociate a ribosome on a non-stop mRNA","PELO:HBS1L and ABCE1 dissociate a ribosome on a non-stop mRNA","PELO:HBS1L and ABCE1 dissociate a ribosome on a non-stop mRNA",1.79067120918756,0.0479801256524487,4.44212850232602,0.0282705916562822,1.31893861901734,TRUE,FALSE,TRUE,"14109/20042/20088/67427/76808/57294/22121/24015/67248/20085/20103/20091/20115/100503670/270106/75617/22186/68028/66475/16898/27050/20102/66481/269261/20090/20005/19981/19989/16785/66480/54127/19934/267019/19933/110954/19982/19988/67115/67891",-0.72153707390149,0.39295941869987,-1.11449649260136,0.72153707390149,0.39295941869987,1.11449649260136,"all positive"
"mouse KO vs WT vs mouse KD vs control","Reactome","R-MMU-72203","Processing of Capped Intron-Containing Pre-mRNA","either",0.05,"shared negative",1.10024187980992,1.10024187980992,-1.76716419280381,-0.666922312993886,8.2878577444323e-05,1,"67197/28035/210529/53317/66070/69833/56194/68598/67958/101943/21681/69241/108121/20630/28000/70052/83410/66354/64340/73666/68592/269966/66101/75210/13684/69192/53319/433702/66642/67480/83486/67285/227707/68816/60321/22186/320632/209416/70699/192160/67039/19826/53379/94315/71713/27967/69757/69207/67465/212880/20220/18949/107939/54188/70044/237859/13204/76479/56258/69482/54723/24010/73826/98758/192159/209003/330361/67337/193116/67332/19205/227720/98053/67418/69823/67797/66801/22190/231329/60365/66118/19647/74255/67678/545085/67710/74320/66877/51796/72198/20641/238831/17149/208768/108160/70767/27366/68879/74737/228410/68183/18141","66354/209416/53607/69912/66983/66420/67332/67465/66511/19069/210529/20630/66070/67225/66125/77644/69920/20637/69878/108062/236732/66491/193116/68988/231042/54633/107701/59013/22187/217207/17749/67178/72047/74351/237859/20624/94230/67197/103468/107829/192160/18141/19655/18521/20826/72787/53817/192170/68479/67959/545085/21681/170762/445007/69833/15382/73826/223921","R-MMU-72203","R-MMU-72203","R-MMU-72203","Processing of Capped Intron-Containing Pre-mRNA","Processing of Capped Intron-Containing Pre-mRNA","Processing of Capped Intron-Containing Pre-mRNA",-0.877654694376332,0.984455536513687,-4.08155771191089,0,-0.00680389423670546,TRUE,FALSE,FALSE,"72047/69192/19069/68479/78294/66125/66983/18521/67465/20382/15382/67480/59013/20630/545085/22187/17749/69833/94230/67178/192170/20020/237859/170762/20624/21681/192160/217207/67959/445007/193116/107829/223921/192159/73826",0.210732381382446,-0.889509498427478,1.10024187980992,0.210732381382446,0.889509498427478,1.10024187980992,"all negative"
"mouse KO vs WT vs mouse KD vs control","Reactome","R-MMU-72172","mRNA Splicing","either",0.05,"shared negative",1.07661817867912,1.07661817867912,-1.76150509354399,-0.684886914864866,0.000287388282485735,1,"72654/67197/28035/53317/66070/69833/56194/67958/101943/21681/69241/108121/20630/28000/70052/66354/64340/68592/66101/69192/433702/66642/67480/83486/67285/227707/68816/60321/320632/209416/192160/67039/19826/53379/94315/71713/27967/69757/69207/67465/212880/20220/18949/237859/13204/76479/56258/54723/24010/98758/192159/209003/330361/193116/67332/19205/98053/67418/67797/66801/231329/60365/74255/67678/545085/67710/66877/51796/72198/20641/238831/17149/208768/108160/70767/27366/68879/68183","68816/66585/67050/66810/60365/72886/107686/66177/68092/66094/67684/18949/72198/76522/67418/24010/20020/67480/72459/51796/71713/74326/108014/76167/192159/53317/75062/66801/20382/15388/66354/209416/53607/66983/66420/67332/67465/20630/66070/67225/66125/77644/69920/20637/69878/236732/66491/193116/68988/54633/107701/59013/217207/17749/67178/72047/74351/237859/20624/67197/192160/19655/18521/20826/53817/192170/68479/67959/545085/21681/69833/15382","R-MMU-72172","R-MMU-72172","R-MMU-72172","mRNA Splicing","mRNA Splicing","mRNA Splicing",-0.998272538653927,0.907758914054524,-3.54153094307559,0,-0.0420294776883466,TRUE,FALSE,FALSE,"53817/78372/20826/19655/74351/72047/69192/68479/66125/66983/18521/67465/20382/15382/67480/59013/20630/545085/17749/69833/67178/192170/20020/237859/20624/21681/192160/217207/67959/193116/192159",0.313385623789061,-0.763232554890063,1.07661817867912,0.313385623789061,0.763232554890063,1.07661817867912,"all negative"
"mouse KO vs WT vs mouse KD vs control","Reactome","R-MMU-9948299","Ribosome-associated quality control","either",0.05,"shared positive",-1.06727472033503,1.06727472033503,1.98297419952164,0.91569947918661,6.9895883189116e-05,1,"27207/26444/27050/27370/20091/66855/68028/26961/20085/67427/20103/59029/27367/19934/16898/268449/75452/76808/270106/216080/56040/67115/269261/16785/20102/67281/19181/77987/19981/67891/11837/67673/100043813/20090/19944/68052/20116/19982/20104/19167/67097/100502825/71745/19173/22121/67089/19943/20084/100503670/75617/67025/17463/66480/56550/66105/19942/22123/19988/20115/76846/54127/20005/26441/57294/19170/70247/78294/213753/110954/19989","269261/26444/270106/57296/14109/59029/19182/66481/67089/17463/24015/20088/76808/100503670/66855/20044/16898/66480/20005/22186/20042/67427/19177/20084/77987","R-MMU-9948299","R-MMU-9948299","R-MMU-9948299","Ribosome-associated quality control","Ribosome-associated quality control","Ribosome-associated quality control",1.47473403809184,0.176577582575105,4.15554840309412,0,0.753064433158828,TRUE,FALSE,FALSE,"57296/14109/20042/20088/67427/21762/76808/57294/22121/17463/24015/67248/66105/19167/20085/20103/66855/20091/20115/100503670/68098/270106/75617/22186/26442/68028/66475/16898/27050/20102/66481/269261/20090/20005/70247/19981/67923/19989/16785/66480/54127/19172/19934/267019/19933/26440/110954/19982/19988/67115/67891",-0.55903455890523,0.5082401614298,-1.06727472033503,0.55903455890523,0.5082401614298,1.06727472033503,"all positive"
"mouse KO vs WT vs mouse KD vs control","Reactome","R-MMU-975956","Nonsense Mediated Decay (NMD) independent of the Exon Junction Complex (EJC)","either",0.05,"shared positive",-1.05665219219677,1.05665219219677,2.08946682607426,1.03281463387749,8.84385490713248e-05,0.994351793325878,"27207/27050/27370/20091/68028/18458/26961/20085/67427/20103/27367/19934/16898/268449/68092/76808/270106/56040/14852/67115/269261/16785/208643/20102/67281/19981/67891/11837/100043813/20090/19944/68052/20116/19982/20104/67097/100502825/22121/19943/20084/100503670/75617/67025/66480/19942/19988/20115/76846/54127/20005/57294","269261/270106/14109/66481/20088/76808/100503670/20044/16898/66480/20005/22186/20042/67427/20084/19704/67097/19989/67025/20104/75617/267019/54127/225363/67248/20115/19988/19981/100043813/19934/68028/68193/27050/16785/57294/66475","R-MMU-975956","R-MMU-975956","R-MMU-975956","Nonsense Mediated Decay (NMD) independent of the Exon Junction Complex (EJC)","Nonsense Mediated Decay (NMD) independent of the Exon Junction Complex (EJC)","Nonsense Mediated Decay (NMD) independent of the Exon Junction Complex (EJC)",1.79542180990598,0.0479801256524487,4.05335839109882,0.00245993867056008,1.31893861901734,TRUE,FALSE,TRUE,"14109/20042/20088/67427/76808/57294/22121/14852/67248/20085/20103/208643/20091/20115/100503670/270106/75617/22186/68028/66475/16898/27050/20102/66481/269261/20090/20005/19981/19989/16785/66480/54127/19934/267019/19933/68092/110954/19982/19988/67115/67891",-0.76260717602849,0.29404501616828,-1.05665219219677,0.76260717602849,0.29404501616828,1.05665219219677,"all positive"
"mouse KO vs WT vs mouse KD vs control","Reactome","R-MMU-9954709","Ribosome Quality Control (RQC) complex extracts and degrades nascent peptide","either",0.05,"shared positive",-0.954757383660419,0.954757383660419,1.67881900263818,0.724061618977761,0.0222800064908169,1,"26444/66855/68028/26961/59029/27367/19934/268449/76808/270106/216080/56040/67115/269261/67281/19181/19981/67891/11837/67673/19944/19982/19167/100502825/71745/19173/22121/67089/19943/100503670/67025/17463/66480/56550/19942/22123/19988/20005/26441/19170/70247/78294/110954/19989","269261/26444/270106/57296/59029/19182/67089/17463/76808/100503670/66855/66480/20005/22186/19177","R-MMU-9954709","R-MMU-9954709","R-MMU-9954709","Ribosome Quality Control (RQC) complex extracts and degrades nascent peptide","Ribosome Quality Control (RQC) complex extracts and degrades nascent peptide","Ribosome Quality Control (RQC) complex extracts and degrades nascent peptide",0.986518475090257,0.907758914054524,1.65208468697562,0,0.0420294776883466,TRUE,FALSE,FALSE,"57296/21762/76808/22121/17463/67248/19167/66855/100503670/68098/270106/22186/26442/68028/269261/20005/70247/19981/67923/19989/66480/19172/19934/19933/26440/110954/19982/19988/67115/67891",-0.262456856112496,0.692300527547923,-0.954757383660419,0.262456856112496,0.692300527547923,0.954757383660419,"all positive"
"mouse KO vs WT vs mouse KD vs control","Reactome","R-MMU-72187","mRNA 3'-end processing","either",0.05,"shared negative",0.866183922110097,0.866183922110097,-1.53748952011127,-0.671305598001173,0.0265712487238749,1,"69833/56194/68598/67958/101943/21681/69241/108121/20630/83410/64340/73666/75210/433702/83486/22186/192160/67039/19826/53379/71713/27967/69207/67465/212880/54188/70044/13204/76479/56258/73826/98758/67337/193116/67332/19205/98053/69823/22190/231329/60365/66118/19647/67710/74320/51796/20641/17149/74737/228410","68188/54451/22190/225160/20020/72459/51796/71713/74326/432508/108014/73666/75062/20382/15388/53607/66420/67332/67465/66511/20630/66125/69920/20637/69878/108062/236732/66491/193116/107701/59013/22187/17749/72047/94230/107829/192160/19655/18521/53817/192170/68479/67959/21681/69833/15382/73826","R-MMU-72187","R-MMU-72187","R-MMU-72187","mRNA 3'-end processing","mRNA 3'-end processing","mRNA 3'-end processing",-0.874296979747983,0.9680465816183,-1.57558803530952,0,-0.0141037442896962,TRUE,FALSE,FALSE,"72047/68479/78294/66125/18521/67465/20382/15382/59013/20630/22187/17749/69833/94230/192170/20020/21681/192160/67959/193116/107829/73826",0.20299138174681,-0.663192540363287,0.866183922110097,0.20299138174681,0.663192540363287,0.866183922110097,"all negative"
"mouse KO vs WT vs mouse KD vs control","Reactome","R-MMU-927802","Nonsense-Mediated Decay (NMD)","either",0.05,"shared positive",-0.827656319385236,0.827656319385236,1.68465972251526,0.857003403130024,0.0160429571056766,1,"27207/27050/27370/20091/68028/18458/26961/20085/67427/20103/27367/19934/16898/268449/68092/76808/270106/67031/56040/14852/67115/269261/16785/208643/20102/67281/19981/67891/11837/100043813/52830/20090/19944/68052/20116/19982/20104/67097/100502825/22121/19943/20084/100503670/75617/67025/66480/19942/229512/192170/19988/20115/76846/54127/66441/20005/57294","269261/270106/14109/66481/20088/76808/226517/100503670/20044/16898/66480/20005/22186/20042/67427/20084/19704/326622/17149/67097/52830/19989/67025/66441/20104/75617/267019/233789/54127/225363/71978/67248/20115/19988/67031/19981/100043813/19934/68028/51792/68193/27050/16785/57294/66475","R-MMU-927802","R-MMU-927802","R-MMU-927802","Nonsense-Mediated Decay (NMD)","Nonsense-Mediated Decay (NMD)","Nonsense-Mediated Decay (NMD)",1.44302489026422,0.176577582575105,1.79471557767836,0,0.753064433158828,TRUE,FALSE,FALSE,"14109/20042/20088/67427/76808/57294/22121/14852/67248/20085/20103/208643/20091/20115/100503670/270106/75617/22186/68028/66475/16898/27050/20102/66481/269261/20090/20005/19981/60365/19989/16785/66480/54127/19934/267019/19933/68092/110954/51792/67031/19982/19988/67115/67891/52830/100043813",-0.586021487134196,0.24163483225104,-0.827656319385236,0.586021487134196,0.24163483225104,0.827656319385236,"all positive"
"mouse KO vs WT vs mouse KD vs control","Reactome","R-MMU-975957","Nonsense Mediated Decay (NMD) enhanced by the Exon Junction Complex (EJC)","either",0.05,"shared positive",-0.827656319385236,0.827656319385236,1.68465972251526,0.857003403130024,0.0160429571056766,1,"27207/27050/27370/20091/68028/18458/26961/20085/67427/20103/27367/19934/16898/268449/68092/76808/270106/67031/56040/14852/67115/269261/16785/208643/20102/67281/19981/67891/11837/100043813/52830/20090/19944/68052/20116/19982/20104/67097/100502825/22121/19943/20084/100503670/75617/67025/66480/19942/229512/192170/19988/20115/76846/54127/66441/20005/57294","269261/270106/14109/66481/20088/76808/226517/100503670/20044/16898/66480/20005/22186/20042/67427/20084/19704/326622/17149/67097/52830/19989/67025/66441/20104/75617/267019/233789/54127/225363/71978/67248/20115/19988/67031/19981/100043813/19934/68028/51792/68193/27050/16785/57294/66475","R-MMU-975957","R-MMU-975957","R-MMU-975957","Nonsense Mediated Decay (NMD) enhanced by the Exon Junction Complex (EJC)","Nonsense Mediated Decay (NMD) enhanced by the Exon Junction Complex (EJC)","Nonsense Mediated Decay (NMD) enhanced by the Exon Junction Complex (EJC)",1.44302489026422,0.176577582575105,1.79471557767836,0,0.753064433158828,TRUE,FALSE,FALSE,"14109/20042/20088/67427/76808/57294/22121/14852/67248/20085/20103/208643/20091/20115/100503670/270106/75617/22186/68028/66475/16898/27050/20102/66481/269261/20090/20005/19981/60365/19989/16785/66480/54127/19934/267019/19933/68092/110954/51792/67031/19982/19988/67115/67891/52830/100043813",-0.586021487134196,0.24163483225104,-0.827656319385236,0.586021487134196,0.24163483225104,0.827656319385236,"all positive"
"mouse KO vs WT vs mouse KD vs control","Reactome","R-MMU-141424","Amplification of signal from the kinetochores","either",0.05,"shared negative",0.75148426482661,0.75148426482661,-1.66587398827837,-0.91438972345176,0.0368310977635968,1,"13424/269966/67139/103573/236930/52504/18221/56430/66977/26951/68549/107995/83431/76499/12237/228421/66934/52696/75786/12235/229841/68097/21770/26932/66140/70385/52276/16319/108000/12236/19387","107995/69928/83431/232987/12237/66140/67037/19387/18472/108911/19052/67139/216965/103468/208628/17120/67629/26886/70385/445007/66570","R-MMU-141424","R-MMU-141424","R-MMU-141424","Amplification of signal from the kinetochores","Amplification of signal from the kinetochores","Amplification of signal from the kinetochores",-1.12241146423261,0.785003811154921,-1.43378533665506,0,-0.105128234771265,TRUE,FALSE,FALSE,"107995/18817/13424/60411/12236/21770/69912/66336/19387/66468/232987/68097/103573/67733/17120/69928/66140/67052/108911/67629/83431/19052/67139/18472/70385/26886/208628/216965/20877/445007/66570",0.20802174078085,-0.54346252404576,0.75148426482661,0.20802174078085,0.54346252404576,0.75148426482661,"all negative"
"mouse KO vs WT vs mouse KD vs control","Reactome","R-MMU-141444","Amplification  of signal from unattached  kinetochores via a MAD2  inhibitory signal","either",0.05,"shared negative",0.75148426482661,0.75148426482661,-1.66587398827837,-0.91438972345176,0.0368310977635968,1,"13424/269966/67139/103573/236930/52504/18221/56430/66977/26951/68549/107995/83431/76499/12237/228421/66934/52696/75786/12235/229841/68097/21770/26932/66140/70385/52276/16319/108000/12236/19387","107995/69928/83431/232987/12237/66140/67037/19387/18472/108911/19052/67139/216965/103468/208628/17120/67629/26886/70385/445007/66570","R-MMU-141444","R-MMU-141444","R-MMU-141444","Amplification  of signal from unattached  kinetochores via a MAD2  inhibitory signal","Amplification  of signal from unattached  kinetochores via a MAD2  inhibitory signal","Amplification  of signal from unattached  kinetochores via a MAD2  inhibitory signal",-1.12241146423261,0.785003811154921,-1.43378533665506,0,-0.105128234771265,TRUE,FALSE,FALSE,"107995/18817/13424/60411/12236/21770/69912/66336/19387/66468/232987/68097/103573/67733/17120/69928/66140/67052/108911/67629/83431/19052/67139/18472/70385/26886/208628/216965/20877/445007/66570",0.20802174078085,-0.54346252404576,0.75148426482661,0.20802174078085,0.54346252404576,0.75148426482661,"all negative"
"mouse KO vs WT vs mouse KD vs control","Reactome","R-MMU-5633007","Regulation of TP53 Activity","either",0.05,"shared negative",0.687184470879601,0.687184470879601,-1.58144345075331,-0.894258979873709,0.024198253453371,1,"29813/26909/328572/21981/108143/235610/108099/67338/99730/216848/24074/22186/114741/219024/66464/68275/234366/19367/20869/77976/17165/333654/13001/108079/21975/226182/209456/12566/107932/22190/18607/235559/78783/69181/15258/12534/209361/19891/19079/72119/228829/12428/12189/229542/228980/12144/117150/20878/53325","24075/15257/22059/229542/19079/12568/70088/11920/12649/17535/26399/12189/66464/17192/22187/19052/12569/328572/106344/108083/216848/19082/223770/78757/19355/68275/19094/105787/69263/19718/21343/29813/70439/20393","R-MMU-5633007","R-MMU-5633007","R-MMU-5633007","Regulation of TP53 Activity","Regulation of TP53 Activity","Regulation of TP53 Activity",-1.18557511998787,0.675299359509886,-1.616215978769,0,-0.170503662187791,TRUE,FALSE,FALSE,"78294/26399/21981/108099/19718/22187/21975/19052/69263/237911/12569/22059/11920/216848/19082/20393/105787/20877/223770/328572/78757/12450/12189/68275/70439/29813",0.291316140114161,-0.39586833076544,0.687184470879601,0.291316140114161,0.39586833076544,0.687184470879601,"all negative"
"mouse KO vs WT vs mouse KD vs control","Reactome","R-MMU-3700989","Transcriptional Regulation by TP53","either",0.05,"shared negative",0.651068514528847,0.651068514528847,-1.38689062634602,-0.735822111817173,0.0432176230541043,1,"12866/216456/223770/11920/209357/19052/19352/23942/327762/21374/69241/270627/69125/13871/13197/57913/53621/29813/26909/27224/328572/268706/21981/108961/108143/235610/66467/108099/67338/99730/216848/24074/22186/114741/219024/20922/69076/66464/68275/234366/19367/20869/233058/14884/77976/68428/17165/333654/24116/17420/13001/108079/72949/64930/21975/226182/98053/234594/209456/22629/12566/225655/20620/110323/107932/22190/18607/231329/20924/268697/235559/78783/69181/12455/15258/67710/12534/67655/209361/22627/54170/19891/19079/72119/228829/12428/12189/229542/319801/228980/12144/52679/117150/20878/13716/56692/53325/52187","15257/22059/69920/12455/229542/19079/12568/70088/66096/66491/11920/12649/69125/12028/27632/17535/26399/12189/68742/83409/14381/66464/55948/66671/17192/22187/17749/19052/12864/12569/328572/106344/108083/104625/216848/19082/75747/223770/78757/19355/68275/19094/105787/69263/19718/20922/21343/29813/70439/68428/16009/69833/22631/74747/20393","R-MMU-3700989","R-MMU-3700989","R-MMU-3700989","Transcriptional Regulation by TP53","Transcriptional Regulation by TP53","Transcriptional Regulation by TP53",-1.02739454491689,0.871936237789896,-1.36433912275758,0,-0.0595152726230296,TRUE,FALSE,FALSE,"22627/69125/78294/26399/21981/108099/66671/19718/75747/22187/21975/19052/69263/17749/237911/69833/12569/22059/104625/12864/11920/216848/20020/19082/20393/69131/105787/20877/223770/22631/328572/78757/12450/12189/68275/20922/70439/29813/68428/16009",0.291572433099717,-0.35949608142913,0.651068514528847,0.291572433099717,0.35949608142913,0.651068514528847,"all negative"
