"comparison","database","pathway_key","pathway_name","filter_mode_used","fdr_cutoff_used","direction_class","delta_NES","abs_delta_NES","NES_x","NES_y","padj_x","padj_y","leading_edge_x","leading_edge_y","pathway_id_mouse_KD","pathway_id_mouse_KO","pathway_id_mouse_het","pathway_name_mouse_KD","pathway_name_mouse_KO","pathway_name_mouse_het","NES_mouse_KD","padj_mouse_KD","signed_log10padj_mouse_KD","signed_log10padj_mouse_KO","signed_log10padj_mouse_het","significant_mouse_KD","significant_mouse_KO","significant_mouse_het","leading_edge_mouse_KD","delta_NES_KO_minus_het","delta_NES_KD_minus_het","delta_NES_KO_minus_KD","abs_delta_NES_KO_minus_het","abs_delta_NES_KD_minus_het","abs_delta_NES_KO_minus_KD","direction_pattern"
"mouse KO vs WT vs mouse het vs WT","Hallmark","HALLMARK_INFLAMMATORY_RESPONSE","HALLMARK_INFLAMMATORY_RESPONSE","either",0.05,"opposite direction",-2.88412884071534,2.88412884071534,1.30792294744372,-1.57620589327162,0.132765422816375,0.0284789862069273,"14726;74442;14367;12475;11535;52118;18578;16174;73379;16323;21983;13614;54216;19267;11308;59027;12267;19697;23849;16193;14066;18033;13874","54371;20306;20312;320910;15117;11988;68713;11622;21857;16878;19222;13732;18414;18439;12977;21942;18787;18442;17986;192656;15980;20266;21930;11541;19734;50723;17069;16177;16362;16190;235574;11479;14528;54216;218215;14745;16402;17295;17869;109552","HALLMARK_INFLAMMATORY_RESPONSE","HALLMARK_INFLAMMATORY_RESPONSE","HALLMARK_INFLAMMATORY_RESPONSE","HALLMARK_INFLAMMATORY_RESPONSE","HALLMARK_INFLAMMATORY_RESPONSE","HALLMARK_INFLAMMATORY_RESPONSE",1.5530260801159,0.0119626757249511,1.92217166962755,-1.54547547474634,0.876915017101561,TRUE,TRUE,FALSE,"54123;67775;69550;18414;13874;11535;17069;18442;16177;109552;21857;64685;17387;54371;18438;142980;26362;20312;19106;24088;16174;11987;18793;12977;21983;18578;54598;13732;12227;68713",-2.88412884071534,0.24510313267218,-3.12923197338752,2.88412884071534,0.24510313267218,3.12923197338752,"KO opposite"
"mouse KO vs WT vs mouse het vs WT","Hallmark","HALLMARK_CHOLESTEROL_HOMEOSTASIS","HALLMARK_CHOLESTEROL_HOMEOSTASIS","either",0.05,"opposite direction",-2.7249243450329,2.7249243450329,1.08579542476785,-1.63912892026505,0.457155797101449,0.0389733262274974,"12660;16592;71914;20195;11747;11910;19141;231207;12527;18030;73166;18793","68671;20775;18194;68312;208715;20788;107503;110196;68603;14137;51798;17855;12387;14104;110460;11658;13121;69071;16987;11465;192156;15357;15490;235293","HALLMARK_CHOLESTEROL_HOMEOSTASIS","HALLMARK_CHOLESTEROL_HOMEOSTASIS","HALLMARK_CHOLESTEROL_HOMEOSTASIS","HALLMARK_CHOLESTEROL_HOMEOSTASIS","HALLMARK_CHOLESTEROL_HOMEOSTASIS","HALLMARK_CHOLESTEROL_HOMEOSTASIS",1.28486858237807,0.176356589147287,0.753608309306117,-1.40923252721727,0.339935768659494,FALSE,TRUE,FALSE,"74155;11658;18030;51798;18793;12660;18194;14104;56473;110196;27279;17855;68312;50762;110006;69071;236900;14137;63913;11465;56389;71914;12759;108767",-2.7249243450329,0.19907315761022,-2.92399750264312,2.7249243450329,0.19907315761022,2.92399750264312,"KO opposite"
"mouse KO vs WT vs mouse het vs WT","Hallmark","HALLMARK_TNFA_SIGNALING_VIA_NFKB","HALLMARK_TNFA_SIGNALING_VIA_NFKB","either",0.05,"opposite direction",-2.70026875000337,2.70026875000337,1.48034421156919,-1.21992453843418,0.0346539161626126,0.213572413793103,"19225;54720;14063;18792;15937;14825;18578;16007;12156;15958;21815;12228;16323;19252;14282;56722;13614;229055;19267;240672;11910;104681;59027;20229;14284;17133;14595;18227;384783;19697;23849;16193;14066;56706;18030;18033;18124;12053;12633;18793;56708;13636","67916;14584;20393;13655;16878;20725;21847;22151;18037;12977;21942;18412;17118;12702;18787;65112;74646;56376;20850;192656;15980;20527;21930;19696;16600;16195;20893;21928;50723;11796;16362;21807;19288;14528;13653;12443;17869;71712;14281;67972;67035;21664;12609;211770;12051;11303;19698;15205;12226","HALLMARK_TNFA_SIGNALING_VIA_NFKB","HALLMARK_TNFA_SIGNALING_VIA_NFKB","HALLMARK_TNFA_SIGNALING_VIA_NFKB","HALLMARK_TNFA_SIGNALING_VIA_NFKB","HALLMARK_TNFA_SIGNALING_VIA_NFKB","HALLMARK_TNFA_SIGNALING_VIA_NFKB",-1.12579919817417,0.232885023763778,-0.632858438927222,-0.670454843924077,1.46024767961756,FALSE,FALSE,TRUE,"17873;54720;16007;18626;67035;23849;11852;16476;13636;21929;384783;18787;17119;18124;15370;20893;18035;14595;22113;230734;229055;20527;16169;14579;20620;13614;74646;99929;17133;319520;20971;21847;106628;18037;20725",-2.70026875000337,-2.60614340974336,-0.09412534026001,2.70026875000337,2.60614340974336,0.09412534026001,"mixed or incomplete"
"mouse KO vs WT vs mouse het vs WT","Hallmark","HALLMARK_HYPOXIA","HALLMARK_HYPOXIA","either",0.05,"opposite direction",-2.63474400947177,2.63474400947177,1.43560687293378,-1.19913713653799,0.0346539161626126,0.23034188034188,"11535;15937;16795;14219;16007;231507;50527;11717;21983;20970;19252;21985;18654;18484;20855;11910;18655;11639;14538;12457;228026;12368;57444;170750;14284;17133;384783;17859;17684;70186;23849;16193;15275;14066;18030;93692;18712;60406;20439;52331;13527;15277;16572;20525;12043;18793;13636;11674;54683;19664;21753;236900;170768;21991;21929;74185;74155;13358;18787;16828","54371;13008;20198;13808;12111;21810;18750;74747;109042;18452;14042;21809;16009;18787;15529;14387;16948;105785;57875;56277;11520;21817;20527;12831;93692;11541;20893;17886;216136;14635;15476;83397","HALLMARK_HYPOXIA","HALLMARK_HYPOXIA","HALLMARK_HYPOXIA","HALLMARK_HYPOXIA","HALLMARK_HYPOXIA","HALLMARK_HYPOXIA",1.45464124163309,0.0147953071998375,1.82987601301033,-0.637627092223405,1.46024767961756,TRUE,FALSE,TRUE,"12870;18641;74155;12111;228026;14635;50527;11535;74747;18451;13358;231507;19664;18030;54371;20525;14936;16009;20856;70186;14751;11520;22359;12778;76238;15529;57875;56174;11639;11674;21753;18793;20439;16828;16948;20855;21983;18484;78889;17035;21810;17988;54683;14733;20198;72157",-2.63474400947177,0.01903436869931,-2.65377837817108,2.63474400947177,0.01903436869931,2.65377837817108,"KO opposite"
"mouse KO vs WT vs mouse het vs WT","Hallmark","HALLMARK_INTERFERON_GAMMA_RESPONSE","HALLMARK_INTERFERON_GAMMA_RESPONSE","either",0.05,"opposite direction",2.15714153164244,2.15714153164244,-0.748075651851764,1.40906587979068,0.991489361702128,0.0393187985935482,"319974;192786;21930;16362;14528;16651;12494;53620;20306;109032;20848;192656;27056;71701;16421;18035;17069;22320;16149;71939;217069;21928;20304;19188;12370;20454","14190;19225;18712;15958;71664;71586;231655;18783;209086;22670;65972;16168;60533;56421;18578;19106;12367;50523;246728;15945;268749;243771;246696;229003;110168;59027;56791;20821;17979;100121;74735;64685;67138;12575;12363;234311;56045;66552;246727;52668;17858;58185;27056;98999;30934;21929;21354;547253;15959;67775;11861;16169;16912;16391","HALLMARK_INTERFERON_GAMMA_RESPONSE","HALLMARK_INTERFERON_GAMMA_RESPONSE","HALLMARK_INTERFERON_GAMMA_RESPONSE","HALLMARK_INTERFERON_GAMMA_RESPONSE","HALLMARK_INTERFERON_GAMMA_RESPONSE","HALLMARK_INTERFERON_GAMMA_RESPONSE",2.49011179641312,3.82117116715309e-14,13.4178035079056,1.40539976073217,-0.00371194124571716,TRUE,TRUE,FALSE,"99899;19039;55932;54123;672511;24110;66141;15959;209086;547253;100038882;67775;230073;243771;58203;69550;327959;50908;70110;246728;17768;71586;22169;16391;17069;246727;109552;22375;19171;64685;20846;19186;80861;24105;20847;234311;19225;12363;80876;21928;16913;19106;17858;217069;19188;71701;18578;21354;100121;109032;56791;72075;12702;58185;231655;17874;22271;434341;20306;192786;50523;78388;12369;107607;18783;60533;56045;20821;66988;16912;15976;19167;66552",2.15714153164244,3.23818744826488,-1.08104591662244,2.15714153164244,3.23818744826488,1.08104591662244,"het opposite"
"mouse KO vs WT vs mouse het vs WT","Hallmark","HALLMARK_INTERFERON_ALPHA_RESPONSE","HALLMARK_INTERFERON_ALPHA_RESPONSE","either",0.05,"shared positive",0.937187482336107,0.937187482336107,0.661305521248193,1.5984930035843,0.991489361702128,0.0284789862069273,"15958;67168;57444;211329;246696;19167;73711;12010;16423;19124;52668;56791;22670;16912;319236;67775;99899;16168;16391;268749;80285;100121;24110;17858;209086;69550;65972;71586;234311;15959;54123","19124;15958;71586;231655;67168;209086;22670;65972;73711;16168;19106;15945;319236;268749;243771;246696;229003;211329;56791;20821;100121;74735;64685;67138;234311;13709;52668;17858;58185;21354;547253;246730;15959;67775;16912;16391","HALLMARK_INTERFERON_ALPHA_RESPONSE","HALLMARK_INTERFERON_ALPHA_RESPONSE","HALLMARK_INTERFERON_ALPHA_RESPONSE","HALLMARK_INTERFERON_ALPHA_RESPONSE","HALLMARK_INTERFERON_ALPHA_RESPONSE","HALLMARK_INTERFERON_ALPHA_RESPONSE",2.82485382764666,1.68416121488724e-18,17.7736163383799,1.54547547474634,0.00371194124571716,TRUE,TRUE,FALSE,"99899;19039;55932;54123;24110;66141;15959;246730;209086;547253;100038882;67775;243771;80285;69550;50908;70110;71586;16423;22169;16391;17069;74153;22375;64685;12799;19186;80861;20847;234311;80876;319236;17454;16913;19106;17858;12977;217069;19188;71701;21354;100121;109032;56791;72075;58185;68713;231655",0.937187482336107,2.16354830639847,-1.22636082406236,0.937187482336107,2.16354830639847,1.22636082406236,"all positive"
"mouse KO vs WT vs mouse het vs WT","Hallmark","HALLMARK_EPITHELIAL_MESENCHYMAL_TRANSITION","HALLMARK_EPITHELIAL_MESENCHYMAL_TRANSITION","either",0.05,"shared negative",-0.4394046339252,0.4394046339252,-1.71992724948419,-2.15933188340939,0.0048695452462971,9.52358046944001e-09,"12931;16009;13612;30794;16010;18858;12843;17181;18596;13601;68588;21859;107581;14451;13132;12842;13732;12834;20649;20720;16948;14268;12552;12814;16852;12835;12831;12825;20564;70350;20692;12111;14119;20315;21857;22004;22418;16949;13003;17313;18542;18129;20750;21817;50706;24051;65112;22003;53867;19736;21803;67305;14118;22341;14314;12816;16398;235106;14733;20563;16476;21810;71665;12827;218952;107528;74488;76477;16971;18113;12836;21923;20254;83554","17313;13601;12931;18596;17181;21859;12843;14451;68588;30794;16010;107581;12111;50706;21810;12834;13612;14314;12552;16949;21857;12842;20750;20649;13732;18858;20720;20315;22418;13132;16852;13003;235106;12835;12825;16009;16419;18787;20564;65112;20692;18542;16948;22003;21817;12831;12406;12332;67305;18129;21838;12814;20563;12816;23876;19288;218952;14119;21826;14102;16402;107528","HALLMARK_EPITHELIAL_MESENCHYMAL_TRANSITION","HALLMARK_EPITHELIAL_MESENCHYMAL_TRANSITION","HALLMARK_EPITHELIAL_MESENCHYMAL_TRANSITION","HALLMARK_EPITHELIAL_MESENCHYMAL_TRANSITION","HALLMARK_EPITHELIAL_MESENCHYMAL_TRANSITION","HALLMARK_EPITHELIAL_MESENCHYMAL_TRANSITION",2.56002669667435,1.60562491770254e-16,15.7943559006497,-8.02119974428566,-2.31251159448257,TRUE,TRUE,TRUE,"11475;20692;12552;14119;12842;20563;12843;14451;20564;12563;98932;12111;20750;23876;58859;235106;16010;20720;12826;14118;12835;12834;21859;14314;21923;18933;21838;17181;14609;19288;13003;12931;21857;107581;16949;18542;17387;23892;22240;16009;12832;12825;17313;12827;234407;16419;21814;192176;22004;12816;18822;22352;14268;18793;12332;17392;15902;16948;56213;20254;107589;20315;13601;16971;18113;21810;27279;21826;14733;19035;13732",-0.4394046339252,4.27995394615854,-4.71935858008374,0.4394046339252,4.27995394615854,4.71935858008374,"mixed or incomplete"
"mouse KO vs WT vs mouse het vs WT","Hallmark","HALLMARK_MITOTIC_SPINDLE","HALLMARK_MITOTIC_SPINDLE","either",0.05,"shared negative",0.22861977794881,0.22861977794881,-1.41796945396353,-1.18934967601472,0.0346539161626126,0.239597315436242,"53860;104027;109934;192786;224014;328580;18015;18003;108686;71704;269713;78757;20742;71602;12009;104445;17886;105988;216846;208628;223435;21973;77579;108903;56699;16897;56427;18472;83767;238130;18129;68041;71774;237860;18541;242687;67052;214444;192662;19687;56376;11799;22627;17118;26934;217232;16328;104318;18080;101706;94190;12125;13822;70799;18764;108907","224014;71602;109934;104027;53860;68041;71774;269713;18003;328580;71704;108686;17118;238130;218397;104445;56376;11799;83767;74237;16897;78757;56427;108903;192786;17886;18129;12009;192662;217232;104318;105988;26934;208628;70394;56699;21973;18080","HALLMARK_MITOTIC_SPINDLE","HALLMARK_MITOTIC_SPINDLE","HALLMARK_MITOTIC_SPINDLE","HALLMARK_MITOTIC_SPINDLE","HALLMARK_MITOTIC_SPINDLE","HALLMARK_MITOTIC_SPINDLE",-1.52396841733684,0.00371055711340158,-2.43056087930367,-0.62051805230008,-1.46024767961756,TRUE,FALSE,TRUE,"20878;233406;74018;108000;16319;18005;218977;14086;11789;11799;72119;240641;22627;211673;19303;381921;12534;108907;68097;110033;229841;13605;16551;110279;70394;12235;75786;105988;208084;286940;232944;26403;16573;544817;72776;22350;64930;16571;12125;16561;71602;110380;74360;226407;22330;83767;68724;75547;16569;26934;71704;54126;16593;269587;171207;18015;223435;21844;71819;56430",0.22861977794881,-0.10599896337331,0.33461874132212,0.22861977794881,0.10599896337331,0.33461874132212,"all negative"
"mouse KO vs WT vs mouse het vs WT","Hallmark","HALLMARK_WNT_BETA_CATENIN_SIGNALING","HALLMARK_WNT_BETA_CATENIN_SIGNALING","either",0.05,"shared negative",0.1293322573498,0.1293322573498,-1.72615294712746,-1.59682068977766,0.0414980986918141,0.0523606079788677,"18128;13543;16842;12006;21414;14534;14362;103806;22059;20602;15184;12387","21414;16842;14362;12006;18128;12387;27373;14534;15184;27401;13543;17869","HALLMARK_WNT_BETA_CATENIN_SIGNALING","HALLMARK_WNT_BETA_CATENIN_SIGNALING","HALLMARK_WNT_BETA_CATENIN_SIGNALING","HALLMARK_WNT_BETA_CATENIN_SIGNALING","HALLMARK_WNT_BETA_CATENIN_SIGNALING","HALLMARK_WNT_BETA_CATENIN_SIGNALING",1.06782402621101,0.4375,0.359021942641668,-1.28099531933415,-1.3819718007956,FALSE,FALSE,TRUE,"14362;19664;22059;19165;59287;12444;14534;20602;103806;12005",0.1293322573498,2.79397697333847,-2.66464471598867,0.1293322573498,2.79397697333847,2.66464471598867,"mixed or incomplete"
"mouse KO vs WT vs mouse het vs WT","Hallmark","HALLMARK_XENOBIOTIC_METABOLISM","HALLMARK_XENOBIOTIC_METABOLISM","either",0.05,"shared negative",-0.09971002541208,0.09971002541208,-1.50650931477912,-1.6062193401912,0.038594014779207,0.0284789862069273,"18104;16010;26874;11529;11669;13110;110351;16480;109672;110213;71093;14528;246277;59083;18107;11429;50997;18984;228608;66397;233016;51793;22021;69071;11761;12359;110172;22436;14854;223455;68021;12349;74134;66082;66841;11430;56376;14629;18618;11655;29858;29811;64898","13110;11529;16010;68021;16480;59083;26874;71093;11669;18984;246277;110213;110172;22021;51798;18787;11429;56376;223455;66841;14865;18104;233016;69071;18618;109672;21808;11761;22436;74134;51793;53328;16177;110351;18107;67442;14528;12035;14102;66397;67880;50500;11655;29811;29858;66082;78038","HALLMARK_XENOBIOTIC_METABOLISM","HALLMARK_XENOBIOTIC_METABOLISM","HALLMARK_XENOBIOTIC_METABOLISM","HALLMARK_XENOBIOTIC_METABOLISM","HALLMARK_XENOBIOTIC_METABOLISM","HALLMARK_XENOBIOTIC_METABOLISM",1.54783940806417,0.00886755255243098,2.05219622905696,-1.54547547474634,-1.4134800411808,TRUE,TRUE,TRUE,"66375;22436;16010;14873;11432;11529;110208;16177;19171;20514;108037;14782;74114;51798;15452;71093;52585;12499;68943;12035;21937;59083;74142;15902;225913;15926;228608;246277;11532;78038;22021;14629;108156;22271;18618;68021;19286;14854;18081;19128;69071;18104;56376;14538",-0.09971002541208,3.05434872284329,-3.15405874825537,0.09971002541208,3.05434872284329,3.15405874825537,"mixed or incomplete"
"mouse KO vs WT vs mouse het vs WT","Hallmark","HALLMARK_MYOGENESIS","HALLMARK_MYOGENESIS","either",0.05,"shared negative",0.02553307582205,0.02553307582205,-1.51500591704143,-1.48947284121938,0.0346539161626126,0.0393187985935482,"16009;19223;18104;14681;29857;18128;226251;225115;11568;13808;12842;12834;16651;17967;13845;15982;14387;12835;18642;12825;17886;20692;11790;19245;22084;77559;22004;140570;78286;20190;14248;17260;15184;29817;16985;14245;192897;21803;20893;20698;18693;76954","17967;19245;13808;16651;16985;29857;12834;226251;11636;12842;11568;18128;17260;15982;12835;110196;77559;12825;16009;14681;16419;14387;20692;13845;225115;78286;19223;17532;18642;18104;20893;17886;20190;15184;14245;76954;192897;11820","HALLMARK_MYOGENESIS","HALLMARK_MYOGENESIS","HALLMARK_MYOGENESIS","HALLMARK_MYOGENESIS","HALLMARK_MYOGENESIS","HALLMARK_MYOGENESIS",1.16290448332389,0.267105263157895,0.573317554367578,-1.40539976073217,-1.46024767961756,FALSE,TRUE,TRUE,"20692;29817;12842;12835;12834;11603;11815;16009;20856;12825;12827;16419;22004;20973;19165;12554;107589;110196;12862;19245;12955;20657;11568;19645;11820;13808;24052;16773",0.02553307582205,2.67791040036532,-2.65237732454327,0.02553307582205,2.67791040036532,2.65237732454327,"mixed or incomplete"
