experiment,contrast,tf,score,padj,n_targets
CRISPR,Het_vs_WT,Zfp24,5.446013380956352,3.268716318416409e-05,5
CRISPR,Het_vs_WT,Atf3,-3.426168546004451,0.04794967919588089,77
CRISPR,Het_vs_WT,Foxc1,-3.6026390444923817,0.04794967919588089,9
CRISPR,Het_vs_WT,Mbd1,-3.459444281104223,0.04794967919588089,12
CRISPR,Het_vs_WT,Nfe2l1,-3.632680618034119,0.04794967919588089,6
CRISPR,Het_vs_WT,Nfyb,-3.4956496703336897,0.04794967919588089,28
CRISPR,Het_vs_WT,Pax7,-3.6493402440065554,0.04794967919588089,12
CRISPR,Het_vs_WT,Rara,-3.4468943054067367,0.04794967919588089,100
CRISPR,Het_vs_WT,Plag1,-3.3486178590401203,0.05124886706471443,6
CRISPR,Het_vs_WT,Zfpm2,-3.346621560632597,0.05124886706471443,9
CRISPR,Het_vs_WT,Arid4b,-3.184057063383418,0.06934531033039093,5
CRISPR,Het_vs_WT,Atf6,2.971309425865689,0.06934531033039093,43
CRISPR,Het_vs_WT,Ebf1,-3.02692373341239,0.06934531033039093,13
CRISPR,Het_vs_WT,Egr2,-2.989723352299551,0.06934531033039093,45
CRISPR,Het_vs_WT,Foxp1,3.061801949069322,0.06934531033039093,9
CRISPR,Het_vs_WT,Gata5,3.0821408775713506,0.06934531033039093,13
CRISPR,Het_vs_WT,Hes1,-3.1642235943087282,0.06934531033039093,60
CRISPR,Het_vs_WT,Hesx1,3.1620403742298704,0.06934531033039093,13
CRISPR,Het_vs_WT,Hr,-2.931421340761087,0.06934531033039093,55
CRISPR,Het_vs_WT,Irf2,-3.059504034765475,0.06934531033039093,39
CRISPR,Het_vs_WT,Irf5,-3.1144307425351014,0.06934531033039093,8
CRISPR,Het_vs_WT,Irx1,2.9384988112800237,0.06934531033039093,13
CRISPR,Het_vs_WT,Nfic,-2.963609522659243,0.06934531033039093,42
CRISPR,Het_vs_WT,Nfya,-3.0101694155044894,0.06934531033039093,71
CRISPR,Het_vs_WT,Nr1d1,3.189967771729545,0.06934531033039093,12
CRISPR,Het_vs_WT,Pdx1,3.014213886939322,0.06934531033039093,48
CRISPR,Het_vs_WT,Tal1,-3.0437204484127602,0.06934531033039093,57
CRISPR,Het_vs_WT,Tcf3,-3.0945151331023797,0.06934531033039093,71
CRISPR,Het_vs_WT,Zbtb18,2.97027434058118,0.06934531033039093,7
CRISPR,Het_vs_WT,Zeb2,-2.9259083889841286,0.06934531033039093,20
CRISPR,Het_vs_WT,Zmynd8,-2.9540626981139035,0.06934531033039093,8
CRISPR,Het_vs_WT,Bach1,2.8903756243069907,0.0708305761218071,13
CRISPR,Het_vs_WT,Lef1,-2.891919116172466,0.0708305761218071,59
CRISPR,Het_vs_WT,Sox17,2.897414214513184,0.0708305761218071,23
CRISPR,Het_vs_WT,Ascl2,-2.8329143091110103,0.08247420936822891,5
CRISPR,Het_vs_WT,Erg,-2.776300145301101,0.09298599511384964,34
CRISPR,Het_vs_WT,Zeb1,-2.783093013241124,0.09298599511384964,36
CRISPR,Het_vs_WT,Nfat5,-2.7610744843122714,0.09486780315637589,34
CRISPR,Het_vs_WT,Hoxd13,2.740634222737431,0.09838347882032394,11
CRISPR,Het_vs_WT,Mef2a,2.7254351962255283,0.10037247836589813,61
CRISPR,Het_vs_WT,Rest,2.717531329460843,0.10037247836589813,29
CRISPR,Het_vs_WT,Lmo2,2.6978952255841957,0.10395132005214691,16
CRISPR,Het_vs_WT,Notch1,-2.6204195373066828,0.12486891448497772,40
CRISPR,Het_vs_WT,Zfp148,2.6224251225109634,0.12486891448497772,20
CRISPR,Het_vs_WT,Rfx1,2.6005541147210223,0.12939181923866272,13
CRISPR,Het_vs_WT,Kdm5b,-2.5756488664934305,0.1360657662153244,22
CRISPR,Het_vs_WT,Hif1a,2.5534998129569932,0.13898654282093048,332
CRISPR,Het_vs_WT,Zbtb16,-2.5552344324401655,0.13898654282093048,40
CRISPR,Het_vs_WT,Hopx,2.51721317556289,0.14229296147823334,6
CRISPR,Het_vs_WT,Mlxipl,-2.517538571655737,0.14229296147823334,9
CRISPR,Het_vs_WT,Trim28,-2.536351024381283,0.14229296147823334,8
CRISPR,Het_vs_WT,Ybx3,2.520649013568387,0.14229296147823334,22
CRISPR,Het_vs_WT,Crebbp,-2.4796290033187116,0.14353515207767487,25
CRISPR,Het_vs_WT,E2f7,2.5064958582340493,0.14353515207767487,6
CRISPR,Het_vs_WT,Epas1,2.475381180485922,0.14353515207767487,63
CRISPR,Het_vs_WT,Hdac9,-2.4981752616910713,0.14353515207767487,15
CRISPR,Het_vs_WT,Pax5,-2.483365516897256,0.14353515207767487,41
CRISPR,Het_vs_WT,Rfx5,2.479963690928692,0.14353515207767487,7
CRISPR,Het_vs_WT,Hoxd3,2.467798991052342,0.14412535727024078,8
CRISPR,Het_vs_WT,Hlx,2.444752593898889,0.1462325006723404,12
CRISPR,Het_vs_WT,Pou3f1,2.4452553658865774,0.1462325006723404,8
CRISPR,Het_vs_WT,Stat5b,2.453020511942584,0.1462325006723404,58
CRISPR,Het_vs_WT,Klf6,2.4302804075450637,0.14978641271591187,35
CRISPR,Het_vs_WT,Nfkbib,2.422443793397754,0.1506635993719101,12
CRISPR,Het_vs_WT,Nfyc,-2.4042610648287512,0.15593183040618896,16
CRISPR,Het_vs_WT,Maz,2.374365900794367,0.16412614285945892,25
CRISPR,Het_vs_WT,Ssrp1,2.374302105832944,0.16412614285945892,81
CRISPR,Het_vs_WT,Elf4,2.368278291169607,0.16436895728111267,29
CRISPR,Het_vs_WT,Nkx6-1,2.3610937083140926,0.16515840590000153,5
CRISPR,Het_vs_WT,Hic1,-2.346657652375506,0.16924314200878143,17
CRISPR,Het_vs_WT,Etv3,-2.316156447702805,0.1713564097881317,11
CRISPR,Het_vs_WT,Hdac1,2.3166387846438488,0.1713564097881317,58
CRISPR,Het_vs_WT,Klf2,-2.3176529960167094,0.1713564097881317,41
CRISPR,Het_vs_WT,Klf9,-2.328256582824691,0.1713564097881317,16
CRISPR,Het_vs_WT,Trp63,-2.322873616764622,0.1713564097881317,143
CRISPR,Het_vs_WT,Etv1,2.2942677933764983,0.175541490316391,16
CRISPR,Het_vs_WT,Hoxa11,-2.2999459407539984,0.175541490316391,6
CRISPR,Het_vs_WT,Nr0b1,-2.2921987585106347,0.175541490316391,24
CRISPR,Het_vs_WT,Kat5,2.258375678328354,0.18700122833251953,40
CRISPR,Het_vs_WT,Zgpat,2.262850334142815,0.18700122833251953,5
CRISPR,Het_vs_WT,Nfatc1,2.243318371522851,0.18971361219882965,63
CRISPR,Het_vs_WT,Tfcp2,-2.244018063456483,0.18971361219882965,41
CRISPR,Het_vs_WT,Scx,-2.235298638077712,0.19135543704032898,7
CRISPR,Het_vs_WT,Kat7,2.220081530252267,0.19663476943969727,55
CRISPR,Het_vs_WT,Elk3,2.199741865719464,0.2047058343887329,16
CRISPR,Het_vs_WT,Smad5,-2.1896644204200633,0.20758363604545593,25
CRISPR,Het_vs_WT,Barx2,-2.169336132702059,0.21288056671619415,12
CRISPR,Het_vs_WT,Pax9,2.173232923535714,0.21288056671619415,6
CRISPR,Het_vs_WT,Tead2,-2.16616047774925,0.21288056671619415,5
CRISPR,Het_vs_WT,Gcm1,2.161387772196504,0.2130606472492218,6
CRISPR,Het_vs_WT,Prrx1,-2.133019025798613,0.226228728890419,6
CRISPR,Het_vs_WT,Nab2,2.124122598253582,0.2287755161523819,5
CRISPR,Het_vs_WT,Nanog,2.115530642877419,0.23118770122528076,38
CRISPR,Het_vs_WT,Thap11,2.1078912845184354,0.23308831453323364,6
CRISPR,Het_vs_WT,Tlx1,2.0973998832638125,0.23667384684085846,7
CRISPR,Het_vs_WT,Ciita,2.0910221651032366,0.23790623247623444,15
CRISPR,Het_vs_WT,Irf7,-2.085205191208361,0.23883426189422607,10
CRISPR,Het_vs_WT,Patz1,-2.080143908162529,0.2393418550491333,8
CRISPR,Het_vs_WT,Meox1,-2.064941050698826,0.24586647748947144,7
CRISPR,Het_vs_WT,E2f4,-2.0520893691836393,0.24666352570056915,157
CRISPR,Het_vs_WT,Emx2,2.057723184943003,0.24666352570056915,6
CRISPR,Het_vs_WT,Nfkb1,2.0512908016422036,0.24666352570056915,237
CRISPR,Het_vs_WT,Etv4,-2.046956977872618,0.24683989584445953,46
CRISPR,Het_vs_WT,Fos,2.035922112424594,0.248662069439888,200
CRISPR,Het_vs_WT,Litaf,2.0381263730782293,0.248662069439888,20
CRISPR,Het_vs_WT,Mta1,-2.021874731467543,0.254755437374115,40
CRISPR,Het_vs_WT,Nsd2,-2.0148045885146746,0.2566731572151184,7
CRISPR,Het_vs_WT,Prdm4,2.008971953263093,0.2578558921813965,6
CRISPR,Het_vs_WT,Jdp2,-2.002938274678506,0.2580461800098419,25
CRISPR,Het_vs_WT,Tead1,2.0009420299638427,0.2580461800098419,22
CRISPR,Het_vs_WT,Fhl2,1.9896874888092075,0.25892600417137146,6
CRISPR,Het_vs_WT,Gli2,1.9901365818344428,0.25892600417137146,105
CRISPR,Het_vs_WT,Hivep1,-1.988140262800337,0.25892600417137146,8
CRISPR,Het_vs_WT,Arx,-1.9694972655472736,0.26816821098327637,17
CRISPR,Het_vs_WT,Bcl11a,-1.9640687057637873,0.2692394256591797,7
CRISPR,Het_vs_WT,Crebzf,-1.9601707330019051,0.2693632245063782,10
CRISPR,Het_vs_WT,Tcf7,1.9551242557996018,0.27022668719291687,13
CRISPR,Het_vs_WT,Atoh1,1.9364305522349832,0.2706620395183563,6
CRISPR,Het_vs_WT,Nr1h3,-1.9415533301495769,0.2706620395183563,73
CRISPR,Het_vs_WT,Rarb,-1.9453188349529176,0.2706620395183563,36
CRISPR,Het_vs_WT,Stat2,1.9374059207955627,0.2706620395183563,29
CRISPR,Het_vs_WT,Zfhx3,1.9440345072329586,0.2706620395183563,6
CRISPR,Het_vs_WT,Hoxa1,-1.9245518289242554,0.27593404054641724,19
CRISPR,Het_vs_WT,Six4,1.9191494326229392,0.27713635563850403,7
CRISPR,Het_vs_WT,Id2,-1.9149094767939465,0.27752918004989624,38
CRISPR,Het_vs_WT,Zfp236,1.911569964673966,0.27752918004989624,5
CRISPR,Het_vs_WT,Tbx15,1.8999979301295473,0.28273633122444153,19
CRISPR,Het_vs_WT,Hinfp,1.88131902582526,0.29271167516708374,9
CRISPR,Het_vs_WT,Foxg1,1.8588333413368217,0.2933124005794525,12
CRISPR,Het_vs_WT,Kat6a,1.8608892327063076,0.2933124005794525,9
CRISPR,Het_vs_WT,Nfix,-1.8663278599588105,0.2933124005794525,14
CRISPR,Het_vs_WT,Nrg1,-1.875386475756948,0.2933124005794525,29
CRISPR,Het_vs_WT,Smad6,-1.8568223692869503,0.2933124005794525,14
CRISPR,Het_vs_WT,Spdef,-1.8615740206243516,0.2933124005794525,11
CRISPR,Het_vs_WT,Vhl,-1.8573900842927376,0.2933124005794525,20
CRISPR,Het_vs_WT,Tbpl2,1.8393769351350793,0.30275261402130127,7
CRISPR,Het_vs_WT,Nfatc3,1.8289044572071909,0.30763328075408936,18
CRISPR,Het_vs_WT,Etv6,-1.8240022964181393,0.3080185055732727,20
CRISPR,Het_vs_WT,Mitf,1.8218090577819834,0.3080185055732727,63
CRISPR,Het_vs_WT,Sirt1,1.811685019230311,0.3127425014972687,40
CRISPR,Het_vs_WT,Ewsr1,1.7998275517120756,0.31523874402046204,42
CRISPR,Het_vs_WT,Hsf1,1.7984414159744582,0.31523874402046204,65
CRISPR,Het_vs_WT,Zfp458,1.799557792247241,0.31523874402046204,26
CRISPR,Het_vs_WT,Hoxa5,-1.7860984940452445,0.31923148036003113,8
CRISPR,Het_vs_WT,Klf11,-1.7832057511328177,0.31923148036003113,13
CRISPR,Het_vs_WT,Thra,-1.786259225412064,0.31923148036003113,44
CRISPR,Het_vs_WT,Nfib,-1.7690148524145415,0.3226138949394226,12
CRISPR,Het_vs_WT,Ttf1,-1.773538586235505,0.3226138949394226,30
CRISPR,Het_vs_WT,Yap1,1.7710362198561345,0.3226138949394226,8
CRISPR,Het_vs_WT,Neurog3,-1.7623918257683158,0.32327836751937866,10
CRISPR,Het_vs_WT,Rxrg,-1.761911510958269,0.32327836751937866,5
CRISPR,Het_vs_WT,Sfpq,1.7346093640015072,0.340583860874176,18
CRISPR,Het_vs_WT,Foxm1,1.7260080445044075,0.3423944413661957,59
CRISPR,Het_vs_WT,Klf3,1.7271043999828115,0.3423944413661957,6
CRISPR,Het_vs_WT,Id1,-1.7131217142129729,0.348530650138855,49
CRISPR,Het_vs_WT,Sp3,-1.7085691640716385,0.348530650138855,266
CRISPR,Het_vs_WT,Trp73,-1.7088525554213696,0.348530650138855,99
CRISPR,Het_vs_WT,Rxra,1.6993603359376508,0.3531308174133301,49
CRISPR,Het_vs_WT,Egr3,-1.6944621947773335,0.3545506000518799,18
CRISPR,Het_vs_WT,Kmt2b,-1.6877453558509108,0.3573450744152069,10
CRISPR,Het_vs_WT,Hoxb13,1.6830960116432676,0.35860535502433777,9
CRISPR,Het_vs_WT,Rora,1.6787408165614386,0.3596559464931488,40
CRISPR,Het_vs_WT,Gsc,1.6700304392068308,0.36320143938064575,6
CRISPR,Het_vs_WT,Tcf12,-1.668161040938246,0.36320143938064575,28
CRISPR,Het_vs_WT,Pou4f1,-1.6580479053486414,0.3686671555042267,16
CRISPR,Het_vs_WT,Foxf2,-1.652052230058752,0.37102505564689636,8
CRISPR,Het_vs_WT,Nfe2,-1.6463813057340606,0.37314990162849426,8
CRISPR,Het_vs_WT,Erf,-1.6154472882177902,0.37909233570098877,14
CRISPR,Het_vs_WT,Neurod1,-1.6251351486191583,0.37909233570098877,26
CRISPR,Het_vs_WT,Nr3c2,1.6336310656263677,0.37909233570098877,36
CRISPR,Het_vs_WT,Spi1,-1.6144366628076943,0.37909233570098877,175
CRISPR,Het_vs_WT,Tead4,1.613057839530415,0.37909233570098877,8
CRISPR,Het_vs_WT,Tfap2c,-1.6307440802253448,0.37909233570098877,18
CRISPR,Het_vs_WT,Tsc22d1,-1.6152927904797025,0.37909233570098877,6
CRISPR,Het_vs_WT,Zfp354c,-1.6273798910356143,0.37909233570098877,19
CRISPR,Het_vs_WT,Zfp729a,1.6186536911717426,0.37909233570098877,24
CRISPR,Het_vs_WT,Smad1,-1.603641549618869,0.3842286765575409,44
CRISPR,Het_vs_WT,Zbtb7a,-1.5986928037254797,0.38591769337654114,30
CRISPR,Het_vs_WT,Hdac4,1.5883392011031616,0.3918650448322296,18
CRISPR,Het_vs_WT,Srebf2,-1.5850486984064533,0.39227697253227234,51
CRISPR,Het_vs_WT,Foxa1,-1.5714317945708551,0.3981018364429474,31
CRISPR,Het_vs_WT,Mkx,-1.5729544293433864,0.3981018364429474,5
CRISPR,Het_vs_WT,Wwtr1,1.5694474964889233,0.3981018364429474,7
CRISPR,Het_vs_WT,Smad3,-1.5616965209742566,0.40210601687431335,117
CRISPR,Het_vs_WT,Zfp143,-1.5437682221475637,0.414408802986145,23
CRISPR,Het_vs_WT,Hmga1,-1.5242526246186565,0.41839155554771423,43
CRISPR,Het_vs_WT,Hmga1b,-1.5242526246186565,0.41839155554771423,43
CRISPR,Het_vs_WT,Hoxa9,1.5267636549068861,0.41839155554771423,30
CRISPR,Het_vs_WT,Jarid2,-1.5226753106813113,0.41839155554771423,10
CRISPR,Het_vs_WT,Meox2,-1.5353191136758386,0.41839155554771423,5
CRISPR,Het_vs_WT,Neurod2,-1.527778430458106,0.41839155554771423,7
CRISPR,Het_vs_WT,Nr5a2,-1.5150750755739721,0.4224410355091095,24
CRISPR,Het_vs_WT,Pbx1,1.5079489409656164,0.42612719535827637,31
CRISPR,Het_vs_WT,Nr2f1,1.4872274616493741,0.44128602743148804,57
CRISPR,Het_vs_WT,Cxxc1,-1.4834347697074435,0.4422415494918823,13
CRISPR,Het_vs_WT,Mecom,-1.47372054670023,0.4459938108921051,13
CRISPR,Het_vs_WT,Nkx3-1,-1.475647952381889,0.4459938108921051,52
CRISPR,Het_vs_WT,Foxa2,-1.4524641597547154,0.45977678894996643,48
CRISPR,Het_vs_WT,Gata1,1.4542853947706151,0.45977678894996643,72
CRISPR,Het_vs_WT,Hoxb4,-1.445556237835217,0.4612003266811371,7
CRISPR,Het_vs_WT,Skil,-1.447398553277306,0.4612003266811371,17
CRISPR,Het_vs_WT,Tbpl1,1.4408239088271886,0.46304064989089966,23
CRISPR,Het_vs_WT,Dlx2,-1.433440204026264,0.46367308497428894,9
CRISPR,Het_vs_WT,Setbp1,-1.4322772015470802,0.46367308497428894,5
CRISPR,Het_vs_WT,Tbp,1.4354004205546953,0.46367308497428894,115
CRISPR,Het_vs_WT,Arid5b,-1.4219272907827127,0.4659482538700104,5
CRISPR,Het_vs_WT,Relb,-1.426550690284689,0.4659482538700104,33
CRISPR,Het_vs_WT,Tbx2,1.4243402237417027,0.4659482538700104,24
CRISPR,Het_vs_WT,Creb1,1.405437843627303,0.47592636942863464,287
CRISPR,Het_vs_WT,Myb,-1.4063471128508318,0.47592636942863464,117
CRISPR,Het_vs_WT,Ppara,-1.394552993253253,0.4821709394454956,158
CRISPR,Het_vs_WT,Runx2,-1.3932893589207036,0.4821709394454956,87
CRISPR,Het_vs_WT,Bhlha15,-1.3884315683017667,0.4841831624507904,8
CRISPR,Het_vs_WT,Pitx2,-1.3859430879238752,0.4841831624507904,74
CRISPR,Het_vs_WT,Dnmt3b,-1.373853257383324,0.490016907453537,45
CRISPR,Het_vs_WT,E4f1,1.3718378459398424,0.490016907453537,9
CRISPR,Het_vs_WT,Smad7,1.3766832492142849,0.490016907453537,46
CRISPR,Het_vs_WT,Esrra,-1.3677136528209553,0.4914611577987671,27
CRISPR,Het_vs_WT,Spic,1.3637739399716842,0.4927472174167633,5
CRISPR,Het_vs_WT,Onecut1,-1.3329381198579413,0.5163229703903198,9
CRISPR,Het_vs_WT,Zfp382,1.3344688994968812,0.5163229703903198,10
CRISPR,Het_vs_WT,Arnt,1.3285241420892193,0.5180874466896057,46
CRISPR,Het_vs_WT,Srf,-1.3249555417102108,0.5190737843513489,73
CRISPR,Het_vs_WT,Nfatc4,1.3181711209005322,0.5230634808540344,25
CRISPR,Het_vs_WT,Trp53,-1.3104035351382928,0.527996838092804,754
CRISPR,Het_vs_WT,Sry,-1.3059442439597635,0.5298423767089844,22
CRISPR,Het_vs_WT,Tbx5,1.3010377678914224,0.5321171879768372,11
CRISPR,Het_vs_WT,Elf2,1.2889170634138007,0.5331175923347473,5
CRISPR,Het_vs_WT,Hif3a,1.2876324731428357,0.5331175923347473,5
CRISPR,Het_vs_WT,Mybl1,1.2893291474433735,0.5331175923347473,8
CRISPR,Het_vs_WT,Pbx2,-1.2939043434986386,0.5331175923347473,5
CRISPR,Het_vs_WT,Pou2f3,1.2907704781201788,0.5331175923347473,5
CRISPR,Het_vs_WT,Egr4,1.2771184517190197,0.5384072065353394,10
CRISPR,Het_vs_WT,Nkx2-1,-1.2784632198959673,0.5384072065353394,32
CRISPR,Het_vs_WT,Foxp3,1.2688404675905895,0.5439285039901733,36
CRISPR,Het_vs_WT,Sim2,-1.2645756166971913,0.5456636548042297,7
CRISPR,Het_vs_WT,Nfkbiz,-1.2597414419625095,0.5479475259780884,5
CRISPR,Het_vs_WT,Bcl3,1.251068401175752,0.5539005398750305,16
CRISPR,Het_vs_WT,Nr4a3,1.2486513489441056,0.5539005398750305,19
CRISPR,Het_vs_WT,Apex1,-1.2359526836841397,0.5565586686134338,30
CRISPR,Het_vs_WT,Egr1,-1.2348660836108247,0.5565586686134338,238
CRISPR,Het_vs_WT,Npm1,1.2338422025719717,0.5565586686134338,10
CRISPR,Het_vs_WT,Nupr1,-1.2423249383664514,0.5565586686134338,6
CRISPR,Het_vs_WT,T,1.2355355276445015,0.5565586686134338,7
CRISPR,Het_vs_WT,Hoxa7,-1.2263084732239042,0.5614829659461975,10
CRISPR,Het_vs_WT,Tox3,1.21983792250009,0.5654089450836182,5
CRISPR,Het_vs_WT,Prop1,-1.2149229419987555,0.5655596852302551,5
CRISPR,Het_vs_WT,Zbtb14,1.2154034046115945,0.5655596852302551,6
CRISPR,Het_vs_WT,Msx1,1.2094043550842912,0.5685895085334778,13
CRISPR,Het_vs_WT,Rxrb,1.2053701973569517,0.5701972842216492,7
CRISPR,Het_vs_WT,Isl1,-1.2017149677493018,0.5714452862739563,9
CRISPR,Het_vs_WT,Pax8,1.183540013121666,0.5868389010429382,12
CRISPR,Het_vs_WT,Mafk,1.179105908257054,0.5874289274215698,14
CRISPR,Het_vs_WT,Usf2,-1.1782099009703806,0.5874289274215698,68
CRISPR,Het_vs_WT,Hlf,-1.1730035054268695,0.5901502966880798,13
CRISPR,Het_vs_WT,Irf1,-1.1664831399837756,0.5901502966880798,103
CRISPR,Het_vs_WT,Msx2,-1.1637131593556589,0.5901502966880798,25
CRISPR,Het_vs_WT,Smad4,-1.164505352373634,0.5901502966880798,85
CRISPR,Het_vs_WT,Zhx2,-1.1676809742003598,0.5901502966880798,7
CRISPR,Het_vs_WT,Tbx1,1.1579284921879838,0.5935364365577698,8
CRISPR,Het_vs_WT,Hoxb7,-1.1488613410786124,0.6001699566841125,13
CRISPR,Het_vs_WT,E2f1,1.141779373098623,0.6005974411964417,264
CRISPR,Het_vs_WT,Ing4,-1.1414694107414862,0.6005974411964417,13
CRISPR,Het_vs_WT,Klf15,-1.144380509341398,0.6005974411964417,11
CRISPR,Het_vs_WT,Cdx1,1.1278009653262633,0.6012927293777466,15
CRISPR,Het_vs_WT,Cebpz,-1.1156979826800812,0.6012927293777466,12
CRISPR,Het_vs_WT,Clock,1.117213439280418,0.6012927293777466,48
CRISPR,Het_vs_WT,Ctbp1,1.1267523791494523,0.6012927293777466,6
CRISPR,Het_vs_WT,Ets2,1.1213125287841246,0.6012927293777466,73
CRISPR,Het_vs_WT,Hnf4a,-1.1192498023905366,0.6012927293777466,136
CRISPR,Het_vs_WT,Kcnip3,1.1321962634515985,0.6012927293777466,6
CRISPR,Het_vs_WT,Mafb,1.1293311277578308,0.6012927293777466,20
CRISPR,Het_vs_WT,Nr1h4,-1.1373511810844699,0.6012927293777466,65
CRISPR,Het_vs_WT,Nrl,-1.1213107495208772,0.6012927293777466,10
CRISPR,Het_vs_WT,Smarca5,1.1171176452630103,0.6012927293777466,8
CRISPR,Het_vs_WT,Hoxb1,-1.1056845160374054,0.6088775992393494,5
CRISPR,Het_vs_WT,Pou2f2,-1.1026343998183963,0.6096642017364502,18
CRISPR,Het_vs_WT,Gtf3a,1.0926876832442072,0.613008975982666,18
CRISPR,Het_vs_WT,Mtf2,-1.094863281508244,0.613008975982666,5
CRISPR,Het_vs_WT,Preb,-1.0925055464351936,0.613008975982666,11
CRISPR,Het_vs_WT,Nr1h2,-1.0865628497275956,0.6166526675224304,32
CRISPR,Het_vs_WT,E2f2,-1.0822807841450606,0.6174631118774414,46
CRISPR,Het_vs_WT,Rbpj,1.081284940612787,0.6174631118774414,95
CRISPR,Het_vs_WT,Mybl2,1.0760848674533163,0.6203920245170593,44
CRISPR,Het_vs_WT,Bmal1,-1.0710196694741763,0.6231959462165833,43
CRISPR,Het_vs_WT,Abl1,-1.0497944625224838,0.6267684698104858,10
CRISPR,Het_vs_WT,Ahr,1.055689831140618,0.6267684698104858,101
CRISPR,Het_vs_WT,Gfi1b,1.0646408110139842,0.6267684698104858,10
CRISPR,Het_vs_WT,Gtf2ird1,1.0512019404156125,0.6267684698104858,7
CRISPR,Het_vs_WT,Hdac5,1.0572885300321075,0.6267684698104858,5
CRISPR,Het_vs_WT,Nr2f2,1.0529205993272113,0.6267684698104858,39
CRISPR,Het_vs_WT,Pitx3,1.050630546794517,0.6267684698104858,11
CRISPR,Het_vs_WT,Zbtb33,1.0559353125836233,0.6267684698104858,8
CRISPR,Het_vs_WT,Ctnnb1,1.042393236985035,0.6279677152633667,218
CRISPR,Het_vs_WT,Elf5,-1.0355684136431909,0.6279677152633667,5
CRISPR,Het_vs_WT,En1,1.039110892882123,0.6279677152633667,7
CRISPR,Het_vs_WT,Hcfc1,-1.045014555817094,0.6279677152633667,7
CRISPR,Het_vs_WT,Hey2,1.0361338875662944,0.6279677152633667,12
CRISPR,Het_vs_WT,Rela,1.0370876291679934,0.6279677152633667,333
CRISPR,Het_vs_WT,Dnmt1,-1.0251549540758034,0.6297716498374939,114
CRISPR,Het_vs_WT,Klf5,-1.0310505413408755,0.6297716498374939,50
CRISPR,Het_vs_WT,Msc,1.025139825828899,0.6297716498374939,12
CRISPR,Het_vs_WT,Pbrm1,1.0287750500391717,0.6297716498374939,6
CRISPR,Het_vs_WT,Myf5,1.0200334853880968,0.6326656341552734,13
CRISPR,Het_vs_WT,Gata4,1.0160587530836476,0.6334658861160278,71
CRISPR,Het_vs_WT,Lyl1,-1.0120931392244403,0.6334658861160278,9
CRISPR,Het_vs_WT,Pin1,-1.0107081650970964,0.6334658861160278,5
CRISPR,Het_vs_WT,Pin1rt1,-1.0107081650970964,0.6334658861160278,5
CRISPR,Het_vs_WT,Lhx2,1.0066847407550361,0.6353197693824768,15
CRISPR,Het_vs_WT,Pou5f1,1.0041236741368218,0.6357555389404297,51
CRISPR,Het_vs_WT,Batf,-0.9956207669332466,0.637879490852356,6
CRISPR,Het_vs_WT,Id3,0.9957495043055816,0.637879490852356,27
CRISPR,Het_vs_WT,Irf9,0.9971262547941911,0.637879490852356,14
CRISPR,Het_vs_WT,Klf10,0.9899821530749,0.640637218952179,23
CRISPR,Het_vs_WT,Nkx3-2,-0.9885861891472184,0.640637218952179,5
CRISPR,Het_vs_WT,Pax6,-0.9817019651680678,0.6452968716621399,83
CRISPR,Het_vs_WT,Cux1,0.9777278870181171,0.6466024518013,82
CRISPR,Het_vs_WT,Dmtf1,0.9671456870085867,0.6466024518013,16
CRISPR,Het_vs_WT,Dmtf1l,0.9671456870085867,0.6466024518013,16
CRISPR,Het_vs_WT,Hnf1a,-0.964913667586838,0.6466024518013,45
CRISPR,Het_vs_WT,Mafg,-0.9638983965019948,0.6466024518013,8
CRISPR,Het_vs_WT,Mxi1,0.9670436941036891,0.6466024518013,8
CRISPR,Het_vs_WT,Sin3a,-0.9637254292961972,0.6466024518013,9
CRISPR,Het_vs_WT,Tcf21,0.9754811378341228,0.6466024518013,8
CRISPR,Het_vs_WT,Sp2,0.9543826735630341,0.6536633372306824,17
CRISPR,Het_vs_WT,Lmx1b,-0.9500295268963128,0.6558898091316223,12
CRISPR,Het_vs_WT,Id4,-0.9432463690290829,0.660492479801178,9
CRISPR,Het_vs_WT,Crx,-0.9323827600433722,0.6613555550575256,12
CRISPR,Het_vs_WT,Max,0.9335463737442246,0.6613555550575256,37
CRISPR,Het_vs_WT,Sall4,-0.9349026348393229,0.6613555550575256,7
CRISPR,Het_vs_WT,Tfdp2,-0.9393527593577891,0.6613555550575256,5
CRISPR,Het_vs_WT,Zbtb7b,-0.9320755302919308,0.6613555550575256,7
CRISPR,Het_vs_WT,Rcor2,-0.9204160522759143,0.6707390546798706,11
CRISPR,Het_vs_WT,Myf6,0.9117489114670481,0.6772364377975464,6
CRISPR,Het_vs_WT,Atf2,-0.903361232704907,0.677462637424469,80
CRISPR,Het_vs_WT,Atf5,-0.9014075973950387,0.677462637424469,23
CRISPR,Het_vs_WT,Esr1,-0.907285961135399,0.677462637424469,396
CRISPR,Het_vs_WT,Hnf1b,-0.8982021948820411,0.677462637424469,17
CRISPR,Het_vs_WT,Nr2c1,0.8951749195458908,0.677462637424469,10
CRISPR,Het_vs_WT,Pml,-0.8953883618654742,0.677462637424469,13
CRISPR,Het_vs_WT,Sox4,-0.904304867094338,0.677462637424469,19
CRISPR,Het_vs_WT,Srsf2,-0.8998261442577976,0.677462637424469,12
CRISPR,Het_vs_WT,Klf17,-0.8901163751243911,0.6804250478744507,5
CRISPR,Het_vs_WT,Foxd3,0.8805066419811052,0.6826126575469971,6
CRISPR,Het_vs_WT,Foxn1,-0.8797904517641135,0.6826126575469971,33
CRISPR,Het_vs_WT,Ncor2,-0.8851611836381293,0.6826126575469971,41
CRISPR,Het_vs_WT,Nrf1,0.8834065677899505,0.6826126575469971,64
CRISPR,Het_vs_WT,Ehf,-0.8697663491750727,0.6904483437538147,7
CRISPR,Het_vs_WT,Snai1,-0.8676777942934883,0.6905161738395691,68
CRISPR,Het_vs_WT,Tcf4,-0.8628354661657875,0.6932881474494934,34
CRISPR,Het_vs_WT,Myt1,0.8555175655848415,0.6985006332397461,5
CRISPR,Het_vs_WT,Fgf2,0.8534539208861172,0.6985455751419067,7
CRISPR,Het_vs_WT,Olig2,-0.840585991045448,0.7092651128768921,9
CRISPR,Het_vs_WT,Park7,-0.8338531376413064,0.7139418125152588,5
CRISPR,Het_vs_WT,Nono,0.8290366015930395,0.7167192101478577,8
CRISPR,Het_vs_WT,Crem,-0.8147556803497232,0.7208762764930725,49
CRISPR,Het_vs_WT,Foxh1,0.8223136190059411,0.7208762764930725,7
CRISPR,Het_vs_WT,Gata3,-0.8147853899135631,0.7208762764930725,112
CRISPR,Het_vs_WT,Myog,-0.8165093211328129,0.7208762764930725,35
CRISPR,Het_vs_WT,Pknox1,-0.8190601811478542,0.7208762764930725,8
CRISPR,Het_vs_WT,Etv5,0.8012340176016527,0.7225310802459717,8
CRISPR,Het_vs_WT,Fli1,-0.7990417376903132,0.7225310802459717,63
CRISPR,Het_vs_WT,Grhl3,-0.7950746119405377,0.7225310802459717,18
CRISPR,Het_vs_WT,Nfe2l2,-0.8074798716226593,0.7225310802459717,145
CRISPR,Het_vs_WT,Six1,0.7956624147569262,0.7225310802459717,11
CRISPR,Het_vs_WT,Smarca1,-0.8037398131510535,0.7225310802459717,33
CRISPR,Het_vs_WT,Snai2,-0.799630584334648,0.7225310802459717,28
CRISPR,Het_vs_WT,Srebf1,-0.8056059170156625,0.7225310802459717,91
CRISPR,Het_vs_WT,Stat3,-0.8005026720183764,0.7225310802459717,280
CRISPR,Het_vs_WT,Runx1,-0.788498481020605,0.7270562648773193,111
CRISPR,Het_vs_WT,Hey1,-0.7845180372923549,0.7290233373641968,21
CRISPR,Het_vs_WT,Nr4a2,-0.7765445447687657,0.7329749464988708,33
CRISPR,Het_vs_WT,Pou4f2,-0.7766882486725699,0.7329749464988708,18
CRISPR,Het_vs_WT,Bcl6,-0.7701796545767357,0.7341684699058533,51
CRISPR,Het_vs_WT,Brca1,-0.7575637453701843,0.7341684699058533,48
CRISPR,Het_vs_WT,Brd4,0.7625495400777943,0.7341684699058533,9
CRISPR,Het_vs_WT,Hdac7,-0.7578044088954252,0.7341684699058533,12
CRISPR,Het_vs_WT,Lhx8,0.7617492814909701,0.7341684699058533,7
CRISPR,Het_vs_WT,Ncor1,0.765673614829317,0.7341684699058533,55
CRISPR,Het_vs_WT,Neurog2,0.7600629446019935,0.7341684699058533,14
CRISPR,Het_vs_WT,Sox2,0.7665471669116832,0.7341684699058533,45
CRISPR,Het_vs_WT,Tfdp1,0.7714351141331107,0.7341684699058533,34
CRISPR,Het_vs_WT,Arid3b,0.7520438942340572,0.7362338304519653,6
CRISPR,Het_vs_WT,Irf8,-0.7495784853011728,0.7362338304519653,35
CRISPR,Het_vs_WT,Tbx21,-0.7501434578942797,0.7362338304519653,21
CRISPR,Het_vs_WT,Mxd1,0.740031393344914,0.7398392558097839,18
CRISPR,Het_vs_WT,Phf20,-0.7410890403656841,0.7398392558097839,6
CRISPR,Het_vs_WT,Tgfb1i1,-0.7433882763429891,0.7398392558097839,12
CRISPR,Het_vs_WT,Esr2,-0.7234241883258752,0.751124918460846,127
CRISPR,Het_vs_WT,Pax2,0.7206991455003529,0.751124918460846,10
CRISPR,Het_vs_WT,Pou2f1,-0.7259227718102005,0.751124918460846,57
CRISPR,Het_vs_WT,Pura,-0.7225406153619535,0.751124918460846,15
CRISPR,Het_vs_WT,Rarg,-0.7175007722218844,0.7523473501205444,19
CRISPR,Het_vs_WT,Atf1,0.7134816321439148,0.752466082572937,58
CRISPR,Het_vs_WT,Spib,0.7143686266459213,0.752466082572937,7
CRISPR,Het_vs_WT,Ep300,-0.710581630575361,0.7534000277519226,45
CRISPR,Het_vs_WT,Hmgb2,0.6983000004970996,0.7635392546653748,6
CRISPR,Het_vs_WT,Foxq1,-0.6941777297881527,0.7640913128852844,9
CRISPR,Het_vs_WT,Prox1,0.693835362646881,0.7640913128852844,19
CRISPR,Het_vs_WT,Xbp1,0.6906549131324617,0.7653012871742249,41
CRISPR,Het_vs_WT,Ctcf,-0.6864989261749032,0.7674701809883118,90
CRISPR,Het_vs_WT,Gabpa,-0.682110985456704,0.7687307596206665,23
CRISPR,Het_vs_WT,Twist1,-0.6813226592562367,0.7687307596206665,54
CRISPR,Het_vs_WT,Creb3,-0.6721060654851352,0.7737908363342285,10
CRISPR,Het_vs_WT,Hoxb2,-0.6697830266257185,0.7737908363342285,5
CRISPR,Het_vs_WT,Kdm5a,0.6716183279180821,0.7737908363342285,13
CRISPR,Het_vs_WT,Tef,-0.6683932840621648,0.7737908363342285,8
CRISPR,Het_vs_WT,Rb1,0.6664144188740974,0.773829996585846,30
CRISPR,Het_vs_WT,Eomes,-0.6628975175244836,0.7753760814666748,12
CRISPR,Het_vs_WT,Ddit3,0.6530820936695779,0.7776389122009277,75
CRISPR,Het_vs_WT,Hoxa13,-0.6528483279192463,0.7776389122009277,6
CRISPR,Het_vs_WT,Med1,-0.6559262797590248,0.7776389122009277,9
CRISPR,Het_vs_WT,Tfe3,0.6568384457599284,0.7776389122009277,23
CRISPR,Het_vs_WT,Ikzf1,0.647774277263718,0.7807074189186096,15
CRISPR,Het_vs_WT,Hoxc6,0.6448501934973254,0.7816774845123291,11
CRISPR,Het_vs_WT,Hoxc8,0.6278936676924357,0.7963985800743103,12
CRISPR,Het_vs_WT,Sox6,-0.6222441318287348,0.8000457882881165,13
CRISPR,Het_vs_WT,Nr4a1,0.61244175972489,0.8057235479354858,62
CRISPR,Het_vs_WT,Nr6a1,-0.6106410874226398,0.8057235479354858,6
CRISPR,Het_vs_WT,Plagl1,-0.6121647720407769,0.8057235479354858,9
CRISPR,Het_vs_WT,Pou3f2,0.6079959684311997,0.8064119815826416,16
CRISPR,Het_vs_WT,Noto,0.6050759130792168,0.8073718547821045,7
CRISPR,Het_vs_WT,Tfam,-0.5991620835178102,0.8112789392471313,10
CRISPR,Het_vs_WT,Ncoa2,0.5955571277342534,0.8126963376998901,40
CRISPR,Het_vs_WT,Vezf1,0.5938314974129008,0.8126963376998901,5
CRISPR,Het_vs_WT,Ovol1,0.5845966508288752,0.8177794814109802,8
CRISPR,Het_vs_WT,Prdm2,0.5828313268817139,0.8177794814109802,8
CRISPR,Het_vs_WT,Smarcb1,-0.5867099514955644,0.8177794814109802,5
CRISPR,Het_vs_WT,E2f6,-0.5801070238274862,0.8185473680496216,34
CRISPR,Het_vs_WT,Foxo3,0.5732842463756811,0.8233439326286316,151
CRISPR,Het_vs_WT,Tfap2a,-0.5668313762701892,0.8277798891067505,190
CRISPR,Het_vs_WT,Ppard,0.5581303267943287,0.834437906742096,66
CRISPR,Het_vs_WT,Zglp1,-0.5560077482262313,0.8346039652824402,9
CRISPR,Het_vs_WT,Satb1,-0.5417374050677479,0.8467846512794495,22
CRISPR,Het_vs_WT,Bhlhe41,0.539560038468461,0.8469946384429932,20
CRISPR,Het_vs_WT,Dlx3,0.536412013406254,0.848167359828949,10
CRISPR,Het_vs_WT,Nr1i2,-0.5323708478875284,0.8482831716537476,148
CRISPR,Het_vs_WT,Nr3c1,-0.5333181775803674,0.8482831716537476,161
CRISPR,Het_vs_WT,Zkscan3,0.5257217364666701,0.8509788513183594,5
CRISPR,Het_vs_WT,Zkscan4,0.5257217364666701,0.8509788513183594,5
CRISPR,Het_vs_WT,Maf,-0.51483487984465,0.8598012924194336,33
CRISPR,Het_vs_WT,Foxo4,0.5083437191078244,0.8604620695114136,21
CRISPR,Het_vs_WT,Lrrfip1,0.5082686252530495,0.8604620695114136,9
CRISPR,Het_vs_WT,Pax3,-0.5113043547470448,0.8604620695114136,61
CRISPR,Het_vs_WT,Cebpa,-0.5029235872117163,0.8637993931770325,120
CRISPR,Het_vs_WT,Htatip2,-0.4930389012560646,0.8697383999824524,14
CRISPR,Het_vs_WT,Zfp362,0.4929755345426208,0.8697383999824524,13
CRISPR,Het_vs_WT,Creb3l1,0.48828588044492727,0.8724250793457031,6
CRISPR,Het_vs_WT,Bclaf1,0.4795647197831883,0.8774921298027039,5
CRISPR,Het_vs_WT,Trerf1,-0.479212418684606,0.8774921298027039,5
CRISPR,Het_vs_WT,Cebpb,0.46866873112370316,0.8840059041976929,269
CRISPR,Het_vs_WT,Hhex,-0.4699979300679649,0.8840059041976929,17
CRISPR,Het_vs_WT,Ar,-0.45643919075497635,0.8853931427001953,355
CRISPR,Het_vs_WT,Cdx2,0.45334737397837843,0.8853931427001953,37
CRISPR,Het_vs_WT,Eno1,-0.4516499497738612,0.8853931427001953,14
CRISPR,Het_vs_WT,Eno1b,-0.4516499497738612,0.8853931427001953,14
CRISPR,Het_vs_WT,Klf13,0.455177337385089,0.8853931427001953,8
CRISPR,Het_vs_WT,Myod1,0.45148090165367744,0.8853931427001953,92
CRISPR,Het_vs_WT,Nkx2-2,0.4624818833949132,0.8853931427001953,10
CRISPR,Het_vs_WT,Tfap2b,0.4564160636389419,0.8853931427001953,14
CRISPR,Het_vs_WT,Hipk2,0.4470318512397389,0.8878231048583984,9
CRISPR,Het_vs_WT,Cebpe,-0.44465154181132205,0.8882275819778442,13
CRISPR,Het_vs_WT,Vsx2,-0.44249022770830665,0.8884188532829285,17
CRISPR,Het_vs_WT,Cebpd,0.43218462097638005,0.888908863067627,54
CRISPR,Het_vs_WT,Creb5,-0.4356435482858192,0.888908863067627,10
CRISPR,Het_vs_WT,Ctcfl,-0.4207417271702059,0.888908863067627,7
CRISPR,Het_vs_WT,Fosl1,-0.42028671283610275,0.888908863067627,38
CRISPR,Het_vs_WT,Hbp1,-0.4165778980748804,0.888908863067627,34
CRISPR,Het_vs_WT,Hmga2,0.42025607079138877,0.888908863067627,31
CRISPR,Het_vs_WT,Jund,0.4281871984409531,0.888908863067627,58
CRISPR,Het_vs_WT,Nfkb2,0.43816104279763934,0.888908863067627,41
CRISPR,Het_vs_WT,Nr2c2,0.4275132587150182,0.888908863067627,41
CRISPR,Het_vs_WT,Pawr,-0.43748238537493844,0.888908863067627,6
CRISPR,Het_vs_WT,Pitx1,0.4173489904960349,0.888908863067627,18
CRISPR,Het_vs_WT,Zfp42,0.4201477924376247,0.888908863067627,12
CRISPR,Het_vs_WT,Zkscan7,-0.41810688709608224,0.888908863067627,7
CRISPR,Het_vs_WT,Nfatc2,0.41218608224719006,0.8891280293464661,47
CRISPR,Het_vs_WT,Sp1,0.41217670445192445,0.8891280293464661,832
CRISPR,Het_vs_WT,Twist2,-0.41052345548058544,0.8891280293464661,23
CRISPR,Het_vs_WT,Esrrb,0.40717708838117883,0.8898118138313293,6
CRISPR,Het_vs_WT,Kat2b,0.4039938286371361,0.8898118138313293,11
CRISPR,Het_vs_WT,Smad2,-0.4053297927479832,0.8898118138313293,68
CRISPR,Het_vs_WT,Barx1,-0.394493100157949,0.8914898037910461,8
CRISPR,Het_vs_WT,E2f3,0.3954707062867595,0.8914898037910461,61
CRISPR,Het_vs_WT,Pou1f1,-0.39639874311045625,0.8914898037910461,26
CRISPR,Het_vs_WT,Tbx18,0.3946655000896825,0.8914898037910461,6
CRISPR,Het_vs_WT,Ubtf,0.3883846372074861,0.8954527378082275,10
CRISPR,Het_vs_WT,Arid4a,-0.38056359688720404,0.8957867622375488,5
CRISPR,Het_vs_WT,Foxa3,-0.3823434059150209,0.8957867622375488,6
CRISPR,Het_vs_WT,Stat6,0.3825022339873895,0.8957867622375488,58
CRISPR,Het_vs_WT,Tet1,0.3801345194161813,0.8957867622375488,9
CRISPR,Het_vs_WT,Tgif1,-0.37836677792812023,0.8957867622375488,6
CRISPR,Het_vs_WT,Sox11,0.37284966265716274,0.8991702198982239,7
CRISPR,Het_vs_WT,Gtf2i,-0.3649031733675603,0.9048439860343933,17
CRISPR,Het_vs_WT,Tcf7l2,0.35735806417120947,0.9101371765136719,86
CRISPR,Het_vs_WT,Ezh2,0.3502348577755345,0.9133056998252869,101
CRISPR,Het_vs_WT,Hsf2,0.34922599701258983,0.9133056998252869,18
CRISPR,Het_vs_WT,Mbd2,-0.34816372598005507,0.9133056998252869,54
CRISPR,Het_vs_WT,Fosb,0.3425865162102154,0.9151879549026489,26
CRISPR,Het_vs_WT,Hsf4,0.3415805437039944,0.9151879549026489,8
CRISPR,Het_vs_WT,Mafa,0.33838329239277287,0.9151879549026489,7
CRISPR,Het_vs_WT,Sf1,-0.3401810913537356,0.9151879549026489,5
CRISPR,Het_vs_WT,Cebpg,-0.3347365533600851,0.9159863591194153,105
CRISPR,Het_vs_WT,Nr2e3,0.331704436157007,0.9159863591194153,5
CRISPR,Het_vs_WT,Tbx3,-0.33186669614223996,0.9159863591194153,13
CRISPR,Het_vs_WT,Elf3,-0.32127340556057926,0.9191715717315674,15
CRISPR,Het_vs_WT,Junb,0.3205268535003132,0.9191715717315674,65
CRISPR,Het_vs_WT,Tcf20,0.32138682905954036,0.9191715717315674,5
CRISPR,Het_vs_WT,Trps1,0.32276001814187366,0.9191715717315674,13
CRISPR,Het_vs_WT,Foxl2,0.29462038079390973,0.9283746480941772,15
CRISPR,Het_vs_WT,Irf6,0.2944633818293712,0.9283746480941772,8
CRISPR,Het_vs_WT,Klf4,0.2892320086806229,0.9283746480941772,82
CRISPR,Het_vs_WT,Mnt,-0.2907044904335144,0.9283746480941772,7
CRISPR,Het_vs_WT,Nr2e1,0.29495828434791976,0.9283746480941772,9
CRISPR,Het_vs_WT,Sox5,0.2945138088309402,0.9283746480941772,7
CRISPR,Het_vs_WT,Stat4,-0.2926445308552667,0.9283746480941772,10
CRISPR,Het_vs_WT,Tfap4,-0.3007728450136316,0.9283746480941772,22
CRISPR,Het_vs_WT,Thrb,-0.3066828561520595,0.9283746480941772,28
CRISPR,Het_vs_WT,Zfp263,0.3057314779987347,0.9283746480941772,5
CRISPR,Het_vs_WT,Zfp395,-0.3046068185036705,0.9283746480941772,5
CRISPR,Het_vs_WT,E2f5,-0.28619480704216277,0.9293819069862366,8
CRISPR,Het_vs_WT,Arid3a,-0.28169862730808787,0.9317269921302795,6
CRISPR,Het_vs_WT,Npas2,-0.2780396254972712,0.933300256729126,7
CRISPR,Het_vs_WT,Pparg,-0.2740127829656617,0.9339653253555298,220
CRISPR,Het_vs_WT,Smarca4,-0.2734241494441844,0.9339653253555298,9
CRISPR,Het_vs_WT,Mef2c,-0.269764642952215,0.9355334043502808,32
CRISPR,Het_vs_WT,Foxj1,0.26644041215518716,0.9367927312850952,6
CRISPR,Het_vs_WT,Bmal2,-0.25809612533195425,0.9395430088043213,6
CRISPR,Het_vs_WT,Btg2,-0.24050908562813184,0.9395430088043213,6
CRISPR,Het_vs_WT,Ebf3,-0.2520475533995687,0.9395430088043213,7
CRISPR,Het_vs_WT,Gfi1,-0.2566825736119,0.9395430088043213,26
CRISPR,Het_vs_WT,Hand2,0.238153561619238,0.9395430088043213,18
CRISPR,Het_vs_WT,Hdac3,-0.23937769103814494,0.9395430088043213,16
CRISPR,Het_vs_WT,Mecp2,-0.2509326007554626,0.9395430088043213,22
CRISPR,Het_vs_WT,Mtf1,-0.24973059845418472,0.9395430088043213,24
CRISPR,Het_vs_WT,Ncoa1,0.2451912978985388,0.9395430088043213,54
CRISPR,Het_vs_WT,Nfe2l3,0.24772868036441298,0.9395430088043213,5
CRISPR,Het_vs_WT,Rel,-0.24916802388250622,0.9395430088043213,62
CRISPR,Het_vs_WT,Sp4,-0.23856399109277665,0.9395430088043213,35
CRISPR,Het_vs_WT,Tada2a,0.24283927357662147,0.9395430088043213,7
CRISPR,Het_vs_WT,Sp7,0.234018702557369,0.9415128827095032,26
CRISPR,Het_vs_WT,Kdm2a,-0.22240489643145048,0.9417460560798645,8
CRISPR,Het_vs_WT,Kmt2a,0.22212931584927761,0.9417460560798645,52
CRISPR,Het_vs_WT,Mycn,0.2240919335159189,0.9417460560798645,101
CRISPR,Het_vs_WT,Mycs,0.2240919335159189,0.9417460560798645,101
CRISPR,Het_vs_WT,Wt1,0.23153527827434697,0.9417460560798645,107
CRISPR,Het_vs_WT,Zbtb4,0.2270907166496118,0.9417460560798645,11
CRISPR,Het_vs_WT,Peg3,-0.21661993233186,0.9449217915534973,6
CRISPR,Het_vs_WT,Sox9,0.21372824948933317,0.9457671046257019,55
CRISPR,Het_vs_WT,Dlx5,-0.20793516165805304,0.9491844773292542,21
CRISPR,Het_vs_WT,Bcl11b,0.19977625985962463,0.9506720900535583,16
CRISPR,Het_vs_WT,Rorc,0.19925891597188097,0.9506720900535583,8
CRISPR,Het_vs_WT,Taf1,0.2025836998905246,0.9506720900535583,33
CRISPR,Het_vs_WT,Zfp523,-0.1984754369704424,0.9506720900535583,6
CRISPR,Het_vs_WT,Deaf1,-0.1779259373207094,0.9533564448356628,8
CRISPR,Het_vs_WT,Dnmt3a,0.1816934149725931,0.9533564448356628,38
CRISPR,Het_vs_WT,Gli3,0.18781266155674683,0.9533564448356628,28
CRISPR,Het_vs_WT,Klf8,0.1932878609625397,0.9533564448356628,16
CRISPR,Het_vs_WT,Mta3,0.17986078564264457,0.9533564448356628,10
CRISPR,Het_vs_WT,Nkx2-5,-0.1843071575696052,0.9533564448356628,43
CRISPR,Het_vs_WT,Nr5a1,0.18454852972540578,0.9533564448356628,54
CRISPR,Het_vs_WT,Sox10,-0.18107883963522942,0.9533564448356628,16
CRISPR,Het_vs_WT,Zic1,0.18602215222808427,0.9533564448356628,11
CRISPR,Het_vs_WT,Foxd1,0.17212522108156725,0.9555723667144775,6
CRISPR,Het_vs_WT,Gata6,0.16393031050076287,0.9555723667144775,42
CRISPR,Het_vs_WT,Myc,0.16594960317588428,0.9555723667144775,712
CRISPR,Het_vs_WT,Stat1,-0.16462575504077664,0.9555723667144775,203
CRISPR,Het_vs_WT,Zbtb17,-0.1691614016864225,0.9555723667144775,32
CRISPR,Het_vs_WT,Zfp384,-0.16372083167332743,0.9555723667144775,14
CRISPR,Het_vs_WT,Neurod6,-0.16168357027675984,0.9556547999382019,7
CRISPR,Het_vs_WT,Bhlhe40,-0.15425212811808528,0.9575631022453308,27
CRISPR,Het_vs_WT,Jun,0.15364222271274283,0.9575631022453308,391
CRISPR,Het_vs_WT,Mzf1,-0.15515481312563054,0.9575631022453308,16
CRISPR,Het_vs_WT,Myrf,-0.15125841060216408,0.9579418897628784,7
CRISPR,Het_vs_WT,Fezf2,0.14641618754532865,0.9593544006347656,6
CRISPR,Het_vs_WT,Smarcc1,-0.1457242233222636,0.9593544006347656,6
CRISPR,Het_vs_WT,Dot1l,-0.14310572630885052,0.9599312543869019,7
CRISPR,Het_vs_WT,Ppargc1a,-0.13910741242737598,0.961039662361145,23
CRISPR,Het_vs_WT,Zfpm1,-0.1379178162437848,0.961039662361145,9
CRISPR,Het_vs_WT,Ets1,-0.13460146850843216,0.9619494676589966,139
CRISPR,Het_vs_WT,Ncoa3,0.13101219155843502,0.9619494676589966,51
CRISPR,Het_vs_WT,Prdm1,-0.13193876194836143,0.9619494676589966,28
CRISPR,Het_vs_WT,Ascl1,0.111663704547527,0.9651393294334412,34
CRISPR,Het_vs_WT,Elk4,0.11339371601775677,0.9651393294334412,6
CRISPR,Het_vs_WT,Hdgf,0.11221611421289593,0.9651393294334412,5
CRISPR,Het_vs_WT,Mef2d,-0.12422273234340016,0.9651393294334412,18
CRISPR,Het_vs_WT,Nfia,-0.11380587400387503,0.9651393294334412,33
CRISPR,Het_vs_WT,Otx2,0.12252549841133024,0.9651393294334412,13
CRISPR,Het_vs_WT,Usf1,0.11259304332882838,0.9651393294334412,124
CRISPR,Het_vs_WT,Yy1,0.11410444440848537,0.9651393294334412,168
CRISPR,Het_vs_WT,Nr0b2,-0.10487829053399779,0.9691981077194214,64
CRISPR,Het_vs_WT,Dbp,0.09528269858710378,0.9739581942558289,20
CRISPR,Het_vs_WT,Esrrg,0.09542889353590837,0.9739581942558289,16
CRISPR,Het_vs_WT,Rorb,-0.09194446693265765,0.9740836024284363,5
CRISPR,Het_vs_WT,Vdr,0.09120912944598936,0.9740836024284363,82
CRISPR,Het_vs_WT,Atf4,-0.06194780624283099,0.9860054850578308,93
CRISPR,Het_vs_WT,Ctbp2,-0.05613463198322236,0.9860054850578308,9
CRISPR,Het_vs_WT,Dach1,0.060463189540041984,0.9860054850578308,5
CRISPR,Het_vs_WT,Elf1,0.054033516107570054,0.9860054850578308,42
CRISPR,Het_vs_WT,Foxc2,-0.05297197674343819,0.9860054850578308,9
CRISPR,Het_vs_WT,Gata2,0.06341477032755362,0.9860054850578308,45
CRISPR,Het_vs_WT,Gli1,0.06864878054987524,0.9860054850578308,125
CRISPR,Het_vs_WT,Hoxa10,-0.04919601346386538,0.9860054850578308,36
CRISPR,Het_vs_WT,Kdm5c,0.06345716366645941,0.9860054850578308,16
CRISPR,Het_vs_WT,Kdm5d,0.06345716366645941,0.9860054850578308,16
CRISPR,Het_vs_WT,Nfil3,0.06979436111330528,0.9860054850578308,17
CRISPR,Het_vs_WT,Nr1i3,0.053124601677518445,0.9860054850578308,26
CRISPR,Het_vs_WT,Runx3,0.05110051463025528,0.9860054850578308,44
CRISPR,Het_vs_WT,Satb2,-0.07210416833998902,0.9860054850578308,16
CRISPR,Het_vs_WT,Elk1,-0.044490705939340534,0.9866139888763428,47
CRISPR,Het_vs_WT,Pgr,-0.04569650873631562,0.9866139888763428,91
CRISPR,Het_vs_WT,Dlx4,-0.041396329990081665,0.986784040927887,24
CRISPR,Het_vs_WT,Klf1,0.040320949530900894,0.986784040927887,12
CRISPR,Het_vs_WT,Foxo1,0.029529477427133424,0.9879385828971863,185
CRISPR,Het_vs_WT,Hoxd1,0.02898907234819548,0.9879385828971863,6
CRISPR,Het_vs_WT,Irf3,0.031833684509245806,0.9879385828971863,52
CRISPR,Het_vs_WT,Irf4,-0.03154480210170661,0.9879385828971863,27
CRISPR,Het_vs_WT,Klf7,-0.036507127613022196,0.9879385828971863,6
CRISPR,Het_vs_WT,Fosl2,-0.017094197894914953,0.9959225654602051,25
CRISPR,Het_vs_WT,Sall2,0.015012827230010708,0.9959900379180908,6
CRISPR,Het_vs_WT,Kat6b,-0.010542130600796382,0.9963714480400085,6
CRISPR,Het_vs_WT,Stat5a,-0.012415354531285125,0.9963714480400085,121
CRISPR,Het_vs_WT,Aire,0.005315985463892159,0.9989551901817322,11
CRISPR,Het_vs_WT,Meis1,0.0015171664860146095,0.9996781349182129,8
CRISPR,Het_vs_WT,Ybx1,0.0004034411907758044,0.9996781349182129,70
CRISPR,KO_vs_WT,Zfp24,4.890668578255709,0.0006344158900901675,5
CRISPR,KO_vs_WT,Zbtb18,4.481713543397901,0.00233059492893517,7
CRISPR,KO_vs_WT,Barx2,-4.328342918456725,0.002534483792260289,12
CRISPR,KO_vs_WT,Tcf3,-4.312792481903606,0.002534483792260289,71
CRISPR,KO_vs_WT,Ebf1,-3.934621705735541,0.010461623780429363,13
CRISPR,KO_vs_WT,Nfya,-3.7934686550724233,0.01553379837423563,71
CRISPR,KO_vs_WT,Rara,-3.7384712224555754,0.016590319573879242,100
CRISPR,KO_vs_WT,Lef1,-3.5785990719911105,0.025678010657429695,59
CRISPR,KO_vs_WT,Srf,-3.5615634627220265,0.025678010657429695,73
CRISPR,KO_vs_WT,Srebf2,-3.5114027771038536,0.027938857674598694,51
CRISPR,KO_vs_WT,Pdx1,3.4782622406898724,0.02875382825732231,48
CRISPR,KO_vs_WT,Hopx,3.3639918382405036,0.030120616778731346,6
CRISPR,KO_vs_WT,Kdm5b,-3.3907153672597694,0.030120616778731346,22
CRISPR,KO_vs_WT,Mta1,-3.3644502891002417,0.030120616778731346,40
CRISPR,KO_vs_WT,Nsd2,-3.363640879614404,0.030120616778731346,7
CRISPR,KO_vs_WT,Tead1,3.3999596571882735,0.030120616778731346,22
CRISPR,KO_vs_WT,Pax7,-3.3186327772662296,0.033334095031023026,12
CRISPR,KO_vs_WT,Hnf1a,-3.2778909371383294,0.03639482706785202,45
CRISPR,KO_vs_WT,Nfyc,-3.184831915989318,0.042921315878629684,16
CRISPR,KO_vs_WT,Pitx2,-3.1966958743984715,0.042921315878629684,74
CRISPR,KO_vs_WT,Plag1,-3.212953626971729,0.042921315878629684,6
CRISPR,KO_vs_WT,Smad6,-3.1731642135307867,0.042921315878629684,14
CRISPR,KO_vs_WT,Atf3,-3.139816685654321,0.04438761994242668,77
CRISPR,KO_vs_WT,Zfhx3,3.137959940889458,0.04438761994242668,6
CRISPR,KO_vs_WT,Hnf4a,-3.114110755146287,0.04620950296521187,136
CRISPR,KO_vs_WT,Pax5,-3.0265083647655633,0.05956825613975525,41
CRISPR,KO_vs_WT,Gata5,2.9736643637563116,0.06436643749475479,13
CRISPR,KO_vs_WT,Smad1,-2.9826878756617288,0.06436643749475479,44
CRISPR,KO_vs_WT,Smad3,-2.969585870104807,0.06436643749475479,117
CRISPR,KO_vs_WT,Sp3,-2.954953132940884,0.06524773687124252,266
CRISPR,KO_vs_WT,Foxc1,-2.9347759729743905,0.06739527732133865,9
CRISPR,KO_vs_WT,Nr1d1,2.9241648920402823,0.0675554946064949,12
CRISPR,KO_vs_WT,Mlxipl,-2.903182286424245,0.07005966454744339,9
CRISPR,KO_vs_WT,Scx,-2.872095818404981,0.07291339337825775,7
CRISPR,KO_vs_WT,Tal1,-2.876270158730038,0.07291339337825775,57
CRISPR,KO_vs_WT,Isl1,-2.8138349785538814,0.08110133558511734,9
CRISPR,KO_vs_WT,Ncor2,-2.8119154274464297,0.08110133558511734,41
CRISPR,KO_vs_WT,Rest,2.8262792034667386,0.08110133558511734,29
CRISPR,KO_vs_WT,Erg,-2.7627234430601946,0.09196987748146057,34
CRISPR,KO_vs_WT,Sox17,2.748809875006961,0.09356505423784256,23
CRISPR,KO_vs_WT,Smad5,-2.710287374809826,0.10014770179986954,25
CRISPR,KO_vs_WT,Zmynd8,-2.715375481169579,0.10014770179986954,8
CRISPR,KO_vs_WT,Hes1,-2.6855154467809634,0.10451596230268478,60
CRISPR,KO_vs_WT,Nfyb,-2.6805507175834142,0.10451596230268478,28
CRISPR,KO_vs_WT,Msx2,-2.6520294558597928,0.10881983488798141,25
CRISPR,KO_vs_WT,Ybx3,2.656791081841029,0.10881983488798141,22
CRISPR,KO_vs_WT,Hoxb13,2.6150928139891767,0.11873669922351837,9
CRISPR,KO_vs_WT,Hesx1,2.5864702400517476,0.12131907045841217,13
CRISPR,KO_vs_WT,Id1,-2.588163427999754,0.12131907045841217,49
CRISPR,KO_vs_WT,Klf9,-2.5945943925257815,0.12131907045841217,16
CRISPR,KO_vs_WT,Rorb,-2.5720308875871853,0.1240154281258583,5
CRISPR,KO_vs_WT,Tfcp2,-2.520739728234617,0.14087551832199097,41
CRISPR,KO_vs_WT,Nfkbiz,-2.509813406338679,0.1409415900707245,5
CRISPR,KO_vs_WT,Pou3f2,2.507258779766749,0.1409415900707245,16
CRISPR,KO_vs_WT,Mkx,-2.4988416897318078,0.1416892409324646,5
CRISPR,KO_vs_WT,Smad2,-2.492493985848215,0.1416892409324646,68
CRISPR,KO_vs_WT,En1,2.4769398112086267,0.14541733264923096,7
CRISPR,KO_vs_WT,Runx2,-2.4623665876167493,0.14884914457798004,87
CRISPR,KO_vs_WT,Hif3a,2.4387039094361427,0.15626314282417297,5
CRISPR,KO_vs_WT,Nr1i2,-2.431438098102743,0.15677422285079956,148
CRISPR,KO_vs_WT,Srebf1,-2.4174888609604697,0.16024106740951538,91
CRISPR,KO_vs_WT,Esr1,-2.408706450447877,0.16150017082691193,396
CRISPR,KO_vs_WT,Myb,-2.3091119419855968,0.20784243941307068,117
CRISPR,KO_vs_WT,Ssrp1,2.2965094524552416,0.21152447164058685,81
CRISPR,KO_vs_WT,Nr1h3,-2.2890754755824925,0.21238861978054047,73
CRISPR,KO_vs_WT,Nrg1,-2.2744679220682245,0.21734409034252167,29
CRISPR,KO_vs_WT,Kat6a,2.2603784590329474,0.21885709464550018,9
CRISPR,KO_vs_WT,Zfp148,2.2647700928418346,0.21885709464550018,20
CRISPR,KO_vs_WT,Hr,-2.2179972725950114,0.2338866889476776,55
CRISPR,KO_vs_WT,Notch1,-2.220003814944193,0.2338866889476776,40
CRISPR,KO_vs_WT,Zbtb33,2.2212933505901926,0.2338866889476776,8
CRISPR,KO_vs_WT,Bcl11a,-2.159619233252441,0.26028308272361755,7
CRISPR,KO_vs_WT,E2f1,2.161447103034573,0.26028308272361755,264
CRISPR,KO_vs_WT,Fhl2,2.1684242859058784,0.26028308272361755,6
CRISPR,KO_vs_WT,Elf2,2.144496828661824,0.2650993764400482,5
CRISPR,KO_vs_WT,Neurog3,-2.1364278777212804,0.2650993764400482,10
CRISPR,KO_vs_WT,Trp63,-2.1385504536246214,0.2650993764400482,143
CRISPR,KO_vs_WT,Nfkbib,2.1034798561071333,0.2839743196964264,12
CRISPR,KO_vs_WT,Neurod1,-2.0954471945439046,0.28597718477249146,26
CRISPR,KO_vs_WT,Prdm2,2.082092213174234,0.28819820284843445,8
CRISPR,KO_vs_WT,Thap11,2.0822690330724347,0.28819820284843445,6
CRISPR,KO_vs_WT,Smad4,-2.0672038389944367,0.2952103018760681,85
CRISPR,KO_vs_WT,Pou2f2,-2.0606107103335316,0.29552245140075684,18
CRISPR,KO_vs_WT,Stat3,-2.056841848136358,0.29552245140075684,280
CRISPR,KO_vs_WT,Rarb,-2.02974312325855,0.31176313757896423,36
CRISPR,KO_vs_WT,Mecom,-2.0187506828990585,0.3163546919822693,13
CRISPR,KO_vs_WT,Bach1,2.0036027515503614,0.3190903663635254,13
CRISPR,KO_vs_WT,Egr1,-1.973102261660593,0.3190903663635254,238
CRISPR,KO_vs_WT,Etv4,-1.9841422520501195,0.3190903663635254,46
CRISPR,KO_vs_WT,Hoxa1,-1.9962603272905493,0.3190903663635254,19
CRISPR,KO_vs_WT,Klf17,2.010070446427516,0.3190903663635254,5
CRISPR,KO_vs_WT,Nfe2,-1.9930795190343344,0.3190903663635254,8
CRISPR,KO_vs_WT,Nkx6-1,1.97582453634143,0.3190903663635254,5
CRISPR,KO_vs_WT,Pax6,-1.988955080485773,0.3190903663635254,83
CRISPR,KO_vs_WT,Runx1,-1.976301996841229,0.3190903663635254,111
CRISPR,KO_vs_WT,Rfx5,1.9657170375312,0.3212839663028717,7
CRISPR,KO_vs_WT,Irx1,1.959862941176974,0.3223568797111511,13
CRISPR,KO_vs_WT,Cdx1,1.941355539063124,0.32753288745880127,15
CRISPR,KO_vs_WT,Ciita,1.9313881305508602,0.32753288745880127,15
CRISPR,KO_vs_WT,Tbpl2,1.9368513002328942,0.32753288745880127,7
CRISPR,KO_vs_WT,Trp53,-1.9392610567885156,0.32753288745880127,754
CRISPR,KO_vs_WT,Zbtb14,1.9324450302157816,0.32753288745880127,6
CRISPR,KO_vs_WT,Hdac1,1.9195518205365931,0.3284667432308197,58
CRISPR,KO_vs_WT,Irf2,-1.917582539857622,0.3284667432308197,39
CRISPR,KO_vs_WT,Sp1,-1.924974566322539,0.3284667432308197,832
CRISPR,KO_vs_WT,Tgfb1i1,-1.9059475182738912,0.33104896545410156,12
CRISPR,KO_vs_WT,Thra,-1.908758801416093,0.33104896545410156,44
CRISPR,KO_vs_WT,Ep300,-1.8959396133632596,0.33557116985321045,45
CRISPR,KO_vs_WT,Relb,-1.8898516248754553,0.3368987441062927,33
CRISPR,KO_vs_WT,Snai1,-1.886145046812666,0.3368987441062927,68
CRISPR,KO_vs_WT,Dlx5,-1.8752709722262961,0.34219780564308167,21
CRISPR,KO_vs_WT,Tbpl1,1.8567499223957467,0.3536037504673004,23
CRISPR,KO_vs_WT,Bcl11b,1.8163706078292925,0.37313681840896606,16
CRISPR,KO_vs_WT,Hlf,-1.8246055256300746,0.37313681840896606,13
CRISPR,KO_vs_WT,Hoxa11,-1.8130002471596165,0.37313681840896606,6
CRISPR,KO_vs_WT,Hoxa5,-1.8254400592397706,0.37313681840896606,8
CRISPR,KO_vs_WT,Ttf1,-1.8207716150407351,0.37313681840896606,30
CRISPR,KO_vs_WT,Gata2,-1.808394724595904,0.3737529218196869,45
CRISPR,KO_vs_WT,Pou2f1,-1.793985535403653,0.38253703713417053,57
CRISPR,KO_vs_WT,Arid5b,-1.770098692931307,0.3891247510910034,5
CRISPR,KO_vs_WT,E2f4,-1.769724362200446,0.3891247510910034,157
CRISPR,KO_vs_WT,Maz,1.7712285895374629,0.3891247510910034,25
CRISPR,KO_vs_WT,Pou3f1,1.7672726053085241,0.3891247510910034,8
CRISPR,KO_vs_WT,Pura,-1.778251528675696,0.3891247510910034,15
CRISPR,KO_vs_WT,Bcl3,1.7463404441275407,0.40385857224464417,16
CRISPR,KO_vs_WT,Atoh1,1.692772517861088,0.4070097506046295,6
CRISPR,KO_vs_WT,Crebbp,-1.6996343115025474,0.4070097506046295,25
CRISPR,KO_vs_WT,E2f5,1.7187762509437272,0.4070097506046295,8
CRISPR,KO_vs_WT,Ehf,-1.707058098857388,0.4070097506046295,7
CRISPR,KO_vs_WT,Hmga1,-1.706098813841762,0.4070097506046295,43
CRISPR,KO_vs_WT,Hmga1b,-1.706098813841762,0.4070097506046295,43
CRISPR,KO_vs_WT,Hoxb7,-1.7359097853516938,0.4070097506046295,13
CRISPR,KO_vs_WT,Klf3,1.7240178403460351,0.4070097506046295,6
CRISPR,KO_vs_WT,Lmo2,1.7262483591578117,0.4070097506046295,16
CRISPR,KO_vs_WT,Mef2c,-1.707254705971263,0.4070097506046295,32
CRISPR,KO_vs_WT,Meox2,-1.6931022333935801,0.4070097506046295,5
CRISPR,KO_vs_WT,Nfe2l1,-1.7293899464706204,0.4070097506046295,6
CRISPR,KO_vs_WT,Smarcc1,-1.6997936148759383,0.4070097506046295,6
CRISPR,KO_vs_WT,Tbx2,1.7316305868456,0.4070097506046295,24
CRISPR,KO_vs_WT,Mbd1,-1.6880105232504434,0.4081670641899109,12
CRISPR,KO_vs_WT,Foxc2,-1.6823443173034986,0.41011670231819153,9
CRISPR,KO_vs_WT,Irf9,1.6755480736752668,0.4101705253124237,14
CRISPR,KO_vs_WT,Nfic,-1.6772311973150875,0.4101705253124237,42
CRISPR,KO_vs_WT,Smarcb1,-1.66230208613994,0.418717622756958,5
CRISPR,KO_vs_WT,Rxrb,1.6564688621977928,0.42089328169822693,7
CRISPR,KO_vs_WT,Elf3,-1.6036773758353962,0.42474129796028137,15
CRISPR,KO_vs_WT,Foxg1,1.6437298016416502,0.42474129796028137,12
CRISPR,KO_vs_WT,Gabpa,-1.6088939835356582,0.42474129796028137,23
CRISPR,KO_vs_WT,Hdac4,1.6404969424322675,0.42474129796028137,18
CRISPR,KO_vs_WT,Hdac5,1.600927927435146,0.42474129796028137,5
CRISPR,KO_vs_WT,Hinfp,1.6305334776530354,0.42474129796028137,9
CRISPR,KO_vs_WT,Hoxa13,-1.6333523177355576,0.42474129796028137,6
CRISPR,KO_vs_WT,Klf5,-1.6078231659695879,0.42474129796028137,50
CRISPR,KO_vs_WT,Klf6,1.621911210930917,0.42474129796028137,35
CRISPR,KO_vs_WT,Ppara,-1.642031067569668,0.42474129796028137,158
CRISPR,KO_vs_WT,Sp4,-1.6199524685909565,0.42474129796028137,35
CRISPR,KO_vs_WT,Tcf4,-1.608626364645937,0.42474129796028137,34
CRISPR,KO_vs_WT,Yap1,1.6253588122957707,0.42474129796028137,8
CRISPR,KO_vs_WT,Zbtb16,-1.612116344148234,0.42474129796028137,40
CRISPR,KO_vs_WT,Zbtb7b,-1.631339685997986,0.42474129796028137,7
CRISPR,KO_vs_WT,Zfpm2,-1.6057035841881406,0.42474129796028137,9
CRISPR,KO_vs_WT,Dmtf1,1.587422862476348,0.43007656931877136,16
CRISPR,KO_vs_WT,Dmtf1l,1.587422862476348,0.43007656931877136,16
CRISPR,KO_vs_WT,Hdac9,-1.5855933039953662,0.43007656931877136,15
CRISPR,KO_vs_WT,Ewsr1,1.5773430627803326,0.43221786618232727,42
CRISPR,KO_vs_WT,Nr0b1,-1.577082430952814,0.43221786618232727,24
CRISPR,KO_vs_WT,Zfp236,1.5733141175537235,0.43288400769233704,5
CRISPR,KO_vs_WT,Hsf4,1.56954485652379,0.433562308549881,8
CRISPR,KO_vs_WT,Nab2,1.5635720099518486,0.4361635446548462,5
CRISPR,KO_vs_WT,Tcf7l2,-1.559338067638105,0.4372680187225342,86
CRISPR,KO_vs_WT,Elk3,1.5490944068725676,0.4436386823654175,16
CRISPR,KO_vs_WT,Prrx1,-1.5457238610265394,0.444010853767395,6
CRISPR,KO_vs_WT,Tbx18,-1.5413168916032036,0.44530415534973145,6
CRISPR,KO_vs_WT,Ets1,-1.5286412266435305,0.4501464068889618,139
CRISPR,KO_vs_WT,Gtf2ird1,1.5314863546651747,0.4501464068889618,7
CRISPR,KO_vs_WT,Smad7,1.5270815904416413,0.4501464068889618,46
CRISPR,KO_vs_WT,Trim28,-1.5218834097943235,0.4521850049495697,8
CRISPR,KO_vs_WT,Patz1,-1.5151792807617195,0.45557406544685364,8
CRISPR,KO_vs_WT,Hoxc6,1.5102494385122116,0.45740318298339844,11
CRISPR,KO_vs_WT,Ncoa1,-1.5072362564081319,0.4575367569923401,54
CRISPR,KO_vs_WT,Myc,-1.5021097298639032,0.4595623016357422,712
CRISPR,KO_vs_WT,Arid4b,-1.498525600021099,0.4602239429950714,5
CRISPR,KO_vs_WT,Foxo1,1.4907829004128375,0.4646138846874237,185
CRISPR,KO_vs_WT,Pou2f3,1.483896009629236,0.46826407313346863,5
CRISPR,KO_vs_WT,Arx,-1.4685825203054834,0.47703778743743896,17
CRISPR,KO_vs_WT,Smarca5,1.4689754219858144,0.47703778743743896,8
CRISPR,KO_vs_WT,Ascl2,-1.4543267314168296,0.4858609437942505,5
CRISPR,KO_vs_WT,Zeb1,-1.4533498944594112,0.4858609437942505,36
CRISPR,KO_vs_WT,Rxrg,-1.4504284900287272,0.48597684502601624,5
CRISPR,KO_vs_WT,Stat2,1.4470417668295283,0.48653140664100647,29
CRISPR,KO_vs_WT,Bmal2,-1.439337360226341,0.48740696907043457,6
CRISPR,KO_vs_WT,Etv1,1.4329238654338352,0.48740696907043457,16
CRISPR,KO_vs_WT,Foxp3,1.4289635528770488,0.48740696907043457,36
CRISPR,KO_vs_WT,Gsc,1.411003456335134,0.48740696907043457,6
CRISPR,KO_vs_WT,Hoxa9,1.4334778075183456,0.48740696907043457,30
CRISPR,KO_vs_WT,Hoxd3,1.4110927717845385,0.48740696907043457,8
CRISPR,KO_vs_WT,Id2,-1.4133352485530069,0.48740696907043457,38
CRISPR,KO_vs_WT,Jarid2,-1.4101234211571643,0.48740696907043457,10
CRISPR,KO_vs_WT,Prdm4,1.4306583341032584,0.48740696907043457,6
CRISPR,KO_vs_WT,Preb,-1.4262191199185232,0.48740696907043457,11
CRISPR,KO_vs_WT,Tfdp1,1.4157989060554945,0.48740696907043457,34
CRISPR,KO_vs_WT,Usf1,-1.4412806200871817,0.48740696907043457,124
CRISPR,KO_vs_WT,Vhl,-1.416799896872462,0.48740696907043457,20
CRISPR,KO_vs_WT,Zfp382,1.4082080118740248,0.48740696907043457,10
CRISPR,KO_vs_WT,Kmt2b,-1.3953980588349195,0.49460479617118835,10
CRISPR,KO_vs_WT,Npm1,1.3917640761241032,0.49460479617118835,10
CRISPR,KO_vs_WT,Nr5a2,-1.3898171024469896,0.49460479617118835,24
CRISPR,KO_vs_WT,Pbrm1,1.3926479618448961,0.49460479617118835,6
CRISPR,KO_vs_WT,Esrra,-1.3870239263044728,0.49478021264076233,27
CRISPR,KO_vs_WT,Cebpd,-1.3748277858111428,0.5003872513771057,54
CRISPR,KO_vs_WT,Etv3,-1.3731317319349394,0.5003872513771057,11
CRISPR,KO_vs_WT,Gata3,-1.3774107639980537,0.5003872513771057,112
CRISPR,KO_vs_WT,Esr2,-1.361730669022043,0.5061567425727844,127
CRISPR,KO_vs_WT,Mxi1,1.3617139194253394,0.5061567425727844,8
CRISPR,KO_vs_WT,Tsc22d1,-1.3528867657046986,0.5119524002075195,6
CRISPR,KO_vs_WT,Btg2,1.3341206056481805,0.5205398797988892,6
CRISPR,KO_vs_WT,Hic1,-1.3258725384893553,0.5205398797988892,17
CRISPR,KO_vs_WT,Hipk2,1.3382296676343821,0.5205398797988892,9
CRISPR,KO_vs_WT,Mtf1,-1.3301916952604458,0.5205398797988892,24
CRISPR,KO_vs_WT,Spi1,-1.3329690544517085,0.5205398797988892,175
CRISPR,KO_vs_WT,Tbx3,1.338502537927173,0.5205398797988892,13
CRISPR,KO_vs_WT,Tcf20,-1.3220385400039476,0.5205398797988892,5
CRISPR,KO_vs_WT,Tfap2c,-1.3227270730158276,0.5205398797988892,18
CRISPR,KO_vs_WT,Usf2,-1.320878426844943,0.5205398797988892,68
CRISPR,KO_vs_WT,Tfam,-1.3018936414497486,0.5360338687896729,10
CRISPR,KO_vs_WT,Ar,-1.2600085895521747,0.5363773703575134,355
CRISPR,KO_vs_WT,Ctcf,-1.2632020175784568,0.5363773703575134,90
CRISPR,KO_vs_WT,Hoxb1,-1.2782508599712747,0.5363773703575134,5
CRISPR,KO_vs_WT,Kat7,1.2640604024015303,0.5363773703575134,55
CRISPR,KO_vs_WT,Lhx8,1.2697435358462157,0.5363773703575134,7
CRISPR,KO_vs_WT,Mafa,1.2850748747211935,0.5363773703575134,7
CRISPR,KO_vs_WT,Med1,-1.26141505090487,0.5363773703575134,9
CRISPR,KO_vs_WT,Meis1,-1.289250703754052,0.5363773703575134,8
CRISPR,KO_vs_WT,Nkx3-1,-1.273235460480489,0.5363773703575134,52
CRISPR,KO_vs_WT,Onecut1,-1.2931520446676519,0.5363773703575134,9
CRISPR,KO_vs_WT,Pitx3,1.263827414283073,0.5363773703575134,11
CRISPR,KO_vs_WT,Sin3a,-1.2755512759004197,0.5363773703575134,9
CRISPR,KO_vs_WT,Six1,1.2861057373793217,0.5363773703575134,11
CRISPR,KO_vs_WT,Six4,1.2702208299161042,0.5363773703575134,7
CRISPR,KO_vs_WT,Stat5b,1.2774879020783008,0.5363773703575134,58
CRISPR,KO_vs_WT,Tcf12,-1.2791730478777974,0.5363773703575134,28
CRISPR,KO_vs_WT,Wt1,-1.2618953074438537,0.5363773703575134,107
CRISPR,KO_vs_WT,Id4,-1.2571302464941962,0.5368454456329346,9
CRISPR,KO_vs_WT,Fos,1.2506615785040207,0.5384615659713745,200
CRISPR,KO_vs_WT,Nkx3-2,-1.252060269791316,0.5384615659713745,5
CRISPR,KO_vs_WT,Spic,1.2476771179395958,0.5390453934669495,5
CRISPR,KO_vs_WT,Ncoa2,-1.2450617882691026,0.5392913818359375,40
CRISPR,KO_vs_WT,Egr3,-1.2226385806760327,0.5574377775192261,18
CRISPR,KO_vs_WT,Fgf2,-1.21583608462384,0.5574377775192261,7
CRISPR,KO_vs_WT,Nkx2-5,-1.2140193418912308,0.5574377775192261,43
CRISPR,KO_vs_WT,Plagl1,-1.215982868223244,0.5574377775192261,9
CRISPR,KO_vs_WT,Tfap4,-1.2178762405226076,0.5574377775192261,22
CRISPR,KO_vs_WT,Dnmt3b,-1.2086834574750511,0.5602840781211853,45
CRISPR,KO_vs_WT,Nfatc2,-1.1986573947045536,0.5676171183586121,47
CRISPR,KO_vs_WT,E2f7,1.1936556422764573,0.5679469108581543,6
CRISPR,KO_vs_WT,Zfp143,-1.1943409345294207,0.5679469108581543,23
CRISPR,KO_vs_WT,Egr2,-1.1907068399868652,0.5685482025146484,45
CRISPR,KO_vs_WT,Irf1,1.1836872780748346,0.5717156529426575,103
CRISPR,KO_vs_WT,Ncoa3,-1.178434479166722,0.5717156529426575,51
CRISPR,KO_vs_WT,Sall4,-1.1813609339662685,0.5717156529426575,7
CRISPR,KO_vs_WT,Tcf7,1.1781664006640078,0.5717156529426575,13
CRISPR,KO_vs_WT,Dbp,-1.1652794955288983,0.5733931660652161,20
CRISPR,KO_vs_WT,Elf1,1.1555799531267774,0.5733931660652161,42
CRISPR,KO_vs_WT,Elf4,1.1640069767735532,0.5733931660652161,29
CRISPR,KO_vs_WT,Fosb,-1.1484126848435778,0.5733931660652161,26
CRISPR,KO_vs_WT,Foxn1,-1.1442841772771388,0.5733931660652161,33
CRISPR,KO_vs_WT,Foxq1,-1.1661251170744038,0.5733931660652161,9
CRISPR,KO_vs_WT,Gli2,1.1497082145224649,0.5733931660652161,105
CRISPR,KO_vs_WT,Hcfc1,-1.149233421422423,0.5733931660652161,7
CRISPR,KO_vs_WT,Hoxb2,-1.154576545007292,0.5733931660652161,5
CRISPR,KO_vs_WT,Jun,-1.1442610967016453,0.5733931660652161,391
CRISPR,KO_vs_WT,Kat6b,1.142420620782599,0.5733931660652161,6
CRISPR,KO_vs_WT,Kdm5a,1.1486055088132676,0.5733931660652161,13
CRISPR,KO_vs_WT,Meox1,-1.1405129961299336,0.5733931660652161,7
CRISPR,KO_vs_WT,Neurod2,-1.1404229254755582,0.5733931660652161,7
CRISPR,KO_vs_WT,Nkx2-1,-1.1617117013021223,0.5733931660652161,32
CRISPR,KO_vs_WT,Nono,-1.1536771169952322,0.5733931660652161,8
CRISPR,KO_vs_WT,Cebpz,-1.1234148821092287,0.5874074101448059,12
CRISPR,KO_vs_WT,Pou4f1,-1.1190089605424294,0.5895020961761475,16
CRISPR,KO_vs_WT,Zbtb7a,-1.113421283805075,0.5927340984344482,30
CRISPR,KO_vs_WT,Runx3,1.1013207518069004,0.6022559404373169,44
CRISPR,KO_vs_WT,Barx1,-1.0990580857048629,0.6023046970367432,8
CRISPR,KO_vs_WT,Dlx4,-1.094318703326672,0.6026239395141602,24
CRISPR,KO_vs_WT,Nfatc3,1.0963173272096807,0.6026239395141602,18
CRISPR,KO_vs_WT,Zeb2,-1.084643845603624,0.6098604798316956,20
CRISPR,KO_vs_WT,Dlx2,-1.081844690336468,0.6104424595832825,9
CRISPR,KO_vs_WT,Kat5,1.0744299157229167,0.6155201196670532,40
CRISPR,KO_vs_WT,Gcm1,1.0711976882048977,0.6165305972099304,6
CRISPR,KO_vs_WT,Mta3,1.0579555368304172,0.6273621916770935,10
CRISPR,KO_vs_WT,Pin1,-1.0509571896491714,0.6299285292625427,5
CRISPR,KO_vs_WT,Pin1rt1,-1.0509571896491714,0.6299285292625427,5
CRISPR,KO_vs_WT,Zbtb17,-1.0273406759065884,0.6512760519981384,32
CRISPR,KO_vs_WT,Zfp458,1.0228688589560713,0.6535535454750061,26
CRISPR,KO_vs_WT,Zfp523,-1.0157416602808318,0.6585211753845215,6
CRISPR,KO_vs_WT,Foxo3,1.0103708211451856,0.6617235541343689,151
CRISPR,KO_vs_WT,Hoxb4,-1.0070753495576454,0.6628259420394897,7
CRISPR,KO_vs_WT,Wwtr1,1.0046506831664745,0.6630489230155945,7
CRISPR,KO_vs_WT,Bmal1,-1.002183035918432,0.6633198857307434,43
CRISPR,KO_vs_WT,Tfap2a,-0.9997724001362448,0.6635375022888184,190
CRISPR,KO_vs_WT,Kdm5c,-0.9750339035176204,0.6797828674316406,16
CRISPR,KO_vs_WT,Kdm5d,-0.9750339035176204,0.6797828674316406,16
CRISPR,KO_vs_WT,Rcor2,-0.9778184473864312,0.6797828674316406,11
CRISPR,KO_vs_WT,Zfp354c,-0.975716356321274,0.6797828674316406,19
CRISPR,KO_vs_WT,Sox11,0.968390090814622,0.684343695640564,7
CRISPR,KO_vs_WT,Mtf2,-0.9633714009175928,0.6872464418411255,5
CRISPR,KO_vs_WT,Crebzf,-0.9556716167166946,0.6929190158843994,10
CRISPR,KO_vs_WT,Emx2,0.9478378625414396,0.6987517476081848,6
CRISPR,KO_vs_WT,Hhex,-0.9281004404619211,0.7147451043128967,17
CRISPR,KO_vs_WT,Zfp362,-0.9282901014484325,0.7147451043128967,13
CRISPR,KO_vs_WT,Creb3,-0.9151227675671568,0.7184394001960754,10
CRISPR,KO_vs_WT,Hivep1,-0.9207587683451419,0.7184394001960754,8
CRISPR,KO_vs_WT,Jdp2,-0.9135950200923331,0.7184394001960754,25
CRISPR,KO_vs_WT,Nr2e1,-0.9158021755757471,0.7184394001960754,9
CRISPR,KO_vs_WT,Rela,0.9169144621767534,0.7184394001960754,333
CRISPR,KO_vs_WT,Arid4a,-0.9020297783410361,0.7214133739471436,5
CRISPR,KO_vs_WT,Epas1,0.9062393879703551,0.7214133739471436,63
CRISPR,KO_vs_WT,Irf3,0.9051437912248399,0.7214133739471436,52
CRISPR,KO_vs_WT,Nfatc1,0.9022640841289107,0.7214133739471436,63
CRISPR,KO_vs_WT,Kat2b,0.8919673371443841,0.7251253128051758,11
CRISPR,KO_vs_WT,Nr1i3,0.8938028396046472,0.7251253128051758,26
CRISPR,KO_vs_WT,Sox10,0.8937639606406556,0.7251253128051758,16
CRISPR,KO_vs_WT,Myrf,-0.8892783434475267,0.7256742715835571,7
CRISPR,KO_vs_WT,Pax9,0.8858672952013702,0.7260582447052002,6
CRISPR,KO_vs_WT,Satb1,-0.8845955623613125,0.7260582447052002,22
CRISPR,KO_vs_WT,Klf11,-0.8778194398366016,0.72826087474823,13
CRISPR,KO_vs_WT,Peg3,0.8775312004398858,0.72826087474823,6
CRISPR,KO_vs_WT,Sp2,0.8760323364784215,0.72826087474823,17
CRISPR,KO_vs_WT,Cebpg,-0.8718151044662108,0.7304169535636902,105
CRISPR,KO_vs_WT,Ctnnb1,-0.865836691128105,0.7337364554405212,218
CRISPR,KO_vs_WT,Tgif1,0.8643431712985491,0.7337364554405212,6
CRISPR,KO_vs_WT,Erf,-0.8579508770107356,0.7359430193901062,14
CRISPR,KO_vs_WT,Kmt2a,0.8590332305824181,0.7359430193901062,52
CRISPR,KO_vs_WT,Ctbp2,-0.8475376309388606,0.7445733547210693,9
CRISPR,KO_vs_WT,Msc,0.842849595250737,0.7471518516540527,12
CRISPR,KO_vs_WT,Rxra,0.8407993359766847,0.7471518516540527,49
CRISPR,KO_vs_WT,Clock,0.8307377710246735,0.7554587721824646,48
CRISPR,KO_vs_WT,Atf4,-0.8282896789797342,0.7557849884033203,93
CRISPR,KO_vs_WT,Phf20,-0.8234208578556332,0.7564185857772827,6
CRISPR,KO_vs_WT,Zkscan7,-0.8236480237576621,0.7564185857772827,7
CRISPR,KO_vs_WT,Pawr,-0.8172318788286977,0.7573522329330444,6
CRISPR,KO_vs_WT,Tlx1,0.8200906072047474,0.7573522329330444,7
CRISPR,KO_vs_WT,Zfp729a,0.8161566882564779,0.7573522329330444,24
CRISPR,KO_vs_WT,Sirt1,0.8134278000170847,0.7574436664581299,40
CRISPR,KO_vs_WT,Tbp,0.8118382065241198,0.7574436664581299,115
CRISPR,KO_vs_WT,Pax8,0.8084973510556899,0.7587260603904724,12
CRISPR,KO_vs_WT,T,0.8056019233627718,0.7595462799072266,7
CRISPR,KO_vs_WT,Vsx2,-0.7998080835380859,0.7633903622627258,17
CRISPR,KO_vs_WT,Tead2,-0.79654824100184,0.7642759680747986,5
CRISPR,KO_vs_WT,Zhx2,-0.794749067041222,0.7642759680747986,7
CRISPR,KO_vs_WT,Abl1,-0.7677299720148254,0.7664019465446472,10
CRISPR,KO_vs_WT,Cebpa,-0.7810095683250967,0.7664019465446472,120
CRISPR,KO_vs_WT,Cebpe,-0.7646372561401765,0.7664019465446472,13
CRISPR,KO_vs_WT,Creb3l1,0.7768120678164782,0.7664019465446472,6
CRISPR,KO_vs_WT,E4f1,0.7565379782785248,0.7664019465446472,9
CRISPR,KO_vs_WT,Hdac3,0.7598268012549002,0.7664019465446472,16
CRISPR,KO_vs_WT,Hlx,0.7749698766697555,0.7664019465446472,12
CRISPR,KO_vs_WT,Hsf1,0.7664288009848821,0.7664019465446472,65
CRISPR,KO_vs_WT,Htatip2,0.7734396045905735,0.7664019465446472,14
CRISPR,KO_vs_WT,Klf1,-0.7707940838020704,0.7664019465446472,12
CRISPR,KO_vs_WT,Mef2a,0.7551541113840433,0.7664019465446472,61
CRISPR,KO_vs_WT,Nfe2l3,-0.7679777118588128,0.7664019465446472,5
CRISPR,KO_vs_WT,Nr2f1,0.7772960430965191,0.7664019465446472,57
CRISPR,KO_vs_WT,Prop1,-0.768857278770977,0.7664019465446472,5
CRISPR,KO_vs_WT,Sox4,-0.7765259845042892,0.7664019465446472,19
CRISPR,KO_vs_WT,Sox6,0.7821023097336904,0.7664019465446472,13
CRISPR,KO_vs_WT,Sp7,-0.7585253724166403,0.7664019465446472,26
CRISPR,KO_vs_WT,Srsf2,-0.7533394051360689,0.7664019465446472,12
CRISPR,KO_vs_WT,Tbx1,0.7544383605704461,0.7664019465446472,8
CRISPR,KO_vs_WT,Gtf2i,-0.7421557642824539,0.768233060836792,17
CRISPR,KO_vs_WT,Irf5,-0.7473718460183507,0.768233060836792,8
CRISPR,KO_vs_WT,Klf2,-0.7435301127244216,0.768233060836792,41
CRISPR,KO_vs_WT,Nrl,-0.7460108371904284,0.768233060836792,10
CRISPR,KO_vs_WT,Pax3,-0.7413682028734045,0.768233060836792,61
CRISPR,KO_vs_WT,Myf5,0.7339854863217994,0.7696560025215149,13
CRISPR,KO_vs_WT,Zfp395,0.7342234313620322,0.7696560025215149,5
CRISPR,KO_vs_WT,Zglp1,-0.7338930671454119,0.7696560025215149,9
CRISPR,KO_vs_WT,Gata6,-0.7279859530738538,0.7735962271690369,42
CRISPR,KO_vs_WT,Rbpj,0.7173776953250609,0.7823279500007629,95
CRISPR,KO_vs_WT,E2f6,-0.7057480533403008,0.7900583744049072,34
CRISPR,KO_vs_WT,Nr1h4,-0.7067908214002653,0.7900583744049072,65
CRISPR,KO_vs_WT,Snai2,-0.701746543486552,0.7920731902122498,28
CRISPR,KO_vs_WT,Crem,0.6984960401691377,0.7933205962181091,49
CRISPR,KO_vs_WT,Pax2,0.6930432886754033,0.7968224883079529,10
CRISPR,KO_vs_WT,Cxxc1,-0.6878317727549261,0.7972053289413452,13
CRISPR,KO_vs_WT,Foxd3,0.674494372089674,0.7972053289413452,6
CRISPR,KO_vs_WT,Maf,-0.6772722138671703,0.7972053289413452,33
CRISPR,KO_vs_WT,Mybl1,0.6866225253904674,0.7972053289413452,8
CRISPR,KO_vs_WT,Npas2,0.6778411247317059,0.7972053289413452,7
CRISPR,KO_vs_WT,Nr3c2,0.6791473547844753,0.7972053289413452,36
CRISPR,KO_vs_WT,Tbx21,0.6750045061425791,0.7972053289413452,21
CRISPR,KO_vs_WT,Twist2,-0.6783867607478443,0.7972053289413452,23
CRISPR,KO_vs_WT,Vdr,-0.6856717742475888,0.7972053289413452,82
CRISPR,KO_vs_WT,Skil,-0.6719787978856272,0.7977214455604553,17
CRISPR,KO_vs_WT,Mzf1,-0.6646082576290352,0.8031583428382874,16
CRISPR,KO_vs_WT,Arid3b,0.6443433104910778,0.812757670879364,6
CRISPR,KO_vs_WT,Deaf1,-0.6511729842874946,0.812757670879364,8
CRISPR,KO_vs_WT,Elk1,-0.6409402673997493,0.812757670879364,47
CRISPR,KO_vs_WT,Myt1,0.6391025155256193,0.812757670879364,5
CRISPR,KO_vs_WT,Nfil3,-0.6468229113192344,0.812757670879364,17
CRISPR,KO_vs_WT,Pgr,-0.6416166846024833,0.812757670879364,91
CRISPR,KO_vs_WT,Pparg,-0.6397957544403171,0.812757670879364,220
CRISPR,KO_vs_WT,Stat1,0.6432596870600706,0.812757670879364,203
CRISPR,KO_vs_WT,Sox2,0.6363506493426944,0.8135194778442383,45
CRISPR,KO_vs_WT,Bcl6,0.6229386855939172,0.8250835537910461,51
CRISPR,KO_vs_WT,Foxp1,0.6137889120725819,0.8294236660003662,9
CRISPR,KO_vs_WT,Hoxc8,0.6126441350104086,0.8294236660003662,12
CRISPR,KO_vs_WT,Nr4a3,-0.613668248663238,0.8294236660003662,19
CRISPR,KO_vs_WT,Yy1,0.6092386679686896,0.8308444023132324,168
CRISPR,KO_vs_WT,Twist1,-0.6045345842230146,0.8335837125778198,54
CRISPR,KO_vs_WT,Batf,-0.5990594824178254,0.8365932703018188,6
CRISPR,KO_vs_WT,Jund,-0.597557882647974,0.8365932703018188,58
CRISPR,KO_vs_WT,Nfkb1,0.5952491488274937,0.8369017839431763,237
CRISPR,KO_vs_WT,Nkx2-2,-0.5878402898163112,0.8423851728439331,10
CRISPR,KO_vs_WT,Ncor1,-0.583133580802717,0.8430902361869812,55
CRISPR,KO_vs_WT,Nr2e3,0.5833487732308906,0.8430902361869812,5
CRISPR,KO_vs_WT,Lhx2,0.5779917778868942,0.8462712168693542,15
CRISPR,KO_vs_WT,Mybl2,0.5730308832754619,0.8475461006164551,44
CRISPR,KO_vs_WT,Nfia,-0.5707242164375163,0.8475461006164551,33
CRISPR,KO_vs_WT,Rorc,-0.5724564096893655,0.8475461006164551,8
CRISPR,KO_vs_WT,Creb1,0.5378399198072674,0.8488141298294067,287
CRISPR,KO_vs_WT,Eno1,-0.5442592002717673,0.8488141298294067,14
CRISPR,KO_vs_WT,Eno1b,-0.5442592002717673,0.8488141298294067,14
CRISPR,KO_vs_WT,Esrrg,0.546776675032964,0.8488141298294067,16
CRISPR,KO_vs_WT,Fosl2,-0.5275381674173015,0.8488141298294067,25
CRISPR,KO_vs_WT,Gfi1b,0.5543874087440197,0.8488141298294067,10
CRISPR,KO_vs_WT,Hand2,0.5408796845844208,0.8488141298294067,18
CRISPR,KO_vs_WT,Hey2,0.5630547486503465,0.8488141298294067,12
CRISPR,KO_vs_WT,Ing4,0.5239076829931922,0.8488141298294067,13
CRISPR,KO_vs_WT,Kcnip3,0.5439794660222783,0.8488141298294067,6
CRISPR,KO_vs_WT,Lrrfip1,0.5286748724331373,0.8488141298294067,9
CRISPR,KO_vs_WT,Mitf,0.5231072486874275,0.8488141298294067,63
CRISPR,KO_vs_WT,Myog,-0.5498559100625185,0.8488141298294067,35
CRISPR,KO_vs_WT,Neurog2,0.5626622622437855,0.8488141298294067,14
CRISPR,KO_vs_WT,Nfe2l2,-0.5563217085395469,0.8488141298294067,145
CRISPR,KO_vs_WT,Nfix,-0.5258603602244286,0.8488141298294067,14
CRISPR,KO_vs_WT,Noto,0.5219478960254861,0.8488141298294067,7
CRISPR,KO_vs_WT,Nr3c1,-0.5621542956867372,0.8488141298294067,161
CRISPR,KO_vs_WT,Nr4a2,-0.5248798776319828,0.8488141298294067,33
CRISPR,KO_vs_WT,Pbx2,-0.5448927648374523,0.8488141298294067,5
CRISPR,KO_vs_WT,Prdm1,0.5333621198714745,0.8488141298294067,28
CRISPR,KO_vs_WT,Rfx1,0.5385751408270363,0.8488141298294067,13
CRISPR,KO_vs_WT,Tada2a,-0.52855288237605,0.8488141298294067,7
CRISPR,KO_vs_WT,Tox3,0.5554384836618461,0.8488141298294067,5
CRISPR,KO_vs_WT,Vezf1,-0.5201054557656962,0.8488141298294067,5
CRISPR,KO_vs_WT,Lmx1b,-0.5176371955587792,0.8493242263793945,12
CRISPR,KO_vs_WT,Fezf2,-0.5133202202457986,0.8497409224510193,6
CRISPR,KO_vs_WT,Nrf1,-0.5137443835856167,0.8497409224510193,64
CRISPR,KO_vs_WT,Sall2,-0.5097242400206775,0.8500248789787292,6
CRISPR,KO_vs_WT,Stat6,-0.509145017990891,0.8500248789787292,58
CRISPR,KO_vs_WT,Hdac7,0.5060658507683785,0.8511356115341187,12
CRISPR,KO_vs_WT,Bclaf1,0.5008075253845315,0.8524802923202515,5
CRISPR,KO_vs_WT,Myod1,-0.5011752226722989,0.8524802923202515,92
CRISPR,KO_vs_WT,Nr1h2,-0.49723046919657315,0.8540750741958618,32
CRISPR,KO_vs_WT,Ascl1,-0.48473917441396946,0.8586819767951965,34
CRISPR,KO_vs_WT,Brca1,-0.4852411350839749,0.8586819767951965,48
CRISPR,KO_vs_WT,Cdx2,0.49001634926134086,0.8586819767951965,37
CRISPR,KO_vs_WT,E2f3,0.48635166774582483,0.8586819767951965,61
CRISPR,KO_vs_WT,Nfatc4,0.4811603934375148,0.8602747321128845,25
CRISPR,KO_vs_WT,Nfat5,-0.4731623433005915,0.8654583096504211,34
CRISPR,KO_vs_WT,Tfe3,-0.4719385781528191,0.8654583096504211,23
CRISPR,KO_vs_WT,Crx,-0.4677978971477978,0.8663384318351746,12
CRISPR,KO_vs_WT,Fli1,-0.46715248456376757,0.8663384318351746,63
CRISPR,KO_vs_WT,Klf13,0.46477490984768166,0.8667646050453186,8
CRISPR,KO_vs_WT,Max,0.46146497540389847,0.8680920600891113,37
CRISPR,KO_vs_WT,Hbp1,-0.44914665690062505,0.8706452250480652,34
CRISPR,KO_vs_WT,Hey1,-0.4513556561626495,0.8706452250480652,21
CRISPR,KO_vs_WT,Tbx15,0.4505842179271788,0.8706452250480652,19
CRISPR,KO_vs_WT,Tcf21,-0.45232121743719783,0.8706452250480652,8
CRISPR,KO_vs_WT,Zfp384,0.45684743679126216,0.8706452250480652,14
CRISPR,KO_vs_WT,Setbp1,-0.4439005982752219,0.8727542161941528,5
CRISPR,KO_vs_WT,Zfp42,-0.44308901056494565,0.8727542161941528,12
CRISPR,KO_vs_WT,Atf5,-0.43119057567833996,0.8765748739242554,23
CRISPR,KO_vs_WT,Gli1,-0.43084814815728345,0.8765748739242554,125
CRISPR,KO_vs_WT,Hsf2,-0.42945320362073813,0.8765748739242554,18
CRISPR,KO_vs_WT,Mafg,-0.43498954548216395,0.8765748739242554,8
CRISPR,KO_vs_WT,Pknox1,-0.4365832300224832,0.8765748739242554,8
CRISPR,KO_vs_WT,Nupr1,-0.4274680164862545,0.8766305446624756,6
CRISPR,KO_vs_WT,Ebf3,-0.4137879383812992,0.8778802156448364,7
CRISPR,KO_vs_WT,Foxa2,0.41620371411234197,0.8778802156448364,48
CRISPR,KO_vs_WT,Foxd1,-0.41276283712625284,0.8778802156448364,6
CRISPR,KO_vs_WT,Gtf3a,0.4146722170431373,0.8778802156448364,18
CRISPR,KO_vs_WT,Klf7,0.41270236142514527,0.8778802156448364,6
CRISPR,KO_vs_WT,Rora,0.41898758097284267,0.8778802156448364,40
CRISPR,KO_vs_WT,Stat4,-0.4134728365804303,0.8778802156448364,10
CRISPR,KO_vs_WT,Hmgb2,0.4093095464142662,0.8792760372161865,6
CRISPR,KO_vs_WT,Etv6,0.40673017671136996,0.8799020051956177,20
CRISPR,KO_vs_WT,Foxl2,-0.4025180186483593,0.8820692896842957,15
CRISPR,KO_vs_WT,Ctbp1,0.39811597709571317,0.8844136595726013,6
CRISPR,KO_vs_WT,Ahr,-0.39189218625483596,0.8877107501029968,101
CRISPR,KO_vs_WT,Id3,-0.38502227432611347,0.8877107501029968,27
CRISPR,KO_vs_WT,Mafk,0.38640740824753256,0.8877107501029968,14
CRISPR,KO_vs_WT,Mef2d,-0.38844898644883097,0.8877107501029968,18
CRISPR,KO_vs_WT,Tead4,-0.39031394557562443,0.8877107501029968,8
CRISPR,KO_vs_WT,Hoxa7,-0.37875747265987514,0.8907216787338257,10
CRISPR,KO_vs_WT,Nanog,0.377978748014279,0.8907216787338257,38
CRISPR,KO_vs_WT,Gata4,-0.37508607888368556,0.8910365104675293,71
CRISPR,KO_vs_WT,Nr6a1,-0.37258845977520705,0.8910365104675293,6
CRISPR,KO_vs_WT,Pou1f1,-0.37189261832899023,0.8910365104675293,26
CRISPR,KO_vs_WT,Apex1,-0.3642476410735829,0.8920918107032776,30
CRISPR,KO_vs_WT,Arid3a,0.36207740886826534,0.8920918107032776,6
CRISPR,KO_vs_WT,Cebpb,-0.36354183662784595,0.8920918107032776,269
CRISPR,KO_vs_WT,Ezh2,0.3592903238667294,0.8920918107032776,101
CRISPR,KO_vs_WT,Gli3,-0.3619399632472911,0.8920918107032776,28
CRISPR,KO_vs_WT,Otx2,-0.3611307132963745,0.8920918107032776,13
CRISPR,KO_vs_WT,Brd4,0.35507377043691235,0.8931058049201965,9
CRISPR,KO_vs_WT,Smarca1,0.3524742450410644,0.8931058049201965,33
CRISPR,KO_vs_WT,Spib,0.35249560985686473,0.8931058049201965,7
CRISPR,KO_vs_WT,Hdgf,-0.349395588932931,0.8941893577575684,5
CRISPR,KO_vs_WT,Zfp263,0.3444557964139183,0.8969894647598267,5
CRISPR,KO_vs_WT,Neurod6,-0.33878964844696174,0.8987945914268494,7
CRISPR,KO_vs_WT,Tfap2b,-0.33868128587339874,0.8987945914268494,14
CRISPR,KO_vs_WT,Ybx1,0.3348074360236992,0.9006041288375854,70
CRISPR,KO_vs_WT,Aire,-0.33091428823353963,0.9012513160705566,11
CRISPR,KO_vs_WT,Trps1,-0.33028502728246534,0.9012513160705566,13
CRISPR,KO_vs_WT,Foxf2,-0.31848230488238793,0.9046207070350647,8
CRISPR,KO_vs_WT,Foxj1,0.32071194182360857,0.9046207070350647,6
CRISPR,KO_vs_WT,Kdm2a,0.3209709349755301,0.9046207070350647,8
CRISPR,KO_vs_WT,Nr4a1,0.31955153451554374,0.9046207070350647,62
CRISPR,KO_vs_WT,Sry,-0.31515998431258746,0.9046207070350647,22
CRISPR,KO_vs_WT,Stat5a,-0.3154277651218726,0.9046207070350647,121
CRISPR,KO_vs_WT,Ctcfl,-0.3032420634172312,0.9050077795982361,7
CRISPR,KO_vs_WT,Esrrb,-0.30857979431660265,0.9050077795982361,6
CRISPR,KO_vs_WT,Hnf1b,-0.2995157910368524,0.9050077795982361,17
CRISPR,KO_vs_WT,Hoxa10,0.3111771395164745,0.9050077795982361,36
CRISPR,KO_vs_WT,Pou4f2,-0.3001170572466248,0.9050077795982361,18
CRISPR,KO_vs_WT,Pou5f1,0.301457039922053,0.9050077795982361,51
CRISPR,KO_vs_WT,Zkscan3,-0.2995161130891895,0.9050077795982361,5
CRISPR,KO_vs_WT,Zkscan4,-0.2995161130891895,0.9050077795982361,5
CRISPR,KO_vs_WT,Hoxd1,0.29600240275014067,0.9064652919769287,6
CRISPR,KO_vs_WT,Mnt,0.2914298962849913,0.908875584602356,7
CRISPR,KO_vs_WT,Nr2c1,0.2851752467180838,0.9110828638076782,10
CRISPR,KO_vs_WT,Pitx1,-0.2868530242109651,0.9110828638076782,18
CRISPR,KO_vs_WT,Etv5,0.2823558043425045,0.9119072556495667,8
CRISPR,KO_vs_WT,Ddit3,0.2789389957981611,0.9132670760154724,75
CRISPR,KO_vs_WT,Dnmt1,-0.26001899352003754,0.9230227470397949,114
CRISPR,KO_vs_WT,Foxa1,0.24132511075361293,0.9230227470397949,31
CRISPR,KO_vs_WT,Grhl3,-0.24296671997250388,0.9230227470397949,18
CRISPR,KO_vs_WT,Irf4,0.2517442710465049,0.9230227470397949,27
CRISPR,KO_vs_WT,Klf8,-0.25111515053051303,0.9230227470397949,16
CRISPR,KO_vs_WT,Olig2,0.24689592819423445,0.9230227470397949,9
CRISPR,KO_vs_WT,Park7,0.2559397934517949,0.9230227470397949,5
CRISPR,KO_vs_WT,Pbx1,-0.2598735293980937,0.9230227470397949,31
CRISPR,KO_vs_WT,Ppargc1a,-0.2559028549364032,0.9230227470397949,23
CRISPR,KO_vs_WT,Sf1,0.24704657937334262,0.9230227470397949,5
CRISPR,KO_vs_WT,Smarca4,-0.2584344323538239,0.9230227470397949,9
CRISPR,KO_vs_WT,Spdef,-0.24815823180548097,0.9230227470397949,11
CRISPR,KO_vs_WT,Trp73,0.24442911911296816,0.9230227470397949,99
CRISPR,KO_vs_WT,Zic1,0.2539732563544716,0.9230227470397949,11
CRISPR,KO_vs_WT,Bhlha15,-0.23922122709546825,0.9231981039047241,8
CRISPR,KO_vs_WT,Dnmt3a,-0.23262763764115177,0.923973798751831,38
CRISPR,KO_vs_WT,Nr2c2,0.23430958920870454,0.923973798751831,41
CRISPR,KO_vs_WT,Zfpm1,0.23347018051528284,0.923973798751831,9
CRISPR,KO_vs_WT,E2f2,-0.2266812203749162,0.9275255799293518,46
CRISPR,KO_vs_WT,Dlx3,0.22088674447389642,0.9292607307434082,10
CRISPR,KO_vs_WT,Ikzf1,-0.22268521693073742,0.9292607307434082,15
CRISPR,KO_vs_WT,Creb5,0.21846390253182613,0.9297106266021729,10
CRISPR,KO_vs_WT,Sim2,-0.21431848027546765,0.9302821755409241,7
CRISPR,KO_vs_WT,Sox9,-0.2139922251341092,0.9302821755409241,55
CRISPR,KO_vs_WT,Nfib,0.20967212502127494,0.9307214021682739,12
CRISPR,KO_vs_WT,Tet1,0.21002433646167093,0.9307214021682739,9
CRISPR,KO_vs_WT,Taf1,0.2025558225362836,0.9352549910545349,33
CRISPR,KO_vs_WT,Ppard,-0.1928996844119087,0.9419929385185242,66
CRISPR,KO_vs_WT,Bhlhe41,-0.18057710137753583,0.9481677412986755,20
CRISPR,KO_vs_WT,Dot1l,0.18336036675526246,0.9481677412986755,7
CRISPR,KO_vs_WT,Ovol1,-0.18001437131111458,0.9481677412986755,8
CRISPR,KO_vs_WT,Atf1,0.172282738762472,0.9487555623054504,58
CRISPR,KO_vs_WT,Gfi1,0.1749429986557682,0.9487555623054504,26
CRISPR,KO_vs_WT,Irf7,-0.17557704285542042,0.9487555623054504,10
CRISPR,KO_vs_WT,Prox1,0.16967866265830125,0.9487555623054504,19
CRISPR,KO_vs_WT,Rarg,0.17097968066798744,0.9487555623054504,19
CRISPR,KO_vs_WT,Sox5,0.15950484233429818,0.9558594822883606,7
CRISPR,KO_vs_WT,Elf5,0.1538346028620535,0.9573976397514343,5
CRISPR,KO_vs_WT,Klf10,-0.15395848839384416,0.9573976397514343,23
CRISPR,KO_vs_WT,Litaf,0.15044816536097969,0.9586378335952759,20
CRISPR,KO_vs_WT,Nr5a1,0.1444948497582589,0.9620778560638428,54
CRISPR,KO_vs_WT,Junb,0.13544257204258875,0.9664902091026306,65
CRISPR,KO_vs_WT,Klf15,-0.13556934611176769,0.9664902091026306,11
CRISPR,KO_vs_WT,Dach1,-0.13293371552841382,0.9664989113807678,5
CRISPR,KO_vs_WT,Foxo4,0.12956666302008302,0.9664989113807678,21
CRISPR,KO_vs_WT,Rel,0.13046734660851939,0.9664989113807678,62
CRISPR,KO_vs_WT,Mxd1,-0.1268093102475402,0.9671826362609863,18
CRISPR,KO_vs_WT,Nr0b2,0.12206646809490143,0.967890202999115,64
CRISPR,KO_vs_WT,Pml,-0.12293582803140263,0.967890202999115,13
CRISPR,KO_vs_WT,Atf2,-0.10872037463685573,0.9708970785140991,80
CRISPR,KO_vs_WT,Atf6,-0.09502772187425128,0.9708970785140991,43
CRISPR,KO_vs_WT,Cux1,-0.11043550707488249,0.9708970785140991,82
CRISPR,KO_vs_WT,Hoxd13,-0.09642822863786632,0.9708970785140991,11
CRISPR,KO_vs_WT,Irf6,-0.09655699862064407,0.9708970785140991,8
CRISPR,KO_vs_WT,Irf8,-0.11154005003596372,0.9708970785140991,35
CRISPR,KO_vs_WT,Mbd2,0.10099168199713009,0.9708970785140991,54
CRISPR,KO_vs_WT,Rb1,0.11087791124807912,0.9708970785140991,30
CRISPR,KO_vs_WT,Satb2,-0.10035866482268115,0.9708970785140991,16
CRISPR,KO_vs_WT,Sfpq,0.09882946929190874,0.9708970785140991,18
CRISPR,KO_vs_WT,Thrb,-0.10565392394430173,0.9708970785140991,28
CRISPR,KO_vs_WT,Zbtb4,0.10982963147019409,0.9708970785140991,11
CRISPR,KO_vs_WT,Fosl1,-0.09118069885230673,0.9718258380889893,38
CRISPR,KO_vs_WT,Ubtf,-0.09000040723748311,0.9718258380889893,10
CRISPR,KO_vs_WT,Tef,-0.08687191762942222,0.9727993607521057,8
CRISPR,KO_vs_WT,Egr4,0.0724579734279209,0.976947546005249,10
CRISPR,KO_vs_WT,Msx1,-0.06770474397531222,0.976947546005249,13
CRISPR,KO_vs_WT,Mycn,-0.06616370033338509,0.976947546005249,101
CRISPR,KO_vs_WT,Mycs,-0.06616370033338509,0.976947546005249,101
CRISPR,KO_vs_WT,Nfkb2,-0.07859246874053363,0.976947546005249,41
CRISPR,KO_vs_WT,Nr2f2,-0.07057910220358471,0.976947546005249,39
CRISPR,KO_vs_WT,Tbx5,-0.0665695628023327,0.976947546005249,11
CRISPR,KO_vs_WT,Zgpat,0.06780934648602922,0.976947546005249,5
CRISPR,KO_vs_WT,Klf4,0.0640730173092588,0.9770520329475403,82
CRISPR,KO_vs_WT,Mecp2,-0.060559096615696785,0.9783214926719666,22
CRISPR,KO_vs_WT,Foxh1,0.054230050399343616,0.9818889498710632,7
CRISPR,KO_vs_WT,Lyl1,-0.05015007679994835,0.9820002317428589,9
CRISPR,KO_vs_WT,Mafb,0.051161648703650205,0.9820002317428589,20
CRISPR,KO_vs_WT,Elk4,-0.04128258792998245,0.9876134991645813,6
CRISPR,KO_vs_WT,Eomes,-0.03359595330878483,0.9890241622924805,12
CRISPR,KO_vs_WT,Foxm1,-0.03564711446430577,0.9890241622924805,59
CRISPR,KO_vs_WT,Tfdp2,0.03397160652698866,0.9890241622924805,5
CRISPR,KO_vs_WT,Myf6,-0.029974666879747047,0.9903486371040344,6
CRISPR,KO_vs_WT,Gata1,0.027525566969947186,0.990722119808197,72
CRISPR,KO_vs_WT,Hif1a,-0.01881715734064458,0.9961439967155457,332
CRISPR,KO_vs_WT,Arnt,-0.006586782969348993,0.9963387846946716,46
CRISPR,KO_vs_WT,Bhlhe40,-0.013102038422866027,0.9963387846946716,27
CRISPR,KO_vs_WT,Ets2,-0.007067200556733273,0.9963387846946716,73
CRISPR,KO_vs_WT,Hmga2,-0.008835145512319191,0.9963387846946716,31
CRISPR,KO_vs_WT,Trerf1,0.00836755053532821,0.9963387846946716,5
CRISPR,KO_vs_WT,Xbp1,-0.008374845083226567,0.9963387846946716,41
CRISPR,KO_vs_WT,Foxa3,0.0034153352077386195,0.9972749948501587,6
