"gene_set","sample","ssgsea_score","sample_label","condition","experiment"
"HALLMARK_ADIPOGENESIS","sample.shrubr5_3_2002",0.430591348687504,"KD 3 2002","KD","humanKD"
"HALLMARK_ADIPOGENESIS","sample.shrubr5_2_2002",0.428887727188963,"KD 2 2002","KD","humanKD"
"HALLMARK_ADIPOGENESIS","sample.shrubr5_1_2002",0.416594767833589,"KD 1 2002","KD","humanKD"
"HALLMARK_ADIPOGENESIS","sample.jh_2_002_3",0.454419796710099,"Control 3","Control","humanKD"
"HALLMARK_ADIPOGENESIS","sample.jh_2_002_2",0.4603981928691,"Control 2","Control","humanKD"
"HALLMARK_ADIPOGENESIS","sample.jh_2_002_1",0.463111630675765,"Control 1","Control","humanKD"
"HALLMARK_ALLOGRAFT_REJECTION","sample.shrubr5_3_2002",0.158132974387509,"KD 3 2002","KD","humanKD"
"HALLMARK_ALLOGRAFT_REJECTION","sample.shrubr5_2_2002",0.163274736001878,"KD 2 2002","KD","humanKD"
"HALLMARK_ALLOGRAFT_REJECTION","sample.shrubr5_1_2002",0.176257174805027,"KD 1 2002","KD","humanKD"
"HALLMARK_ALLOGRAFT_REJECTION","sample.jh_2_002_3",0.111015713787117,"Control 3","Control","humanKD"
"HALLMARK_ALLOGRAFT_REJECTION","sample.jh_2_002_2",0.116203049285654,"Control 2","Control","humanKD"
"HALLMARK_ALLOGRAFT_REJECTION","sample.jh_2_002_1",0.113097041380595,"Control 1","Control","humanKD"
"HALLMARK_ANDROGEN_RESPONSE","sample.shrubr5_3_2002",0.562306721188098,"KD 3 2002","KD","humanKD"
"HALLMARK_ANDROGEN_RESPONSE","sample.shrubr5_2_2002",0.561806904821809,"KD 2 2002","KD","humanKD"
"HALLMARK_ANDROGEN_RESPONSE","sample.shrubr5_1_2002",0.56582784085367,"KD 1 2002","KD","humanKD"
"HALLMARK_ANDROGEN_RESPONSE","sample.jh_2_002_3",0.501651266229964,"Control 3","Control","humanKD"
"HALLMARK_ANDROGEN_RESPONSE","sample.jh_2_002_2",0.503906803527212,"Control 2","Control","humanKD"
"HALLMARK_ANDROGEN_RESPONSE","sample.jh_2_002_1",0.506942266529383,"Control 1","Control","humanKD"
"HALLMARK_ANGIOGENESIS","sample.shrubr5_3_2002",0.563964379755476,"KD 3 2002","KD","humanKD"
"HALLMARK_ANGIOGENESIS","sample.shrubr5_2_2002",0.560942744002305,"KD 2 2002","KD","humanKD"
"HALLMARK_ANGIOGENESIS","sample.shrubr5_1_2002",0.548769427632234,"KD 1 2002","KD","humanKD"
"HALLMARK_ANGIOGENESIS","sample.jh_2_002_3",0.42562596371632,"Control 3","Control","humanKD"
"HALLMARK_ANGIOGENESIS","sample.jh_2_002_2",0.435181547197828,"Control 2","Control","humanKD"
"HALLMARK_ANGIOGENESIS","sample.jh_2_002_1",0.423846499449826,"Control 1","Control","humanKD"
"HALLMARK_APICAL_JUNCTION","sample.shrubr5_3_2002",0.445871669858818,"KD 3 2002","KD","humanKD"
"HALLMARK_APICAL_JUNCTION","sample.shrubr5_2_2002",0.445953866359965,"KD 2 2002","KD","humanKD"
"HALLMARK_APICAL_JUNCTION","sample.shrubr5_1_2002",0.449179374941835,"KD 1 2002","KD","humanKD"
"HALLMARK_APICAL_JUNCTION","sample.jh_2_002_3",0.408418524574593,"Control 3","Control","humanKD"
"HALLMARK_APICAL_JUNCTION","sample.jh_2_002_2",0.415182771438458,"Control 2","Control","humanKD"
"HALLMARK_APICAL_JUNCTION","sample.jh_2_002_1",0.409032670164107,"Control 1","Control","humanKD"
"HALLMARK_APICAL_SURFACE","sample.shrubr5_3_2002",0.282498086174732,"KD 3 2002","KD","humanKD"
"HALLMARK_APICAL_SURFACE","sample.shrubr5_2_2002",0.276977806588537,"KD 2 2002","KD","humanKD"
"HALLMARK_APICAL_SURFACE","sample.shrubr5_1_2002",0.286493000916682,"KD 1 2002","KD","humanKD"
"HALLMARK_APICAL_SURFACE","sample.jh_2_002_3",0.190066964637016,"Control 3","Control","humanKD"
"HALLMARK_APICAL_SURFACE","sample.jh_2_002_2",0.200985406213922,"Control 2","Control","humanKD"
"HALLMARK_APICAL_SURFACE","sample.jh_2_002_1",0.185109039998906,"Control 1","Control","humanKD"
"HALLMARK_APOPTOSIS","sample.shrubr5_3_2002",0.504454420583222,"KD 3 2002","KD","humanKD"
"HALLMARK_APOPTOSIS","sample.shrubr5_2_2002",0.506294206401683,"KD 2 2002","KD","humanKD"
"HALLMARK_APOPTOSIS","sample.shrubr5_1_2002",0.50911364685611,"KD 1 2002","KD","humanKD"
"HALLMARK_APOPTOSIS","sample.jh_2_002_3",0.432229851531503,"Control 3","Control","humanKD"
"HALLMARK_APOPTOSIS","sample.jh_2_002_2",0.437042755462241,"Control 2","Control","humanKD"
"HALLMARK_APOPTOSIS","sample.jh_2_002_1",0.4356659403308,"Control 1","Control","humanKD"
"HALLMARK_BILE_ACID_METABOLISM","sample.shrubr5_3_2002",0.0896309949854929,"KD 3 2002","KD","humanKD"
"HALLMARK_BILE_ACID_METABOLISM","sample.shrubr5_2_2002",0.0846577735717874,"KD 2 2002","KD","humanKD"
"HALLMARK_BILE_ACID_METABOLISM","sample.shrubr5_1_2002",0.0745352885197706,"KD 1 2002","KD","humanKD"
"HALLMARK_BILE_ACID_METABOLISM","sample.jh_2_002_3",0.199248045411548,"Control 3","Control","humanKD"
"HALLMARK_BILE_ACID_METABOLISM","sample.jh_2_002_2",0.202324711722812,"Control 2","Control","humanKD"
"HALLMARK_BILE_ACID_METABOLISM","sample.jh_2_002_1",0.215338909441703,"Control 1","Control","humanKD"
"HALLMARK_CHOLESTEROL_HOMEOSTASIS","sample.shrubr5_3_2002",0.519192851541609,"KD 3 2002","KD","humanKD"
"HALLMARK_CHOLESTEROL_HOMEOSTASIS","sample.shrubr5_2_2002",0.51733553693608,"KD 2 2002","KD","humanKD"
"HALLMARK_CHOLESTEROL_HOMEOSTASIS","sample.shrubr5_1_2002",0.51241178253956,"KD 1 2002","KD","humanKD"
"HALLMARK_CHOLESTEROL_HOMEOSTASIS","sample.jh_2_002_3",0.50348877615111,"Control 3","Control","humanKD"
"HALLMARK_CHOLESTEROL_HOMEOSTASIS","sample.jh_2_002_2",0.508521288965351,"Control 2","Control","humanKD"
"HALLMARK_CHOLESTEROL_HOMEOSTASIS","sample.jh_2_002_1",0.510943588581748,"Control 1","Control","humanKD"
"HALLMARK_COAGULATION","sample.shrubr5_3_2002",0.25380438578152,"KD 3 2002","KD","humanKD"
"HALLMARK_COAGULATION","sample.shrubr5_2_2002",0.253599154069769,"KD 2 2002","KD","humanKD"
"HALLMARK_COAGULATION","sample.shrubr5_1_2002",0.244831470703937,"KD 1 2002","KD","humanKD"
"HALLMARK_COAGULATION","sample.jh_2_002_3",0.233823852018517,"Control 3","Control","humanKD"
"HALLMARK_COAGULATION","sample.jh_2_002_2",0.248753748857152,"Control 2","Control","humanKD"
"HALLMARK_COAGULATION","sample.jh_2_002_1",0.232300134468804,"Control 1","Control","humanKD"
"HALLMARK_COMPLEMENT","sample.shrubr5_3_2002",0.263107670394491,"KD 3 2002","KD","humanKD"
"HALLMARK_COMPLEMENT","sample.shrubr5_2_2002",0.262602199572128,"KD 2 2002","KD","humanKD"
"HALLMARK_COMPLEMENT","sample.shrubr5_1_2002",0.269547414782188,"KD 1 2002","KD","humanKD"
"HALLMARK_COMPLEMENT","sample.jh_2_002_3",0.255106711256347,"Control 3","Control","humanKD"
"HALLMARK_COMPLEMENT","sample.jh_2_002_2",0.260996804787321,"Control 2","Control","humanKD"
"HALLMARK_COMPLEMENT","sample.jh_2_002_1",0.250410792881893,"Control 1","Control","humanKD"
"HALLMARK_DNA_REPAIR","sample.shrubr5_3_2002",0.496395296489008,"KD 3 2002","KD","humanKD"
"HALLMARK_DNA_REPAIR","sample.shrubr5_2_2002",0.49913029272324,"KD 2 2002","KD","humanKD"
"HALLMARK_DNA_REPAIR","sample.shrubr5_1_2002",0.492540773113676,"KD 1 2002","KD","humanKD"
"HALLMARK_DNA_REPAIR","sample.jh_2_002_3",0.407784009412141,"Control 3","Control","humanKD"
"HALLMARK_DNA_REPAIR","sample.jh_2_002_2",0.406507551379069,"Control 2","Control","humanKD"
"HALLMARK_DNA_REPAIR","sample.jh_2_002_1",0.399571580488045,"Control 1","Control","humanKD"
"HALLMARK_E2F_TARGETS","sample.shrubr5_3_2002",0.713994450163975,"KD 3 2002","KD","humanKD"
"HALLMARK_E2F_TARGETS","sample.shrubr5_2_2002",0.715388291282755,"KD 2 2002","KD","humanKD"
"HALLMARK_E2F_TARGETS","sample.shrubr5_1_2002",0.703649391132052,"KD 1 2002","KD","humanKD"
"HALLMARK_E2F_TARGETS","sample.jh_2_002_3",0.536151168321092,"Control 3","Control","humanKD"
"HALLMARK_E2F_TARGETS","sample.jh_2_002_2",0.520241803245376,"Control 2","Control","humanKD"
"HALLMARK_E2F_TARGETS","sample.jh_2_002_1",0.5245286702338,"Control 1","Control","humanKD"
"HALLMARK_EPITHELIAL_MESENCHYMAL_TRANSITION","sample.shrubr5_3_2002",0.666576922952755,"KD 3 2002","KD","humanKD"
"HALLMARK_EPITHELIAL_MESENCHYMAL_TRANSITION","sample.shrubr5_2_2002",0.662992830221356,"KD 2 2002","KD","humanKD"
"HALLMARK_EPITHELIAL_MESENCHYMAL_TRANSITION","sample.shrubr5_1_2002",0.62433776955947,"KD 1 2002","KD","humanKD"
"HALLMARK_EPITHELIAL_MESENCHYMAL_TRANSITION","sample.jh_2_002_3",0.508120738722152,"Control 3","Control","humanKD"
"HALLMARK_EPITHELIAL_MESENCHYMAL_TRANSITION","sample.jh_2_002_2",0.515608790580409,"Control 2","Control","humanKD"
"HALLMARK_EPITHELIAL_MESENCHYMAL_TRANSITION","sample.jh_2_002_1",0.509726682056628,"Control 1","Control","humanKD"
"HALLMARK_ESTROGEN_RESPONSE_EARLY","sample.shrubr5_3_2002",0.311835111403607,"KD 3 2002","KD","humanKD"
"HALLMARK_ESTROGEN_RESPONSE_EARLY","sample.shrubr5_2_2002",0.312834753216349,"KD 2 2002","KD","humanKD"
"HALLMARK_ESTROGEN_RESPONSE_EARLY","sample.shrubr5_1_2002",0.31531134131609,"KD 1 2002","KD","humanKD"
"HALLMARK_ESTROGEN_RESPONSE_EARLY","sample.jh_2_002_3",0.299194969465529,"Control 3","Control","humanKD"
"HALLMARK_ESTROGEN_RESPONSE_EARLY","sample.jh_2_002_2",0.30581164186457,"Control 2","Control","humanKD"
"HALLMARK_ESTROGEN_RESPONSE_EARLY","sample.jh_2_002_1",0.296600920653112,"Control 1","Control","humanKD"
"HALLMARK_ESTROGEN_RESPONSE_LATE","sample.shrubr5_3_2002",0.229762617238243,"KD 3 2002","KD","humanKD"
"HALLMARK_ESTROGEN_RESPONSE_LATE","sample.shrubr5_2_2002",0.22953921027549,"KD 2 2002","KD","humanKD"
"HALLMARK_ESTROGEN_RESPONSE_LATE","sample.shrubr5_1_2002",0.219707800183479,"KD 1 2002","KD","humanKD"
"HALLMARK_ESTROGEN_RESPONSE_LATE","sample.jh_2_002_3",0.225826050609291,"Control 3","Control","humanKD"
"HALLMARK_ESTROGEN_RESPONSE_LATE","sample.jh_2_002_2",0.23909681822685,"Control 2","Control","humanKD"
"HALLMARK_ESTROGEN_RESPONSE_LATE","sample.jh_2_002_1",0.228826251536458,"Control 1","Control","humanKD"
"HALLMARK_FATTY_ACID_METABOLISM","sample.shrubr5_3_2002",0.377633994423939,"KD 3 2002","KD","humanKD"
"HALLMARK_FATTY_ACID_METABOLISM","sample.shrubr5_2_2002",0.37833321106798,"KD 2 2002","KD","humanKD"
"HALLMARK_FATTY_ACID_METABOLISM","sample.shrubr5_1_2002",0.380964213147576,"KD 1 2002","KD","humanKD"
"HALLMARK_FATTY_ACID_METABOLISM","sample.jh_2_002_3",0.394310426806444,"Control 3","Control","humanKD"
"HALLMARK_FATTY_ACID_METABOLISM","sample.jh_2_002_2",0.400297914633276,"Control 2","Control","humanKD"
"HALLMARK_FATTY_ACID_METABOLISM","sample.jh_2_002_1",0.407064191965282,"Control 1","Control","humanKD"
"HALLMARK_G2M_CHECKPOINT","sample.shrubr5_3_2002",0.742329680343022,"KD 3 2002","KD","humanKD"
"HALLMARK_G2M_CHECKPOINT","sample.shrubr5_2_2002",0.742801926257488,"KD 2 2002","KD","humanKD"
"HALLMARK_G2M_CHECKPOINT","sample.shrubr5_1_2002",0.735989749247767,"KD 1 2002","KD","humanKD"
"HALLMARK_G2M_CHECKPOINT","sample.jh_2_002_3",0.615497520804053,"Control 3","Control","humanKD"
"HALLMARK_G2M_CHECKPOINT","sample.jh_2_002_2",0.603482101201106,"Control 2","Control","humanKD"
"HALLMARK_G2M_CHECKPOINT","sample.jh_2_002_1",0.609237671645488,"Control 1","Control","humanKD"
"HALLMARK_GLYCOLYSIS","sample.shrubr5_3_2002",0.480103064944633,"KD 3 2002","KD","humanKD"
"HALLMARK_GLYCOLYSIS","sample.shrubr5_2_2002",0.47996363443764,"KD 2 2002","KD","humanKD"
"HALLMARK_GLYCOLYSIS","sample.shrubr5_1_2002",0.47141465180379,"KD 1 2002","KD","humanKD"
"HALLMARK_GLYCOLYSIS","sample.jh_2_002_3",0.459979216725304,"Control 3","Control","humanKD"
"HALLMARK_GLYCOLYSIS","sample.jh_2_002_2",0.463532910757156,"Control 2","Control","humanKD"
"HALLMARK_GLYCOLYSIS","sample.jh_2_002_1",0.461077621368892,"Control 1","Control","humanKD"
"HALLMARK_HEDGEHOG_SIGNALING","sample.shrubr5_3_2002",0.44310255028401,"KD 3 2002","KD","humanKD"
"HALLMARK_HEDGEHOG_SIGNALING","sample.shrubr5_2_2002",0.436194784984462,"KD 2 2002","KD","humanKD"
"HALLMARK_HEDGEHOG_SIGNALING","sample.shrubr5_1_2002",0.415619209008852,"KD 1 2002","KD","humanKD"
"HALLMARK_HEDGEHOG_SIGNALING","sample.jh_2_002_3",0.250162508448264,"Control 3","Control","humanKD"
"HALLMARK_HEDGEHOG_SIGNALING","sample.jh_2_002_2",0.276156266161972,"Control 2","Control","humanKD"
"HALLMARK_HEDGEHOG_SIGNALING","sample.jh_2_002_1",0.245380836325425,"Control 1","Control","humanKD"
"HALLMARK_HEME_METABOLISM","sample.shrubr5_3_2002",0.362783868568365,"KD 3 2002","KD","humanKD"
"HALLMARK_HEME_METABOLISM","sample.shrubr5_2_2002",0.360780996617334,"KD 2 2002","KD","humanKD"
"HALLMARK_HEME_METABOLISM","sample.shrubr5_1_2002",0.367690968709284,"KD 1 2002","KD","humanKD"
"HALLMARK_HEME_METABOLISM","sample.jh_2_002_3",0.383714309862358,"Control 3","Control","humanKD"
"HALLMARK_HEME_METABOLISM","sample.jh_2_002_2",0.39035046473879,"Control 2","Control","humanKD"
"HALLMARK_HEME_METABOLISM","sample.jh_2_002_1",0.390800842639256,"Control 1","Control","humanKD"
"HALLMARK_HYPOXIA","sample.shrubr5_3_2002",0.425462020703334,"KD 3 2002","KD","humanKD"
"HALLMARK_HYPOXIA","sample.shrubr5_2_2002",0.423223157470062,"KD 2 2002","KD","humanKD"
"HALLMARK_HYPOXIA","sample.shrubr5_1_2002",0.41844535235324,"KD 1 2002","KD","humanKD"
"HALLMARK_HYPOXIA","sample.jh_2_002_3",0.461811371530806,"Control 3","Control","humanKD"
"HALLMARK_HYPOXIA","sample.jh_2_002_2",0.468228101336989,"Control 2","Control","humanKD"
"HALLMARK_HYPOXIA","sample.jh_2_002_1",0.466952874396215,"Control 1","Control","humanKD"
"HALLMARK_IL2_STAT5_SIGNALING","sample.shrubr5_3_2002",0.320370324256417,"KD 3 2002","KD","humanKD"
"HALLMARK_IL2_STAT5_SIGNALING","sample.shrubr5_2_2002",0.319442573305143,"KD 2 2002","KD","humanKD"
"HALLMARK_IL2_STAT5_SIGNALING","sample.shrubr5_1_2002",0.333369872319653,"KD 1 2002","KD","humanKD"
"HALLMARK_IL2_STAT5_SIGNALING","sample.jh_2_002_3",0.300327239376707,"Control 3","Control","humanKD"
"HALLMARK_IL2_STAT5_SIGNALING","sample.jh_2_002_2",0.305797734291154,"Control 2","Control","humanKD"
"HALLMARK_IL2_STAT5_SIGNALING","sample.jh_2_002_1",0.300861863641625,"Control 1","Control","humanKD"
"HALLMARK_IL6_JAK_STAT3_SIGNALING","sample.shrubr5_3_2002",0.214151908065601,"KD 3 2002","KD","humanKD"
"HALLMARK_IL6_JAK_STAT3_SIGNALING","sample.shrubr5_2_2002",0.219371703781032,"KD 2 2002","KD","humanKD"
"HALLMARK_IL6_JAK_STAT3_SIGNALING","sample.shrubr5_1_2002",0.238609624171798,"KD 1 2002","KD","humanKD"
"HALLMARK_IL6_JAK_STAT3_SIGNALING","sample.jh_2_002_3",0.115636621983514,"Control 3","Control","humanKD"
"HALLMARK_IL6_JAK_STAT3_SIGNALING","sample.jh_2_002_2",0.113398874428066,"Control 2","Control","humanKD"
"HALLMARK_IL6_JAK_STAT3_SIGNALING","sample.jh_2_002_1",0.105406927223178,"Control 1","Control","humanKD"
"HALLMARK_INFLAMMATORY_RESPONSE","sample.shrubr5_3_2002",0.0742881877052473,"KD 3 2002","KD","humanKD"
"HALLMARK_INFLAMMATORY_RESPONSE","sample.shrubr5_2_2002",0.0739680708640344,"KD 2 2002","KD","humanKD"
"HALLMARK_INFLAMMATORY_RESPONSE","sample.shrubr5_1_2002",0.0901467517753697,"KD 1 2002","KD","humanKD"
"HALLMARK_INFLAMMATORY_RESPONSE","sample.jh_2_002_3",0.0320728530113308,"Control 3","Control","humanKD"
"HALLMARK_INFLAMMATORY_RESPONSE","sample.jh_2_002_2",0.0368445362444575,"Control 2","Control","humanKD"
"HALLMARK_INFLAMMATORY_RESPONSE","sample.jh_2_002_1",0.0352370680967923,"Control 1","Control","humanKD"
"HALLMARK_INTERFERON_ALPHA_RESPONSE","sample.shrubr5_3_2002",0.190421458036152,"KD 3 2002","KD","humanKD"
"HALLMARK_INTERFERON_ALPHA_RESPONSE","sample.shrubr5_2_2002",0.197682190731524,"KD 2 2002","KD","humanKD"
"HALLMARK_INTERFERON_ALPHA_RESPONSE","sample.shrubr5_1_2002",0.226578789281966,"KD 1 2002","KD","humanKD"
"HALLMARK_INTERFERON_ALPHA_RESPONSE","sample.jh_2_002_3",0.090222121218731,"Control 3","Control","humanKD"
"HALLMARK_INTERFERON_ALPHA_RESPONSE","sample.jh_2_002_2",0.0839050897501832,"Control 2","Control","humanKD"
"HALLMARK_INTERFERON_ALPHA_RESPONSE","sample.jh_2_002_1",0.0760597157985431,"Control 1","Control","humanKD"
"HALLMARK_INTERFERON_GAMMA_RESPONSE","sample.shrubr5_3_2002",0.160580727291769,"KD 3 2002","KD","humanKD"
"HALLMARK_INTERFERON_GAMMA_RESPONSE","sample.shrubr5_2_2002",0.164506373584447,"KD 2 2002","KD","humanKD"
"HALLMARK_INTERFERON_GAMMA_RESPONSE","sample.shrubr5_1_2002",0.188396200596516,"KD 1 2002","KD","humanKD"
"HALLMARK_INTERFERON_GAMMA_RESPONSE","sample.jh_2_002_3",0.125195925395253,"Control 3","Control","humanKD"
"HALLMARK_INTERFERON_GAMMA_RESPONSE","sample.jh_2_002_2",0.120887862993328,"Control 2","Control","humanKD"
"HALLMARK_INTERFERON_GAMMA_RESPONSE","sample.jh_2_002_1",0.11772122961217,"Control 1","Control","humanKD"
"HALLMARK_KRAS_SIGNALING_DN","sample.shrubr5_3_2002",-0.145566107973298,"KD 3 2002","KD","humanKD"
"HALLMARK_KRAS_SIGNALING_DN","sample.shrubr5_2_2002",-0.147466141703745,"KD 2 2002","KD","humanKD"
"HALLMARK_KRAS_SIGNALING_DN","sample.shrubr5_1_2002",-0.154297795010293,"KD 1 2002","KD","humanKD"
"HALLMARK_KRAS_SIGNALING_DN","sample.jh_2_002_3",-0.0843562009055328,"Control 3","Control","humanKD"
"HALLMARK_KRAS_SIGNALING_DN","sample.jh_2_002_2",-0.0624868441076369,"Control 2","Control","humanKD"
"HALLMARK_KRAS_SIGNALING_DN","sample.jh_2_002_1",-0.078956072973331,"Control 1","Control","humanKD"
"HALLMARK_KRAS_SIGNALING_UP","sample.shrubr5_3_2002",0.141837330731927,"KD 3 2002","KD","humanKD"
"HALLMARK_KRAS_SIGNALING_UP","sample.shrubr5_2_2002",0.139001284824369,"KD 2 2002","KD","humanKD"
"HALLMARK_KRAS_SIGNALING_UP","sample.shrubr5_1_2002",0.182675875259647,"KD 1 2002","KD","humanKD"
"HALLMARK_KRAS_SIGNALING_UP","sample.jh_2_002_3",0.0862050137213518,"Control 3","Control","humanKD"
"HALLMARK_KRAS_SIGNALING_UP","sample.jh_2_002_2",0.100879877483816,"Control 2","Control","humanKD"
"HALLMARK_KRAS_SIGNALING_UP","sample.jh_2_002_1",0.0893634288299315,"Control 1","Control","humanKD"
"HALLMARK_MITOTIC_SPINDLE","sample.shrubr5_3_2002",0.716516104512049,"KD 3 2002","KD","humanKD"
"HALLMARK_MITOTIC_SPINDLE","sample.shrubr5_2_2002",0.715680777321651,"KD 2 2002","KD","humanKD"
"HALLMARK_MITOTIC_SPINDLE","sample.shrubr5_1_2002",0.7208169079857,"KD 1 2002","KD","humanKD"
"HALLMARK_MITOTIC_SPINDLE","sample.jh_2_002_3",0.653200033457846,"Control 3","Control","humanKD"
"HALLMARK_MITOTIC_SPINDLE","sample.jh_2_002_2",0.643865109520956,"Control 2","Control","humanKD"
"HALLMARK_MITOTIC_SPINDLE","sample.jh_2_002_1",0.648644899642931,"Control 1","Control","humanKD"
"HALLMARK_MTORC1_SIGNALING","sample.shrubr5_3_2002",0.691012328156617,"KD 3 2002","KD","humanKD"
"HALLMARK_MTORC1_SIGNALING","sample.shrubr5_2_2002",0.692752355776581,"KD 2 2002","KD","humanKD"
"HALLMARK_MTORC1_SIGNALING","sample.shrubr5_1_2002",0.677987484634934,"KD 1 2002","KD","humanKD"
"HALLMARK_MTORC1_SIGNALING","sample.jh_2_002_3",0.649006239349835,"Control 3","Control","humanKD"
"HALLMARK_MTORC1_SIGNALING","sample.jh_2_002_2",0.649122979072474,"Control 2","Control","humanKD"
"HALLMARK_MTORC1_SIGNALING","sample.jh_2_002_1",0.653466903570463,"Control 1","Control","humanKD"
"HALLMARK_MYC_TARGETS_V1","sample.shrubr5_3_2002",0.843933600894495,"KD 3 2002","KD","humanKD"
"HALLMARK_MYC_TARGETS_V1","sample.shrubr5_2_2002",0.845702204989707,"KD 2 2002","KD","humanKD"
"HALLMARK_MYC_TARGETS_V1","sample.shrubr5_1_2002",0.833572216176935,"KD 1 2002","KD","humanKD"
"HALLMARK_MYC_TARGETS_V1","sample.jh_2_002_3",0.768430325812799,"Control 3","Control","humanKD"
"HALLMARK_MYC_TARGETS_V1","sample.jh_2_002_2",0.761877607111238,"Control 2","Control","humanKD"
"HALLMARK_MYC_TARGETS_V1","sample.jh_2_002_1",0.767015822632193,"Control 1","Control","humanKD"
"HALLMARK_MYC_TARGETS_V2","sample.shrubr5_3_2002",0.615798418827611,"KD 3 2002","KD","humanKD"
"HALLMARK_MYC_TARGETS_V2","sample.shrubr5_2_2002",0.615527418127618,"KD 2 2002","KD","humanKD"
"HALLMARK_MYC_TARGETS_V2","sample.shrubr5_1_2002",0.582253554489479,"KD 1 2002","KD","humanKD"
"HALLMARK_MYC_TARGETS_V2","sample.jh_2_002_3",0.453715433519907,"Control 3","Control","humanKD"
"HALLMARK_MYC_TARGETS_V2","sample.jh_2_002_2",0.453372560607664,"Control 2","Control","humanKD"
"HALLMARK_MYC_TARGETS_V2","sample.jh_2_002_1",0.445755035318229,"Control 1","Control","humanKD"
"HALLMARK_MYOGENESIS","sample.shrubr5_3_2002",0.317957676415136,"KD 3 2002","KD","humanKD"
"HALLMARK_MYOGENESIS","sample.shrubr5_2_2002",0.316395079749276,"KD 2 2002","KD","humanKD"
"HALLMARK_MYOGENESIS","sample.shrubr5_1_2002",0.296275178717723,"KD 1 2002","KD","humanKD"
"HALLMARK_MYOGENESIS","sample.jh_2_002_3",0.314270180278113,"Control 3","Control","humanKD"
"HALLMARK_MYOGENESIS","sample.jh_2_002_2",0.325344362361594,"Control 2","Control","humanKD"
"HALLMARK_MYOGENESIS","sample.jh_2_002_1",0.315604233963477,"Control 1","Control","humanKD"
"HALLMARK_NOTCH_SIGNALING","sample.shrubr5_3_2002",0.433573435322365,"KD 3 2002","KD","humanKD"
"HALLMARK_NOTCH_SIGNALING","sample.shrubr5_2_2002",0.442643214862127,"KD 2 2002","KD","humanKD"
"HALLMARK_NOTCH_SIGNALING","sample.shrubr5_1_2002",0.441270331377767,"KD 1 2002","KD","humanKD"
"HALLMARK_NOTCH_SIGNALING","sample.jh_2_002_3",0.476987419447758,"Control 3","Control","humanKD"
"HALLMARK_NOTCH_SIGNALING","sample.jh_2_002_2",0.492927642208757,"Control 2","Control","humanKD"
"HALLMARK_NOTCH_SIGNALING","sample.jh_2_002_1",0.484770402160138,"Control 1","Control","humanKD"
"HALLMARK_OXIDATIVE_PHOSPHORYLATION","sample.shrubr5_3_2002",0.546713278135105,"KD 3 2002","KD","humanKD"
"HALLMARK_OXIDATIVE_PHOSPHORYLATION","sample.shrubr5_2_2002",0.548397835717436,"KD 2 2002","KD","humanKD"
"HALLMARK_OXIDATIVE_PHOSPHORYLATION","sample.shrubr5_1_2002",0.535913791561092,"KD 1 2002","KD","humanKD"
"HALLMARK_OXIDATIVE_PHOSPHORYLATION","sample.jh_2_002_3",0.505219936948334,"Control 3","Control","humanKD"
"HALLMARK_OXIDATIVE_PHOSPHORYLATION","sample.jh_2_002_2",0.507595053982545,"Control 2","Control","humanKD"
"HALLMARK_OXIDATIVE_PHOSPHORYLATION","sample.jh_2_002_1",0.512630085785344,"Control 1","Control","humanKD"
"HALLMARK_P53_PATHWAY","sample.shrubr5_3_2002",0.416412470203081,"KD 3 2002","KD","humanKD"
"HALLMARK_P53_PATHWAY","sample.shrubr5_2_2002",0.414907633191979,"KD 2 2002","KD","humanKD"
"HALLMARK_P53_PATHWAY","sample.shrubr5_1_2002",0.415939659335407,"KD 1 2002","KD","humanKD"
"HALLMARK_P53_PATHWAY","sample.jh_2_002_3",0.396807051461329,"Control 3","Control","humanKD"
"HALLMARK_P53_PATHWAY","sample.jh_2_002_2",0.40633692794119,"Control 2","Control","humanKD"
"HALLMARK_P53_PATHWAY","sample.jh_2_002_1",0.400646669175431,"Control 1","Control","humanKD"
"HALLMARK_PANCREAS_BETA_CELLS","sample.shrubr5_3_2002",-0.0351812040376759,"KD 3 2002","KD","humanKD"
"HALLMARK_PANCREAS_BETA_CELLS","sample.shrubr5_2_2002",-0.0306508107547815,"KD 2 2002","KD","humanKD"
"HALLMARK_PANCREAS_BETA_CELLS","sample.shrubr5_1_2002",-0.014816518786267,"KD 1 2002","KD","humanKD"
"HALLMARK_PANCREAS_BETA_CELLS","sample.jh_2_002_3",0.00831358586264488,"Control 3","Control","humanKD"
"HALLMARK_PANCREAS_BETA_CELLS","sample.jh_2_002_2",0.00133260375720374,"Control 2","Control","humanKD"
"HALLMARK_PANCREAS_BETA_CELLS","sample.jh_2_002_1",0.0070321488471715,"Control 1","Control","humanKD"
"HALLMARK_PEROXISOME","sample.shrubr5_3_2002",0.388683362786163,"KD 3 2002","KD","humanKD"
"HALLMARK_PEROXISOME","sample.shrubr5_2_2002",0.390467629143899,"KD 2 2002","KD","humanKD"
"HALLMARK_PEROXISOME","sample.shrubr5_1_2002",0.385463082159647,"KD 1 2002","KD","humanKD"
"HALLMARK_PEROXISOME","sample.jh_2_002_3",0.464100791087468,"Control 3","Control","humanKD"
"HALLMARK_PEROXISOME","sample.jh_2_002_2",0.471193184045764,"Control 2","Control","humanKD"
"HALLMARK_PEROXISOME","sample.jh_2_002_1",0.477313278644537,"Control 1","Control","humanKD"
"HALLMARK_PI3K_AKT_MTOR_SIGNALING","sample.shrubr5_3_2002",0.529243292211846,"KD 3 2002","KD","humanKD"
"HALLMARK_PI3K_AKT_MTOR_SIGNALING","sample.shrubr5_2_2002",0.525088754284395,"KD 2 2002","KD","humanKD"
"HALLMARK_PI3K_AKT_MTOR_SIGNALING","sample.shrubr5_1_2002",0.515626939939905,"KD 1 2002","KD","humanKD"
"HALLMARK_PI3K_AKT_MTOR_SIGNALING","sample.jh_2_002_3",0.514956632962134,"Control 3","Control","humanKD"
"HALLMARK_PI3K_AKT_MTOR_SIGNALING","sample.jh_2_002_2",0.513607668952617,"Control 2","Control","humanKD"
"HALLMARK_PI3K_AKT_MTOR_SIGNALING","sample.jh_2_002_1",0.515766798950423,"Control 1","Control","humanKD"
"HALLMARK_PROTEIN_SECRETION","sample.shrubr5_3_2002",0.64901334643368,"KD 3 2002","KD","humanKD"
"HALLMARK_PROTEIN_SECRETION","sample.shrubr5_2_2002",0.651722562443226,"KD 2 2002","KD","humanKD"
"HALLMARK_PROTEIN_SECRETION","sample.shrubr5_1_2002",0.647877654668772,"KD 1 2002","KD","humanKD"
"HALLMARK_PROTEIN_SECRETION","sample.jh_2_002_3",0.662576393971978,"Control 3","Control","humanKD"
"HALLMARK_PROTEIN_SECRETION","sample.jh_2_002_2",0.655284246558901,"Control 2","Control","humanKD"
"HALLMARK_PROTEIN_SECRETION","sample.jh_2_002_1",0.669164820942296,"Control 1","Control","humanKD"
"HALLMARK_REACTIVE_OXYGEN_SPECIES_PATHWAY","sample.shrubr5_3_2002",0.476448015160712,"KD 3 2002","KD","humanKD"
"HALLMARK_REACTIVE_OXYGEN_SPECIES_PATHWAY","sample.shrubr5_2_2002",0.486703508517752,"KD 2 2002","KD","humanKD"
"HALLMARK_REACTIVE_OXYGEN_SPECIES_PATHWAY","sample.shrubr5_1_2002",0.491531898114685,"KD 1 2002","KD","humanKD"
"HALLMARK_REACTIVE_OXYGEN_SPECIES_PATHWAY","sample.jh_2_002_3",0.491434246723564,"Control 3","Control","humanKD"
"HALLMARK_REACTIVE_OXYGEN_SPECIES_PATHWAY","sample.jh_2_002_2",0.512899816283035,"Control 2","Control","humanKD"
"HALLMARK_REACTIVE_OXYGEN_SPECIES_PATHWAY","sample.jh_2_002_1",0.497915411950351,"Control 1","Control","humanKD"
"HALLMARK_SPERMATOGENESIS","sample.shrubr5_3_2002",0.111950591446285,"KD 3 2002","KD","humanKD"
"HALLMARK_SPERMATOGENESIS","sample.shrubr5_2_2002",0.112873620072344,"KD 2 2002","KD","humanKD"
"HALLMARK_SPERMATOGENESIS","sample.shrubr5_1_2002",0.12387525347352,"KD 1 2002","KD","humanKD"
"HALLMARK_SPERMATOGENESIS","sample.jh_2_002_3",0.135700416348528,"Control 3","Control","humanKD"
"HALLMARK_SPERMATOGENESIS","sample.jh_2_002_2",0.131328360140216,"Control 2","Control","humanKD"
"HALLMARK_SPERMATOGENESIS","sample.jh_2_002_1",0.127015615032614,"Control 1","Control","humanKD"
"HALLMARK_TGF_BETA_SIGNALING","sample.shrubr5_3_2002",0.714763634984616,"KD 3 2002","KD","humanKD"
"HALLMARK_TGF_BETA_SIGNALING","sample.shrubr5_2_2002",0.718220873634919,"KD 2 2002","KD","humanKD"
"HALLMARK_TGF_BETA_SIGNALING","sample.shrubr5_1_2002",0.731132043211735,"KD 1 2002","KD","humanKD"
"HALLMARK_TGF_BETA_SIGNALING","sample.jh_2_002_3",0.696048288526116,"Control 3","Control","humanKD"
"HALLMARK_TGF_BETA_SIGNALING","sample.jh_2_002_2",0.697732745544097,"Control 2","Control","humanKD"
"HALLMARK_TGF_BETA_SIGNALING","sample.jh_2_002_1",0.699208382558758,"Control 1","Control","humanKD"
"HALLMARK_TNFA_SIGNALING_VIA_NFKB","sample.shrubr5_3_2002",0.347065030424028,"KD 3 2002","KD","humanKD"
"HALLMARK_TNFA_SIGNALING_VIA_NFKB","sample.shrubr5_2_2002",0.351215486887944,"KD 2 2002","KD","humanKD"
"HALLMARK_TNFA_SIGNALING_VIA_NFKB","sample.shrubr5_1_2002",0.370004196693586,"KD 1 2002","KD","humanKD"
"HALLMARK_TNFA_SIGNALING_VIA_NFKB","sample.jh_2_002_3",0.335557214015934,"Control 3","Control","humanKD"
"HALLMARK_TNFA_SIGNALING_VIA_NFKB","sample.jh_2_002_2",0.339027828786218,"Control 2","Control","humanKD"
"HALLMARK_TNFA_SIGNALING_VIA_NFKB","sample.jh_2_002_1",0.33330138673519,"Control 1","Control","humanKD"
"HALLMARK_UNFOLDED_PROTEIN_RESPONSE","sample.shrubr5_3_2002",0.676856882170584,"KD 3 2002","KD","humanKD"
"HALLMARK_UNFOLDED_PROTEIN_RESPONSE","sample.shrubr5_2_2002",0.673552853165359,"KD 2 2002","KD","humanKD"
"HALLMARK_UNFOLDED_PROTEIN_RESPONSE","sample.shrubr5_1_2002",0.660901664198047,"KD 1 2002","KD","humanKD"
"HALLMARK_UNFOLDED_PROTEIN_RESPONSE","sample.jh_2_002_3",0.651333925954406,"Control 3","Control","humanKD"
"HALLMARK_UNFOLDED_PROTEIN_RESPONSE","sample.jh_2_002_2",0.651536066328614,"Control 2","Control","humanKD"
"HALLMARK_UNFOLDED_PROTEIN_RESPONSE","sample.jh_2_002_1",0.646712866973025,"Control 1","Control","humanKD"
"HALLMARK_UV_RESPONSE_DN","sample.shrubr5_3_2002",0.643875492552673,"KD 3 2002","KD","humanKD"
"HALLMARK_UV_RESPONSE_DN","sample.shrubr5_2_2002",0.640272013330332,"KD 2 2002","KD","humanKD"
"HALLMARK_UV_RESPONSE_DN","sample.shrubr5_1_2002",0.623943729035652,"KD 1 2002","KD","humanKD"
"HALLMARK_UV_RESPONSE_DN","sample.jh_2_002_3",0.584102096370582,"Control 3","Control","humanKD"
"HALLMARK_UV_RESPONSE_DN","sample.jh_2_002_2",0.588153431347757,"Control 2","Control","humanKD"
"HALLMARK_UV_RESPONSE_DN","sample.jh_2_002_1",0.588618121694599,"Control 1","Control","humanKD"
"HALLMARK_UV_RESPONSE_UP","sample.shrubr5_3_2002",0.38055846053797,"KD 3 2002","KD","humanKD"
"HALLMARK_UV_RESPONSE_UP","sample.shrubr5_2_2002",0.380976073559108,"KD 2 2002","KD","humanKD"
"HALLMARK_UV_RESPONSE_UP","sample.shrubr5_1_2002",0.379410220878753,"KD 1 2002","KD","humanKD"
"HALLMARK_UV_RESPONSE_UP","sample.jh_2_002_3",0.400071895086368,"Control 3","Control","humanKD"
"HALLMARK_UV_RESPONSE_UP","sample.jh_2_002_2",0.410364562652149,"Control 2","Control","humanKD"
"HALLMARK_UV_RESPONSE_UP","sample.jh_2_002_1",0.408925799619107,"Control 1","Control","humanKD"
"HALLMARK_WNT_BETA_CATENIN_SIGNALING","sample.shrubr5_3_2002",0.445501722369834,"KD 3 2002","KD","humanKD"
"HALLMARK_WNT_BETA_CATENIN_SIGNALING","sample.shrubr5_2_2002",0.448875755461593,"KD 2 2002","KD","humanKD"
"HALLMARK_WNT_BETA_CATENIN_SIGNALING","sample.shrubr5_1_2002",0.457972243589085,"KD 1 2002","KD","humanKD"
"HALLMARK_WNT_BETA_CATENIN_SIGNALING","sample.jh_2_002_3",0.370537225180321,"Control 3","Control","humanKD"
"HALLMARK_WNT_BETA_CATENIN_SIGNALING","sample.jh_2_002_2",0.387814646306887,"Control 2","Control","humanKD"
"HALLMARK_WNT_BETA_CATENIN_SIGNALING","sample.jh_2_002_1",0.370810270969514,"Control 1","Control","humanKD"
"HALLMARK_XENOBIOTIC_METABOLISM","sample.shrubr5_3_2002",0.234020502377355,"KD 3 2002","KD","humanKD"
"HALLMARK_XENOBIOTIC_METABOLISM","sample.shrubr5_2_2002",0.237481418321308,"KD 2 2002","KD","humanKD"
"HALLMARK_XENOBIOTIC_METABOLISM","sample.shrubr5_1_2002",0.223072805563953,"KD 1 2002","KD","humanKD"
"HALLMARK_XENOBIOTIC_METABOLISM","sample.jh_2_002_3",0.287848034659117,"Control 3","Control","humanKD"
"HALLMARK_XENOBIOTIC_METABOLISM","sample.jh_2_002_2",0.300991447635394,"Control 2","Control","humanKD"
"HALLMARK_XENOBIOTIC_METABOLISM","sample.jh_2_002_1",0.29941972048919,"Control 1","Control","humanKD"
