"pathway","pval","padj","log2err","ES","NES","size","leadingEdge"
"HALLMARK_E2F_TARGETS",1.06044139541975e-12,5.30220697709875e-11,0.910119734774459,0.500980606602267,2.26549419103741,200,"2547;4288;10460;1026;5591;6241;9787;1854;701;5425;3609;146909;10615;4605;332;3149;6941;147841;9833;9232;55143;7374;9238;5889;55635;55148;29089;29980;5395;204;3835;9319;4173;9738;4678;6790;6118;3930;9837;3838;197335;4830;57405;27338;672;7083;994;10635;1033;4001;1163;6119;3364;4683;7037;10535;23594;81624;5982;57122;4361;9221;991;8914;4292;64785;1786;7884;84296;5902;5426;10797;9918;64858;79077;3159;1062;10212;81611;4085;9212;24137;10528;55723;4174;7514;9700"
"HALLMARK_G2M_CHECKPOINT",5.06934356384338e-07,1.26733589096084e-05,0.659444398037935,0.420010893140802,1.89930218687514,199,"4288;10460;10762;3151;51203;3609;22974;1063;6541;10036;55872;4605;332;3149;57082;10024;7040;9232;4502;699;5371;26271;9156;94239;6491;4088;3835;85236;8140;4678;6790;6118;3930;990;7468;2176;3838;1841;3832;1736;7272;27338;81539;7486;994;1033;9493;4001;1163;3364;11065;9055;1870;23594;1058;595;899;3619;9221;991;51659;5426;1112;1810;3159;10721;51776;1062;10212;4085;56992;9212;24137;5119;4174;7514;9700"
"HALLMARK_XENOBIOTIC_METABOLISM",3.69144635341515e-05,0.000615241058902526,0.557332238758646,-0.357421700486243,-1.74348060106351,172,"7498;217;2052;4128;5091;223;10237;54498;3417;2110;9536;4355;4814;978;7358;225;51380;8460;4836;2099;51;50;218;1528;5166;3398;4864;10611;645;55502;488;3162;22949;316;866;65018;5447;4121;9663;131;5627;6747;3735;1573;6539"
"HALLMARK_EPITHELIAL_MESENCHYMAL_TRANSITION",0.00040224801910108,0.00489569105545395,0.49849310876659,0.356840373890242,1.61364315441189,199,"1282;1294;1490;5054;1284;1301;1293;3371;2303;23705;4638;7070;966;1292;5270;7474;2201;3486;7076;5817;5329;3624;5217;4017;115908;10486;4907;4312;6422;7040;1004;5806;4616;51330;7057;4232;960;284217;6695;22943;11167;290;6443;6641;3485;50863;22795;1289;2669;3915;25878;10272;7980"
"HALLMARK_HYPOXIA",0.000489569105545395,0.00489569105545395,0.477270815362862,-0.322614803944015,-1.59889782862022,189,"6275;2027;694;3516;230;4601;2026;8459;5230;5165;7511;10397;272;1356;5236;9215;3098;7043;54206;1942;23210;538;2584;2548;26355;2817;3073;54800;55818;10370;9957;123;8839;1466;5033;2821;10957;596;3162;56925;4627;1843;3623;3669;7360;6576;5313"
"HALLMARK_MYC_TARGETS_V2",0.000605483739816519,0.00504569783180433,0.477270815362862,0.496492790270266,1.84892304947132,57,"4869;6949;7374;9238;27346;8886;4173;11335;83743;10244;64216;26354;9064;9221;92856;79050;6652;79077;6573;10528;4174;51388;29078;6723;56342;23223;10199;54663;3177;23082"
"HALLMARK_UV_RESPONSE_UP",0.00127789303452478,0.0091278073894627,0.45505986738723,-0.326932322194708,-1.570572611178,155,"7277;291;2052;694;2907;4128;2026;6535;650;27161;51706;528;6236;885;3134;1280;2011;3659;5243;8878;1119;4323;3726;3164"
"HALLMARK_PEROXISOME",0.00281013468785341,0.0175633417990838,0.431707695803346,-0.3633337961987,-1.61883385923848,96,"291;223;3416;3417;225;5052;51;51024;26986;80270;10478;5243;6342;5830;51703;866;7533;3992;3265;10057;1384;9525;5825;5195;30;6258;706;1487;3418;6647;2224;6599;774;6833;215;9961;9249;2182;1503"
"HALLMARK_ADIPOGENESIS",0.00637420322459693,0.0309405940594059,0.354819512103747,-0.291785575655633,-1.44653247158821,191,"217;5168;718;2167;33;35;284;47;4199;3417;29103;5236;9131;112;376497;4836;10140;6776;51;50;79071;8491;8436;123;58472;6342;6888;10113;5495;2109;4191;26353;483;23187;5447;23788;10989;10162;1351;7905;6576;7423;1537;6390;1384;9908;4958;3419;5195;1147;1738;2879;57678;5860;26994;6647;25813;27069;54996;1737;25979;4189;1376;3991;10313;1468"
"HALLMARK_BILE_ACID_METABOLISM",0.00680693069306931,0.0309405940594059,0.310776919977249,-0.349376828862404,-1.55664858626728,96,"4734;223;3417;20;8630;225;196743;21;2730;80270;6342;4864;51703;866;3992;5947;5825;23461;6258;10350;64137;9420;3418;5191;5213;6647;64241;3991;215;189;8435;366;50640;9971;9415"
"HALLMARK_FATTY_ACID_METABOLISM",0.00576662143826323,0.0309405940594059,0.354819512103747,-0.319172582039959,-1.51120840196525,141,"2027;2052;4128;33;2026;5160;35;223;3157;4199;3417;2110;3956;7358;50814;5910;6281;51;50;218;8639"
"HALLMARK_INTERFERON_ALPHA_RESPONSE",0.0136034304302824,0.0558265264147617,0.150129441088022,0.365877970160555,1.48745325703339,95,"10410;103;3959;567;5610;85363;10561;4061;54809;5359;6773;10544;9830;3431;54625;1267;85441;3566;87178;7706;7453;55072;7726;9636;219285;6890;94240;55601"
"HALLMARK_MTORC1_SIGNALING",0.014514896867838,0.0558265264147617,0.235141995561108,-0.271026154950997,-1.34825871114016,197,"7277;3638;5230;6713;3157;2181;928;47;4199;3417;5236;5052;900;4836;5701;10987;79071;7108;9695;23753;10061;7184;8878;4048;3156;5033;3336;2821;23760;488;5718;441024;3475;10096;3145;26227;10989;3992;516;5685;5719;5684;3308;27071;2107;10213;2717;29110;8615;31;2965;27230;5861;1649;2729;4802;7436;2058;5704;8553;5860;7323;3313;6745;6503"
"HALLMARK_IL6_JAK_STAT3_SIGNALING",0.0173047473200613,0.0618026690002188,0.13525091239264,0.386173094201064,1.4993805812494,71,"9180;3454;3460;7040;3676;7132;7297;4615;5770;27242;51330;960;6773;3588;3459;3566;56034;355;3725;5781;3597;55540;6772"
"HALLMARK_APOPTOSIS",0.0305793238883434,0.0918635170603675,0.0967541689411413,0.30892794144065,1.3510703712302,154,"10410;894;1026;1676;3875;7076;3315;7818;837;1806;5327;835;89941;4616;8567;840;51330;1387;8682;960;1191;51176;3459;4170;672;2012;994;6041;7832;2149;2232;7077;9890;637;598;595;4744;6304;6574;6890;2936;355;3725;8837"
"HALLMARK_CHOLESTEROL_HOMEOSTASIS",0.0357554786620531,0.0918635170603675,0.129015392724128,-0.326153412875832,-1.38332241450485,73,"230;1499;5165;6713;3157;928;55902;5833;20;54206;50814;4598;22809;6721;7108;6311;1119;3156;10957;6811;308;3958;39;132864"
"HALLMARK_DNA_REPAIR",0.0312456016889514,0.0918635170603675,0.0958569623789466,0.311152855860122,1.35267477893855,147,"8237;9883;11130;1854;4059;4833;1643;2987;7508;1687;51497;4350;6118;2237;2068;10302;9328;4830;2067;23204;6878;2073;79720;1716;3059;6119;5984;353;5439;51292;5982;10189;50808;124583;5429;7298;25920;51251;22916;6809"
"HALLMARK_HEME_METABOLISM",0.0344954128440367,0.0918635170603675,0.148500141871431,-0.262985411057555,-1.28893252148431,177,"4354;718;51092;7001;4601;5091;6535;8850;23112;54498;4891;2235;23530;2035;5526;535;80853;2730;9911;7716;25897;51274;56674;645;4779;10422;9958;23002;57610;3145;27429;9663;4005"
"HALLMARK_P53_PATHWAY",0.036745406824147,0.0918635170603675,0.145392780236481,-0.255571522868008,-1.26700062472634,191,"6275;92815;2052;694;3625;127544;8673;650;10397;8626;22824;4814;10458;10628;2517;900;6236;25898;10140;6281;4013;9314;6004;5900;26355;5791;3094;8841;3162;26207;64787;9618;581;55294;3265;6303;10057"
"HALLMARK_PROTEIN_SECRETION",0.0346534653465347,0.0918635170603675,0.135862926377654,-0.305318565777826,-1.36034697929662,96,"9367;1213;9276;23095;10565;51606;538;5862;22872;27236;1176;6643;23673;7251;8546;1315;10067;164;10564;1211;2717;102;9525;372;51552;8615;476;259230;23033;23041;2778;6197;8775;6647;8417"
"HALLMARK_MYC_TARGETS_V1",0.0403149178770191,0.0959878997071884,0.082532787767263,0.288888926636227,1.3063902604697,200,"5478;2547;6187;6128;328;4869;2739;6146;1854;5425;26156;6637;3178;51020;9045;8886;4173;11260;6418;3608;10921;52;3183;3838;11335;6150;4830;54107;7416;1933;5984;26354;6204;7284;9221;7298;10155;991;6627;1207;22916;6141;11137;10574;7458;5902;1964;65005;10935;10856"
"HALLMARK_INFLAMMATORY_RESPONSE",0.0475403059115337,0.10334849111203,0.0763778694074653,0.292310602424889,1.29961229213949,173,"5054;1026;7076;5817;5329;3624;9180;3454;6541;196;3460;5610;133;3976;131566;3269;4061;1604;3696;1906;970;6542;3575;3566;3949;958"
"HALLMARK_OXIDATIVE_PHOSPHORYLATION",0.0457491422035837,0.10334849111203,0.131183404131763,-0.249430215316852,-1.24202119027785,198,"291;10312;10632;5160;4720;3417;2110;509;518;528;9131;51606;533;23530;498;38;8402;50;1528;4700;5166;537;9167;2109;23203;2821;4191;5447;27429;10476;10989;1351;516;581;22;788;9296;1537;3028;26517;10651;9550;6390;2806;3419;9868;30;1738;2879;8604;51660;3418;5435;10884;506"
"HALLMARK_ALLOGRAFT_REJECTION",0.0594253679046952,0.123802849801448,0.0686043435198679,0.293494961791542,1.28502593919001,156,"894;4869;3133;7070;7076;11222;1956;3624;9734;6133;567;3460;586;7040;3976;2000;6891;6189;4830;3459;3566;9466;6170;958;672;7453;3059;2149"
"HALLMARK_INTERFERON_GAMMA_RESPONSE",0.0632790028763183,0.126558005752637,0.065588721362786,0.283126262200748,1.26846990311369,185,"10410;1026;103;7378;3959;5214;567;837;5610;4502;5371;10561;57674;26053;4615;5770;3106;4061;5359;840;6773;9830;3431;80830;54625;85441;3566;87178;10124;958;3075;7706;7453;10392;10068;29126;55072;7726;9636;4600;219285;6890;94240;355;55601;8082;84888;8737;6772;7903;3455;4940;10797"
"HALLMARK_NOTCH_SIGNALING",0.0731769505354411,0.140724904875848,0.0840040435343081,-0.394292772247944,-1.38878831258903,31,"55851;23220;8324;9978;2648;6934;7855;8454;408;8321"
"HALLMARK_KRAS_SIGNALING_DN",0.0859926100100773,0.159245574092736,0.0890961354495908,-0.258634554567977,-1.21977748738126,136,"8786;22849;55220;57016;55277;5077;65989;1280;1838;51226;786;4524;51168;2668;6531;4929;3866;6414;3860;55610;6663;6261;8085;778;6446;64137;8303;10913;7021;54847;10777;6927;1585;1014;6559;6336;9127;5133;3750;3699;57089;79696;495;1630;26548;5317;676"
"HALLMARK_TNFA_SIGNALING_VIA_NFKB",0.0957461359595131,0.170975242784845,0.0526059181483477,0.272870689428683,1.22464081566566,188,"5054;3371;2150;1026;23645;5329;3624;3460;7262;1846;9945;3976;3280;5209;6515;1827;22822;5806;10365;4616;79155;4088;8061;1906;960;182;3575;24145;80176;4170;3949;9592;3914;7832;9334;2669;5055;595;2683;8744;6890;3725;8837;24147;10318;9242;7071;8660;2152"
"HALLMARK_ANDROGEN_RESPONSE",0.113293943870015,0.188823239783358,0.050072872271063,0.306620859924494,1.24860129399853,96,"2547;1622;7520;9590;1021;567;6611;3856;8031;9455;3977;11099;4824;55839;60559;220;22936;595;2683;3998;2936;5238;6652;2005;5867;9510;8821;10257"
"HALLMARK_KRAS_SIGNALING_UP",0.109523155146352,0.188823239783358,0.0490409715974691,0.272080212486151,1.2123194170012,177,"3481;894;2150;9590;23645;3486;5329;3624;9734;9945;3976;7851;2995;131566;5327;51199;2791;7035;2591;5178;27075;3575;2119;8829;3075;2012;1848;5649;10806;220;80380;30001;23080;3237;3800;6304;6480;3728;3673;23268;23643;8854;4674;2048"
"HALLMARK_ESTROGEN_RESPONSE_LATE",0.145273997793306,0.23347139731166,0.0711887468782548,-0.231277540399275,-1.14013807399395,183,"5577;403;267;6387;2296;928;22824;9536;3717;9215;7358;10140;21;5777;9314;57419;573;1363;11145;3398;8839;29887;2109;645;2444;596;26353;2013;4665;3669;3860;2317;51083;6990;1960;2717;23650;3716;64699;6446;7134;57834"
"HALLMARK_SPERMATOGENESIS",0.149421694279462,0.23347139731166,0.0644263908163349,-0.260160167908247,-1.17658959923601,104,"3305;9063;54558;3416;22824;1080;5037;3267;84779;6888;11144;6558;9489;27285;81570;5443;4867;673;5232;83401;157807;9807;8028;23139;246;10693;5161;7419;2918;5414;6518;79882;7142;56903;165721;79696;7278;1630;2515"
"HALLMARK_HEDGEHOG_SIGNALING",0.163059397884459,0.247059693764332,0.0432449411992719,0.375497716883622,1.24743383163806,34,"7070;3897;1021;1400;5371;1808;2735;9620;8829"
"HALLMARK_APICAL_SURFACE",0.222741182154936,0.327560561992554,0.0360192234752379,0.340183389115904,1.17440678227471,40,"7070;5329;3315;131566;357;5205;266727;8406;672"
"HALLMARK_MITOTIC_SPINDLE",0.232822875728418,0.332604108183455,0.0316817477874826,0.24676512411832,1.11510924653114,198,"54443;9787;5116;51203;22974;64411;1063;11135;332;64857;55835;699;9411;26271;121512;51199;7074;57580;357;55755;89941;116840;22994;3835;5829;8470;6790;3832;6904;7272;9493;6624;4001;55201;4650;9055;85378;80119;85464;3619;3831;9735;10128;4296;10801;11190;4983;7840;23580;55722;29901;9181;1062;56992;11064;24137;9771;6780;50628;9700;55125"
"HALLMARK_REACTIVE_OXYGEN_SPECIES_PATHWAY",0.241671217913708,0.335654469324595,0.0463144910700218,-0.290002506299112,-1.13229883986722,49,"7001;4720;5052;4700;2730;140809;3726;4046;2879;55829;2729;51022;4353;6647"
"HALLMARK_ESTROGEN_RESPONSE_EARLY",0.254411161263849,0.343798866572769,0.0301859231121408,0.245086697430973,1.10070631723415,189,"8614;771;3875;79875;3856;55806;11098;79083;3280;7074;3705;81875;9060;54898;6509;4277;23052;22836;960;8140;9612;6542;6196;55191;9620;10105;60436;5420;23541;10395;7739;27295;25987;595;2683;6505;124583;10202;55540;7071;23596;115;84187"
"HALLMARK_UV_RESPONSE_DN",0.298589562764457,0.392881003637443,0.0278437578519039,0.249727549147183,1.08249974289799,144,"5054;1301;3778;11343;493;302;10486;6541;3488;273;23266;4325;5578;4088;7035;5293;3815;5797;5468;11099;8829;3949;10395;3915;23576;773;136;861;7410"
"HALLMARK_ANGIOGENESIS",0.354459493994378,0.443074367492972,0.0359588809343105,-0.306350092771128,-1.06773430531474,30,"6275;6696;5747"
"HALLMARK_APICAL_JUNCTION",0.351973684210526,0.443074367492972,0.0245465532516347,0.233760967951167,1.04814169595508,187,"4192;7070;10174;4267;1956;9019;80381;83700;5010;1002;140885;1004;7216;268;9672;357;5880;5089;8910;5818;3675;91624;2770;257194;8745;3914;8754;6624;29126;5310;5819;347902;51148;6464;1825;7410;24146;2683"
"HALLMARK_IL2_STAT5_SIGNALING",0.365495470765852,0.445726183860795,0.023950121664712,0.233743234212959,1.04233516211604,178,"10410;894;8728;214;196;6050;1291;4907;3976;2151;57157;7074;6515;22822;4616;5359;27242;960;990;64116;6510;8829;3459;3566;10124;2012;64375;5325;81848;10970;10924;177;3682;1690;598;58528"
"HALLMARK_MYOGENESIS",0.375689084895259,0.447248910589594,0.0235698644131605,0.233535543249408,1.03881617148509,175,"8614;1012;1284;1293;2273;4638;1026;1292;7138;3486;3801;10174;375790;7040;8912;4616;1306"
"HALLMARK_GLYCOLYSIS",0.398851046368486,0.463780286474984,0.0224893593188001,0.228580629612419,1.02657608776426,189,"8614;5478;3486;1956;5214;4907;375790;5836;2990;9672;9123;55635;8912;10776;2239;960;4678;6790;126792;205;8702;54982;7039;1289;10570;7295;30001;136;58528;1058;2683;4731;50808;4166;6781;3425;6391;3597"
"HALLMARK_COMPLEMENT",0.412235979606701,0.468449976825796,0.0403899870805855,-0.2068173310707,-1.01253456476811,175,"4322;718;716;5321;7511;1356;4199;5290;3717;978;6714;80124;715;23414;6810;10938;3659;4035;4323;4048;2783;6935;9958;1051;51056;2534;5550;5580;308;2773;2771;10404;3958;2153;3796"
"HALLMARK_PI3K_AKT_MTOR_SIGNALING",0.446927374301676,0.496585971446307,0.0351819644644481,-0.221979126547956,-0.999188830942842,101,"5499;10451;5728;1213;466;5519;7184;8878;5571;10096;1072;3265;1460;27071;4690;200576;29110;31;3561;23236;1649;7334;6197;396;81617;7323;5602;5608;6503;375"
"HALLMARK_COAGULATION",0.548143486469478,0.595808137466823,0.0314170691794325,-0.209217872899538,-0.956896131682593,111,"718;716;928;22933;4319;715;2934;4313;4318;10411;4035;4323;4048;2783;4320;301;2534;5550;3249;10404;4314;5627"
"HALLMARK_TGF_BETA_SIGNALING",0.561913696060037,0.597780527723444,0.0192633678166889,0.255046849216296,0.936260673098769,53,"5054;23645;3460;7040;4088;7046;7057;9612;64750;8412;6574;3397;7071"
"HALLMARK_WNT_BETA_CATENIN_SIGNALING",0.67521819624438,0.703352287754562,0.024643400592836,-0.233763429402895,-0.880011251767208,41,"3516;1499;10014;2648;8454;8321;7475;6868;85407"
"HALLMARK_UNFOLDED_PROTEIN_RESPONSE",0.789412279422488,0.80552273410458,0.0132823962005673,0.201603472219118,0.842874631346265,113,"8614;4869;55033;8815;6509;11260;8140;10775;1736;60559;55738;9652;1163;6464;30001;58477;9221;1054;10797;4801;5073;10528;8570;50628;22926;9797;1973;23478"
"HALLMARK_PANCREAS_BETA_CELLS",0.932829692888816,0.932829692888816,0.0125834799660352,0.202723507265754,0.656668657962774,30,"6727;6726"
